[10:33:24] [main/INFO] (FabricLoader/GameProvider) Loading Minecraft 26.2 with Fabric Loader 0.19.3
[10:33:24] [main/INFO] (FabricLoader/Mappings) Mappings not present!
[10:33:24] [main/INFO] (FabricLoader) Loading 52 mods:
	- fabric-api 0.152.1+26.2
	- fabric-api-base 2.0.4+ece063239c
	- fabric-api-lookup-api-v1 2.0.17+11e1c9a39c
	- fabric-biome-api-v1 18.0.6+c7bd5b8e9c
	- fabric-block-api-v1 3.0.3+ec56b6019c
	- fabric-block-getter-api-v2 2.0.7+ec56b6019c
	- fabric-client-gametest-api-v1 5.1.0+db5795489c
	- fabric-command-api-v2 3.1.0+00cb03469c
	- fabric-content-registries-v0 11.2.2+b7a678a99c
	- fabric-convention-tags-v2 4.6.4+2aae60389c
	- fabric-crash-report-info-v1 1.0.5+086d547a9c
	- fabric-creative-tab-api-v1 5.0.14+d871b99e9c
	- fabric-data-attachment-api-v1 2.2.16+aa0fd6fe9c
	- fabric-data-generation-api-v1 25.4.2+5e56e5409c
	- fabric-debug-api-v1 1.0.2+c792624d9c
	- fabric-dimensions-v1 5.1.9+9cbf5da59c
	- fabric-entity-events-v1 5.0.5+06488ac19c
	- fabric-events-interaction-v0 5.2.6+8f57f7ee9c
	- fabric-game-rule-api-v1 4.0.8+46a6d00c9c
	- fabric-gametest-api-v1 4.0.21+4a7fa0819c
	- fabric-item-api-v1 14.1.6+0ecb053f9c
	- fabric-key-binding-api-v1 1.1.8+9c919dacc9
	- fabric-key-mapping-api-v1 2.0.5+e2bdee789c
	- fabric-lifecycle-events-v1 4.1.3+4575b05f9c
	- fabric-loot-api-v3 3.0.17+06488ac19c
	- fabric-menu-api-v1 2.0.16+086d547a9c
	- fabric-message-api-v1 7.0.7+086d547a9c
	- fabric-model-loading-api-v1 8.0.11+c80601bb9c
	- fabric-networking-api-v1 6.3.3+72073ef09c
	- fabric-object-builder-api-v1 24.0.6+46a6d00c9c
	- fabric-particles-v1 5.0.18+d1756aa99c
	- fabric-permission-api-v1 1.0.2+7c33558a9c
	- fabric-recipe-api-v1 9.0.20+11e1c9a39c
	- fabric-registry-sync-v0 7.1.0+c7bd5b8e9c
	- fabric-renderer-api-v1 14.0.1+eec4cc519c
	- fabric-renderer-indigo 9.0.1+e73ab60d9c
	- fabric-rendering-fluids-v1 6.0.4+06488ac19c
	- fabric-rendering-v1 25.1.6+46a6d00c9c
	- fabric-resource-conditions-api-v1 6.1.0+10e9a28b9c
	- fabric-resource-loader-v0 3.3.20+4fc5413f9c
	- fabric-resource-loader-v1 2.0.13+9edec1269c
	- fabric-screen-api-v1 5.0.3+086d547a9c
	- fabric-serialization-api-v1 2.0.4+11a26f319c
	- fabric-sound-api-v1 2.0.5+11a26f319c
	- fabric-tag-api-v1 2.1.3+794df31d9c
	- fabric-transfer-api-v1 8.0.11+39b5a3929c
	- fabric-transitive-access-wideners-v1 8.1.3+e098252d9c
	- fabricloader 0.19.3
	- grapandgo 1.0.1
	- java 25
	- minecraft 26.2
	- mixinextras 0.5.4
[10:33:25] [main/INFO] (FabricLoader/Mixin) SpongePowered MIXIN Subsystem Version=0.8.7 Source=file:/C:/Users/copy_/.gradle/caches/modules-2/files-2.1/net.fabricmc/sponge-mixin/0.17.3+mixin.0.8.7/41c4a3984a80f4679e759fb9f495587acc5cdac7/sponge-mixin-0.17.3+mixin.0.8.7.jar Service=Knot/Fabric Env=CLIENT
[10:33:25] [main/INFO] (FabricLoader/Mixin) Compatibility level set to JAVA_25
[10:33:26] [main/INFO] (FabricLoader/MixinExtras|Service) Initializing MixinExtras via com.llamalad7.mixinextras.service.MixinExtrasServiceImpl(version=0.5.4).
[10:33:26] [Datafixer Bootstrap #0/INFO] (Minecraft) 295 Datafixer optimizations took 252 milliseconds
[10:33:31] [Render thread/INFO] (Minecraft) Environment: Environment[sessionHost=https://sessionserver.mojang.com, servicesHost=https://api.minecraftservices.com, profilesHost=https://api.mojang.com, name=PROD]
[10:33:31] [Render thread/INFO] (Minecraft) Setting user: Player914
[10:33:31] [Render thread/INFO] (Indigo) [Indigo] Registering Indigo renderer!
[10:33:31] [Render thread/INFO] (Minecraft) Backend library: LWJGL version 3.4.1-snapshot
[10:33:31] [Download-2/ERROR] (Minecraft) Failed to fetch user properties
com.mojang.authlib.exceptions.InvalidCredentialsException: Status: 401
	at knot//com.mojang.authlib.exceptions.MinecraftClientHttpException.toAuthenticationException(MinecraftClientHttpException.java:70)
	at knot//com.mojang.authlib.yggdrasil.YggdrasilUserApiService.fetchProperties(YggdrasilUserApiService.java:173)
	at knot//net.minecraft.client.Minecraft.lambda$new$1(Minecraft.java:438)
	at java.base/java.util.concurrent.CompletableFuture$AsyncSupply.run(CompletableFuture.java:1789)
	at java.base/java.util.concurrent.ThreadPoolExecutor.runWorker(ThreadPoolExecutor.java:1090)
	at java.base/java.util.concurrent.ThreadPoolExecutor$Worker.run(ThreadPoolExecutor.java:614)
	at java.base/java.lang.Thread.run(Thread.java:1474)
Caused by: MinecraftClientHttpException[type=HTTP_ERROR, status=401, response=ErrorResponse[path=/player/attributes, error=null, errorMessage=null, details=null]]
	at knot//com.mojang.authlib.minecraft.client.MinecraftClient.buildHttpException(MinecraftClient.java:170)
	at knot//com.mojang.authlib.minecraft.client.MinecraftClient.readServiceResponse(MinecraftClient.java:147)
	at knot//com.mojang.authlib.minecraft.client.MinecraftClient.getWithEtag(MinecraftClient.java:81)
	at knot//com.mojang.authlib.minecraft.client.MinecraftClient.get(MinecraftClient.java:65)
	at knot//com.mojang.authlib.yggdrasil.YggdrasilUserApiService.fetchProperties(YggdrasilUserApiService.java:123)
	... 5 more
[10:33:31] [Render thread/INFO] (Minecraft) Using graphics backend OpenGL, using drivers: 3.3.0 NVIDIA 610.62
[10:33:31] [Render thread/INFO] (Minecraft) Using graphics device: NVIDIA GeForce RTX 5060 Ti/PCIe/SSE2 (NVIDIA Corporation)
[10:33:31] [Render thread/INFO] (Minecraft) Using graphics device extensions: GL_ARB_multi_draw_indirect, GL_ARB_buffer_storage, GL_ARB_shader_draw_parameters, GL_ARB_base_instance, GL_KHR_debug, GL_ARB_draw_indirect, GL_ARB_clip_control, GL_ARB_vertex_attrib_binding, GL_ARB_direct_state_access, GL_EXT_texture_filter_anisotropic
[10:33:32] [Render thread/INFO] (Minecraft) Reloading ResourceManager: vanilla, fabric-api, fabric-api-base, fabric-api-lookup-api-v1, fabric-biome-api-v1, fabric-block-api-v1, fabric-block-getter-api-v2, fabric-client-gametest-api-v1, fabric-command-api-v2, fabric-content-registries-v0, fabric-convention-tags-v2, fabric-crash-report-info-v1, fabric-creative-tab-api-v1, fabric-data-attachment-api-v1, fabric-data-generation-api-v1, fabric-debug-api-v1, fabric-dimensions-v1, fabric-entity-events-v1, fabric-events-interaction-v0, fabric-game-rule-api-v1, fabric-gametest-api-v1, fabric-item-api-v1, fabric-key-binding-api-v1, fabric-key-mapping-api-v1, fabric-lifecycle-events-v1, fabric-loot-api-v3, fabric-menu-api-v1, fabric-message-api-v1, fabric-model-loading-api-v1, fabric-networking-api-v1, fabric-object-builder-api-v1, fabric-particles-v1, fabric-permission-api-v1, fabric-recipe-api-v1, fabric-registry-sync-v0, fabric-renderer-api-v1, fabric-renderer-indigo, fabric-rendering-fluids-v1, fabric-rendering-v1, fabric-resource-conditions-api-v1, fabric-resource-loader-v0, fabric-resource-loader-v1, fabric-screen-api-v1, fabric-serialization-api-v1, fabric-sound-api-v1, fabric-tag-api-v1, fabric-transfer-api-v1, fabric-transitive-access-wideners-v1, fabricloader
[10:33:32] [Worker-Main-2/INFO] (Minecraft) Found unifont_pua-17.0.01.hex, loading
[10:33:32] [Worker-Main-14/INFO] (Minecraft) Found unifont_all_no_pua-17.0.01.hex, loading
[10:33:32] [Worker-Main-5/INFO] (Minecraft) Found unifont_jp_patch-17.0.01.hex, loading
[10:33:32] [Download-2/INFO] (Minecraft) Could not authorize you against Realms server: java.lang.RuntimeException: Failed to parse into SignedJWT: FabricMC
[10:33:32] [Download-2/ERROR] (Minecraft) Failed to fetch Realms feature flags
com.mojang.realmsclient.exception.RealmsServiceException: Realms authentication error with message 'java.lang.RuntimeException: Failed to parse into SignedJWT: FabricMC'
	at knot//com.mojang.realmsclient.client.RealmsClient.execute(RealmsClient.java:528)
	at knot//com.mojang.realmsclient.client.RealmsClient.fetchFeatureFlags(RealmsClient.java:187)
	at java.base/java.util.concurrent.CompletableFuture$AsyncSupply.run(CompletableFuture.java:1789)
	at java.base/java.util.concurrent.ThreadPoolExecutor.runWorker(ThreadPoolExecutor.java:1090)
	at java.base/java.util.concurrent.ThreadPoolExecutor$Worker.run(ThreadPoolExecutor.java:614)
	at java.base/java.lang.Thread.run(Thread.java:1474)
[10:33:33] [Render thread/INFO] (Minecraft) OpenAL initialized on device OpenAL Soft on SteelSeries Sonar - Gaming (SteelSeries Sonar Virtual Audio Device)
[10:33:33] [Render thread/INFO] (Minecraft) Sound engine started
[10:33:33] [Render thread/INFO] (Minecraft) Created: 512x256x0 minecraft:textures/atlas/particles.png-atlas
[10:33:33] [Render thread/INFO] (Minecraft) Created: 128x128x0 minecraft:textures/atlas/decorated_pot.png-atlas
[10:33:33] [Render thread/INFO] (Minecraft) Created: 2048x1024x0 minecraft:textures/atlas/armor_trims.png-atlas
[10:33:33] [Render thread/INFO] (Minecraft) Created: 512x256x0 minecraft:textures/atlas/paintings.png-atlas
[10:33:33] [Render thread/INFO] (Minecraft) Created: 1024x512x0 minecraft:textures/atlas/shield_patterns.png-atlas
[10:33:33] [Render thread/INFO] (Minecraft) Created: 2048x2048x4 minecraft:textures/atlas/blocks.png-atlas
[10:33:33] [Render thread/INFO] (Minecraft) Created: 512x512x0 minecraft:textures/atlas/chest.png-atlas
[10:33:33] [Render thread/INFO] (Minecraft) Created: 256x128x0 minecraft:textures/atlas/celestials.png-atlas
[10:33:33] [Render thread/INFO] (Minecraft) Created: 1024x512x0 minecraft:textures/atlas/banner_patterns.png-atlas
[10:33:33] [Render thread/INFO] (Minecraft) Created: 1024x512x0 minecraft:textures/atlas/items.png-atlas
[10:33:33] [Render thread/INFO] (Minecraft) Created: 1024x1024x0 minecraft:textures/atlas/gui.png-atlas
[10:33:33] [Render thread/INFO] (Minecraft) Created: 128x64x0 minecraft:textures/atlas/map_decorations.png-atlas
[10:33:33] [Render thread/INFO] (Minecraft) Created: 512x512x0 minecraft:textures/atlas/shulker_boxes.png-atlas
[10:33:34] [Download-2/INFO] (Minecraft) Could not authorize you against Realms server: java.lang.RuntimeException: Failed to parse into SignedJWT: FabricMC
[10:33:34] [Download-2/ERROR] (Minecraft) Couldn't connect to realms
com.mojang.realmsclient.exception.RealmsServiceException: Realms authentication error with message 'java.lang.RuntimeException: Failed to parse into SignedJWT: FabricMC'
	at knot//com.mojang.realmsclient.client.RealmsClient.execute(RealmsClient.java:528)
	at knot//com.mojang.realmsclient.client.RealmsClient.clientCompatible(RealmsClient.java:308)
	at knot//com.mojang.realmsclient.RealmsAvailability.lambda$check$0(RealmsAvailability.java:48)
	at java.base/java.util.concurrent.CompletableFuture$AsyncSupply.run(CompletableFuture.java:1789)
	at java.base/java.util.concurrent.ThreadPoolExecutor.runWorker(ThreadPoolExecutor.java:1090)
	at java.base/java.util.concurrent.ThreadPoolExecutor$Worker.run(ThreadPoolExecutor.java:614)
	at java.base/java.lang.Thread.run(Thread.java:1474)
[10:33:40] [Render thread/INFO] (Minecraft) Loaded 1585 recipes
[10:33:40] [Render thread/INFO] (Minecraft) Loaded 1688 advancements
[10:33:40] [Render thread/INFO] (BiomeModificationImpl) Applied 0 biome modifications to 0 of 66 new biomes in 1.162 ms
[10:33:40] [Server thread/INFO] (Minecraft) Starting integrated minecraft server version 26.2
[10:33:40] [Server thread/INFO] (Minecraft) Generating keypair
[10:33:41] [Server thread/INFO] (Minecraft) Loading 0 persistent chunks...
[10:33:41] [Server thread/INFO] (Minecraft) Saving chunks for level 'ServerLevel[New World]'/minecraft:overworld
[10:33:41] [Server thread/INFO] (Minecraft) Saving chunks for level 'ServerLevel[New World]'/minecraft:the_end
[10:33:41] [Server thread/INFO] (Minecraft) Saving chunks for level 'ServerLevel[New World]'/minecraft:the_nether
[10:33:41] [Server thread/INFO] (Minecraft) ThreadedAnvilChunkStorage (world): All chunks are saved
[10:33:41] [Server thread/INFO] (Minecraft) ThreadedAnvilChunkStorage (DIM1): All chunks are saved
[10:33:41] [Server thread/INFO] (Minecraft) ThreadedAnvilChunkStorage (DIM-1): All chunks are saved
[10:33:41] [Server thread/INFO] (Minecraft) ThreadedAnvilChunkStorage: All dimensions are saved
[10:33:41] [Server thread/INFO] (Minecraft) Loading 49 chunks for player spawn...
[10:33:41] [Server thread/INFO] (Minecraft) Preparing spawn area: 16%
[10:33:42] [Server thread/INFO] (Minecraft) Preparing spawn area: 16%
[10:33:42] [Server thread/INFO] (Minecraft) Time elapsed: 953 ms
[10:33:42] [Server thread/INFO] (Minecraft) Player914[local:E:82d1ede2] logged in with entity id 89 at (88.31938387539167, 80.0, -504.03423293200126)
[10:33:42] [Server thread/INFO] (Minecraft) Player914 joined the game
[10:33:42] [Server thread/WARN] (Minecraft) [net.minecraft.server.network.config.PrepareSpawnTask] Serialization errors:
ServerPlayer['Player914'/89, l='ServerLevel[New World]', x=88.32, y=80.00, z=-504.03]: Expected field 'GrabAndGo_CarriedData' to contain value of type STRING, but got COMPOUND
[10:33:42] [Server thread/INFO] (Minecraft) Changing view distance to 16, from 10
[10:33:42] [Server thread/INFO] (Minecraft) Changing simulation distance to 12, from 0
[10:33:42] [Render thread/INFO] (Minecraft) Resizing Dynamic Transforms UBO, capacity limit of 2 reached during a single frame. New capacity will be 4.
[10:33:42] [Render thread/INFO] (Minecraft) Loaded 3 advancements
[10:33:42] [Render thread/INFO] (Minecraft) Resizing Dynamic Transforms UBO, capacity limit of 4 reached during a single frame. New capacity will be 8.
[10:33:42] [Render thread/INFO] (Minecraft) Resizing Dynamic Transforms UBO, capacity limit of 8 reached during a single frame. New capacity will be 16.
[10:33:42] [Download-2/ERROR] (Minecraft) Failed to retrieve profile key pair
MinecraftClientHttpException[type=HTTP_ERROR, status=401, response=ErrorResponse[path=/player/certificates, error=null, errorMessage=null, details=null]]
	at knot//com.mojang.authlib.minecraft.client.MinecraftClient.buildHttpException(MinecraftClient.java:170)
	at knot//com.mojang.authlib.minecraft.client.MinecraftClient.readServiceResponse(MinecraftClient.java:147)
	at knot//com.mojang.authlib.minecraft.client.MinecraftClient.post(MinecraftClient.java:89)
	at knot//com.mojang.authlib.yggdrasil.YggdrasilUserApiService.getKeyPair(YggdrasilUserApiService.java:62)
	at knot//net.minecraft.client.multiplayer.AccountProfileKeyPairManager.fetchProfileKeyPair(AccountProfileKeyPairManager.java:128)
	at knot//net.minecraft.client.multiplayer.AccountProfileKeyPairManager.lambda$readOrFetchProfileKeyPair$0(AccountProfileKeyPairManager.java:77)
	at java.base/java.util.concurrent.CompletableFuture$AsyncSupply.run(CompletableFuture.java:1789)
	at java.base/java.util.concurrent.ThreadPoolExecutor.runWorker(ThreadPoolExecutor.java:1090)
	at java.base/java.util.concurrent.ThreadPoolExecutor$Worker.run(ThreadPoolExecutor.java:614)
	at java.base/java.lang.Thread.run(Thread.java:1474)
[10:33:42] [Render thread/INFO] (Minecraft) Resizing Chunk Sections UBO, capacity limit of 2 reached during a single frame. New capacity will be 16.
[10:33:42] [Render thread/INFO] (Minecraft) Resizing Chunk Sections UBO, capacity limit of 16 reached during a single frame. New capacity will be 32.
[10:33:42] [Render thread/INFO] (Minecraft) Resizing Chunk Sections UBO, capacity limit of 32 reached during a single frame. New capacity will be 64.
[10:33:43] [Render thread/INFO] (Minecraft) Resizing Chunk Sections UBO, capacity limit of 64 reached during a single frame. New capacity will be 128.
[10:33:43] [Render thread/INFO] (Minecraft) Resizing Chunk Sections UBO, capacity limit of 128 reached during a single frame. New capacity will be 256.
[10:33:44] [Render thread/INFO] (Minecraft) Resizing Chunk Sections UBO, capacity limit of 256 reached during a single frame. New capacity will be 512.
[10:33:45] [Render thread/INFO] (Minecraft) Resizing Chunk Sections UBO, capacity limit of 512 reached during a single frame. New capacity will be 1024.
[10:33:50] [Server thread/INFO] (Minecraft) [Player914: Summoned new Cow]
[10:33:50] [Render thread/INFO] (Minecraft) [System] [CHAT] Summoned new Cow
[10:33:51] [Render thread/INFO] (Minecraft) Resizing Dynamic Transforms UBO, capacity limit of 16 reached during a single frame. New capacity will be 32.
[10:33:54] [Render thread/ERROR] (GrabAndGoRenderer) Failed to render carried entity
net.minecraft.ReportedException: Extracting render state for an entity in world
	at knot//net.minecraft.client.renderer.entity.EntityRenderDispatcher.extractEntity(EntityRenderDispatcher.java:139)
	at knot//org.chermew.grabandgo.client.render.CarriedObjectFeatureRenderer.renderEntity(CarriedObjectFeatureRenderer.java:272)
	at knot//org.chermew.grabandgo.client.render.CarriedObjectFeatureRenderer.submit(CarriedObjectFeatureRenderer.java:97)
	at knot//org.chermew.grabandgo.client.render.CarriedObjectFeatureRenderer.submit(CarriedObjectFeatureRenderer.java:47)
	at knot//net.minecraft.client.renderer.entity.LivingEntityRenderer.submit(LivingEntityRenderer.java:113)
	at knot//net.minecraft.client.renderer.entity.LivingEntityRenderer.submit(LivingEntityRenderer.java:40)
	at knot//net.minecraft.client.renderer.entity.EntityRenderDispatcher.submit(EntityRenderDispatcher.java:154)
	at knot//net.minecraft.client.renderer.LevelRenderer.submitEntities(LevelRenderer.java:641)
	at knot//net.minecraft.client.renderer.LevelRenderer.submitFeatures(LevelRenderer.java:289)
	at knot//net.minecraft.client.renderer.LevelRenderer.render(LevelRenderer.java:180)
	at knot//net.minecraft.client.renderer.GameRenderer.renderLevel(GameRenderer.java:588)
	at knot//net.minecraft.client.renderer.GameRenderer.render(GameRenderer.java:428)
	at knot//net.minecraft.client.Minecraft.renderFrame(Minecraft.java:1374)
	at knot//net.minecraft.client.Minecraft.runTick(Minecraft.java:1269)
	at knot//net.minecraft.client.Minecraft.run(Minecraft.java:959)
	at knot//net.minecraft.client.main.Main.main(Main.java:292)
	at net.fabricmc.loader.impl.game.minecraft.MinecraftGameProvider.launch(MinecraftGameProvider.java:514)
	at net.fabricmc.loader.impl.launch.knot.Knot.launch(Knot.java:72)
	at net.fabricmc.loader.impl.launch.knot.KnotClient.main(KnotClient.java:23)
	at net.fabricmc.devlaunchinjector.Main.main(Main.java:86)
Caused by: java.lang.IllegalStateException: Tried to access entity ID before ID assignment
	at knot//net.minecraft.world.entity.Entity.getId(Entity.java:438)
	at knot//net.minecraft.client.renderer.item.ItemModelResolver.updateForLiving(ItemModelResolver.java:32)
	at knot//net.minecraft.client.renderer.entity.LivingEntityRenderer.extractRenderState(LivingEntityRenderer.java:309)
	at knot//net.minecraft.client.renderer.entity.CowRenderer.extractRenderState(CowRenderer.java:46)
	at knot//net.minecraft.client.renderer.entity.CowRenderer.extractRenderState(CowRenderer.java:18)
	at knot//net.minecraft.client.renderer.entity.EntityRenderer.createRenderState(EntityRenderer.java:157)
	at knot//net.minecraft.client.renderer.entity.EntityRenderDispatcher.extractEntity(EntityRenderDispatcher.java:130)
	... 19 more
[10:33:54] [Render thread/ERROR] (GrabAndGoRenderer) Failed to render carried entity
net.minecraft.ReportedException: Extracting render state for an entity in world
	at knot//net.minecraft.client.renderer.entity.EntityRenderDispatcher.extractEntity(EntityRenderDispatcher.java:139)
	at knot//org.chermew.grabandgo.client.render.CarriedObjectFeatureRenderer.renderEntity(CarriedObjectFeatureRenderer.java:272)
	at knot//org.chermew.grabandgo.client.render.CarriedObjectFeatureRenderer.submit(CarriedObjectFeatureRenderer.java:97)
	at knot//org.chermew.grabandgo.client.render.CarriedObjectFeatureRenderer.submit(CarriedObjectFeatureRenderer.java:47)
	at knot//net.minecraft.client.renderer.entity.LivingEntityRenderer.submit(LivingEntityRenderer.java:113)
	at knot//net.minecraft.client.renderer.entity.LivingEntityRenderer.submit(LivingEntityRenderer.java:40)
	at knot//net.minecraft.client.renderer.entity.EntityRenderDispatcher.submit(EntityRenderDispatcher.java:154)
	at knot//net.minecraft.client.renderer.LevelRenderer.submitEntities(LevelRenderer.java:641)
	at knot//net.minecraft.client.renderer.LevelRenderer.submitFeatures(LevelRenderer.java:289)
	at knot//net.minecraft.client.renderer.LevelRenderer.render(LevelRenderer.java:180)
	at knot//net.minecraft.client.renderer.GameRenderer.renderLevel(GameRenderer.java:588)
	at knot//net.minecraft.client.renderer.GameRenderer.render(GameRenderer.java:428)
	at knot//net.minecraft.client.Minecraft.renderFrame(Minecraft.java:1374)
	at knot//net.minecraft.client.Minecraft.runTick(Minecraft.java:1269)
	at knot//net.minecraft.client.Minecraft.run(Minecraft.java:959)
	at knot//net.minecraft.client.main.Main.main(Main.java:292)
	at net.fabricmc.loader.impl.game.minecraft.MinecraftGameProvider.launch(MinecraftGameProvider.java:514)
	at net.fabricmc.loader.impl.launch.knot.Knot.launch(Knot.java:72)
	at net.fabricmc.loader.impl.launch.knot.KnotClient.main(KnotClient.java:23)
	at net.fabricmc.devlaunchinjector.Main.main(Main.java:86)
Caused by: java.lang.IllegalStateException: Tried to access entity ID before ID assignment
	at knot//net.minecraft.world.entity.Entity.getId(Entity.java:438)
	at knot//net.minecraft.client.renderer.item.ItemModelResolver.updateForLiving(ItemModelResolver.java:32)
	at knot//net.minecraft.client.renderer.entity.LivingEntityRenderer.extractRenderState(LivingEntityRenderer.java:309)
	at knot//net.minecraft.client.renderer.entity.CowRenderer.extractRenderState(CowRenderer.java:46)
	at knot//net.minecraft.client.renderer.entity.CowRenderer.extractRenderState(CowRenderer.java:18)
	at knot//net.minecraft.client.renderer.entity.EntityRenderer.createRenderState(EntityRenderer.java:157)
	at knot//net.minecraft.client.renderer.entity.EntityRenderDispatcher.extractEntity(EntityRenderDispatcher.java:130)
	... 19 more
[10:33:54] [Render thread/ERROR] (GrabAndGoRenderer) Failed to render carried entity
net.minecraft.ReportedException: Extracting render state for an entity in world
	at knot//net.minecraft.client.renderer.entity.EntityRenderDispatcher.extractEntity(EntityRenderDispatcher.java:139)
	at knot//org.chermew.grabandgo.client.render.CarriedObjectFeatureRenderer.renderEntity(CarriedObjectFeatureRenderer.java:272)
	at knot//org.chermew.grabandgo.client.render.CarriedObjectFeatureRenderer.submit(CarriedObjectFeatureRenderer.java:97)
	at knot//org.chermew.grabandgo.client.render.CarriedObjectFeatureRenderer.submit(CarriedObjectFeatureRenderer.java:47)
	at knot//net.minecraft.client.renderer.entity.LivingEntityRenderer.submit(LivingEntityRenderer.java:113)
	at knot//net.minecraft.client.renderer.entity.LivingEntityRenderer.submit(LivingEntityRenderer.java:40)
	at knot//net.minecraft.client.renderer.entity.EntityRenderDispatcher.submit(EntityRenderDispatcher.java:154)
	at knot//net.minecraft.client.renderer.LevelRenderer.submitEntities(LevelRenderer.java:641)
	at knot//net.minecraft.client.renderer.LevelRenderer.submitFeatures(LevelRenderer.java:289)
	at knot//net.minecraft.client.renderer.LevelRenderer.render(LevelRenderer.java:180)
	at knot//net.minecraft.client.renderer.GameRenderer.renderLevel(GameRenderer.java:588)
	at knot//net.minecraft.client.renderer.GameRenderer.render(GameRenderer.java:428)
	at knot//net.minecraft.client.Minecraft.renderFrame(Minecraft.java:1374)
	at knot//net.minecraft.client.Minecraft.runTick(Minecraft.java:1269)
	at knot//net.minecraft.client.Minecraft.run(Minecraft.java:959)
	at knot//net.minecraft.client.main.Main.main(Main.java:292)
	at net.fabricmc.loader.impl.game.minecraft.MinecraftGameProvider.launch(MinecraftGameProvider.java:514)
	at net.fabricmc.loader.impl.launch.knot.Knot.launch(Knot.java:72)
	at net.fabricmc.loader.impl.launch.knot.KnotClient.main(KnotClient.java:23)
	at net.fabricmc.devlaunchinjector.Main.main(Main.java:86)
Caused by: java.lang.IllegalStateException: Tried to access entity ID before ID assignment
	at knot//net.minecraft.world.entity.Entity.getId(Entity.java:438)
	at knot//net.minecraft.client.renderer.item.ItemModelResolver.updateForLiving(ItemModelResolver.java:32)
	at knot//net.minecraft.client.renderer.entity.LivingEntityRenderer.extractRenderState(LivingEntityRenderer.java:309)
	at knot//net.minecraft.client.renderer.entity.CowRenderer.extractRenderState(CowRenderer.java:46)
	at knot//net.minecraft.client.renderer.entity.CowRenderer.extractRenderState(CowRenderer.java:18)
	at knot//net.minecraft.client.renderer.entity.EntityRenderer.createRenderState(EntityRenderer.java:157)
	at knot//net.minecraft.client.renderer.entity.EntityRenderDispatcher.extractEntity(EntityRenderDispatcher.java:130)
	... 19 more
[10:33:54] [Render thread/ERROR] (GrabAndGoRenderer) Failed to render carried entity
net.minecraft.ReportedException: Extracting render state for an entity in world
	at knot//net.minecraft.client.renderer.entity.EntityRenderDispatcher.extractEntity(EntityRenderDispatcher.java:139)
	at knot//org.chermew.grabandgo.client.render.CarriedObjectFeatureRenderer.renderEntity(CarriedObjectFeatureRenderer.java:272)
	at knot//org.chermew.grabandgo.client.render.CarriedObjectFeatureRenderer.submit(CarriedObjectFeatureRenderer.java:97)
	at knot//org.chermew.grabandgo.client.render.CarriedObjectFeatureRenderer.submit(CarriedObjectFeatureRenderer.java:47)
	at knot//net.minecraft.client.renderer.entity.LivingEntityRenderer.submit(LivingEntityRenderer.java:113)
	at knot//net.minecraft.client.renderer.entity.LivingEntityRenderer.submit(LivingEntityRenderer.java:40)
	at knot//net.minecraft.client.renderer.entity.EntityRenderDispatcher.submit(EntityRenderDispatcher.java:154)
	at knot//net.minecraft.client.renderer.LevelRenderer.submitEntities(LevelRenderer.java:641)
	at knot//net.minecraft.client.renderer.LevelRenderer.submitFeatures(LevelRenderer.java:289)
	at knot//net.minecraft.client.renderer.LevelRenderer.render(LevelRenderer.java:180)
	at knot//net.minecraft.client.renderer.GameRenderer.renderLevel(GameRenderer.java:588)
	at knot//net.minecraft.client.renderer.GameRenderer.render(GameRenderer.java:428)
	at knot//net.minecraft.client.Minecraft.renderFrame(Minecraft.java:1374)
	at knot//net.minecraft.client.Minecraft.runTick(Minecraft.java:1269)
	at knot//net.minecraft.client.Minecraft.run(Minecraft.java:959)
	at knot//net.minecraft.client.main.Main.main(Main.java:292)
	at net.fabricmc.loader.impl.game.minecraft.MinecraftGameProvider.launch(MinecraftGameProvider.java:514)
	at net.fabricmc.loader.impl.launch.knot.Knot.launch(Knot.java:72)
	at net.fabricmc.loader.impl.launch.knot.KnotClient.main(KnotClient.java:23)
	at net.fabricmc.devlaunchinjector.Main.main(Main.java:86)
Caused by: java.lang.IllegalStateException: Tried to access entity ID before ID assignment
	at knot//net.minecraft.world.entity.Entity.getId(Entity.java:438)
	at knot//net.minecraft.client.renderer.item.ItemModelResolver.updateForLiving(ItemModelResolver.java:32)
	at knot//net.minecraft.client.renderer.entity.LivingEntityRenderer.extractRenderState(LivingEntityRenderer.java:309)
	at knot//net.minecraft.client.renderer.entity.CowRenderer.extractRenderState(CowRenderer.java:46)
	at knot//net.minecraft.client.renderer.entity.CowRenderer.extractRenderState(CowRenderer.java:18)
	at knot//net.minecraft.client.renderer.entity.EntityRenderer.createRenderState(EntityRenderer.java:157)
	at knot//net.minecraft.client.renderer.entity.EntityRenderDispatcher.extractEntity(EntityRenderDispatcher.java:130)
	... 19 more
[10:33:54] [Render thread/ERROR] (GrabAndGoRenderer) Failed to render carried entity
net.minecraft.ReportedException: Extracting render state for an entity in world
	at knot//net.minecraft.client.renderer.entity.EntityRenderDispatcher.extractEntity(EntityRenderDispatcher.java:139)
	at knot//org.chermew.grabandgo.client.render.CarriedObjectFeatureRenderer.renderEntity(CarriedObjectFeatureRenderer.java:272)
	at knot//org.chermew.grabandgo.client.render.CarriedObjectFeatureRenderer.submit(CarriedObjectFeatureRenderer.java:97)
	at knot//org.chermew.grabandgo.client.render.CarriedObjectFeatureRenderer.submit(CarriedObjectFeatureRenderer.java:47)
	at knot//net.minecraft.client.renderer.entity.LivingEntityRenderer.submit(LivingEntityRenderer.java:113)
	at knot//net.minecraft.client.renderer.entity.LivingEntityRenderer.submit(LivingEntityRenderer.java:40)
	at knot//net.minecraft.client.renderer.entity.EntityRenderDispatcher.submit(EntityRenderDispatcher.java:154)
	at knot//net.minecraft.client.renderer.LevelRenderer.submitEntities(LevelRenderer.java:641)
	at knot//net.minecraft.client.renderer.LevelRenderer.submitFeatures(LevelRenderer.java:289)
	at knot//net.minecraft.client.renderer.LevelRenderer.render(LevelRenderer.java:180)
	at knot//net.minecraft.client.renderer.GameRenderer.renderLevel(GameRenderer.java:588)
	at knot//net.minecraft.client.renderer.GameRenderer.render(GameRenderer.java:428)
	at knot//net.minecraft.client.Minecraft.renderFrame(Minecraft.java:1374)
	at knot//net.minecraft.client.Minecraft.runTick(Minecraft.java:1269)
	at knot//net.minecraft.client.Minecraft.run(Minecraft.java:959)
	at knot//net.minecraft.client.main.Main.main(Main.java:292)
	at net.fabricmc.loader.impl.game.minecraft.MinecraftGameProvider.launch(MinecraftGameProvider.java:514)
	at net.fabricmc.loader.impl.launch.knot.Knot.launch(Knot.java:72)
	at net.fabricmc.loader.impl.launch.knot.KnotClient.main(KnotClient.java:23)
	at net.fabricmc.devlaunchinjector.Main.main(Main.java:86)
Caused by: java.lang.IllegalStateException: Tried to access entity ID before ID assignment
	at knot//net.minecraft.world.entity.Entity.getId(Entity.java:438)
	at knot//net.minecraft.client.renderer.item.ItemModelResolver.updateForLiving(ItemModelResolver.java:32)
	at knot//net.minecraft.client.renderer.entity.LivingEntityRenderer.extractRenderState(LivingEntityRenderer.java:309)
	at knot//net.minecraft.client.renderer.entity.CowRenderer.extractRenderState(CowRenderer.java:46)
	at knot//net.minecraft.client.renderer.entity.CowRenderer.extractRenderState(CowRenderer.java:18)
	at knot//net.minecraft.client.renderer.entity.EntityRenderer.createRenderState(EntityRenderer.java:157)
	at knot//net.minecraft.client.renderer.entity.EntityRenderDispatcher.extractEntity(EntityRenderDispatcher.java:130)
	... 19 more
[10:33:54] [Render thread/ERROR] (GrabAndGoRenderer) Failed to render carried entity
net.minecraft.ReportedException: Extracting render state for an entity in world
	at knot//net.minecraft.client.renderer.entity.EntityRenderDispatcher.extractEntity(EntityRenderDispatcher.java:139)
	at knot//org.chermew.grabandgo.client.render.CarriedObjectFeatureRenderer.renderEntity(CarriedObjectFeatureRenderer.java:272)
	at knot//org.chermew.grabandgo.client.render.CarriedObjectFeatureRenderer.submit(CarriedObjectFeatureRenderer.java:97)
	at knot//org.chermew.grabandgo.client.render.CarriedObjectFeatureRenderer.submit(CarriedObjectFeatureRenderer.java:47)
	at knot//net.minecraft.client.renderer.entity.LivingEntityRenderer.submit(LivingEntityRenderer.java:113)
	at knot//net.minecraft.client.renderer.entity.LivingEntityRenderer.submit(LivingEntityRenderer.java:40)
	at knot//net.minecraft.client.renderer.entity.EntityRenderDispatcher.submit(EntityRenderDispatcher.java:154)
	at knot//net.minecraft.client.renderer.LevelRenderer.submitEntities(LevelRenderer.java:641)
	at knot//net.minecraft.client.renderer.LevelRenderer.submitFeatures(LevelRenderer.java:289)
	at knot//net.minecraft.client.renderer.LevelRenderer.render(LevelRenderer.java:180)
	at knot//net.minecraft.client.renderer.GameRenderer.renderLevel(GameRenderer.java:588)
	at knot//net.minecraft.client.renderer.GameRenderer.render(GameRenderer.java:428)
	at knot//net.minecraft.client.Minecraft.renderFrame(Minecraft.java:1374)
	at knot//net.minecraft.client.Minecraft.runTick(Minecraft.java:1269)
	at knot//net.minecraft.client.Minecraft.run(Minecraft.java:959)
	at knot//net.minecraft.client.main.Main.main(Main.java:292)
	at net.fabricmc.loader.impl.game.minecraft.MinecraftGameProvider.launch(MinecraftGameProvider.java:514)
	at net.fabricmc.loader.impl.launch.knot.Knot.launch(Knot.java:72)
	at net.fabricmc.loader.impl.launch.knot.KnotClient.main(KnotClient.java:23)
	at net.fabricmc.devlaunchinjector.Main.main(Main.java:86)
Caused by: java.lang.IllegalStateException: Tried to access entity ID before ID assignment
	at knot//net.minecraft.world.entity.Entity.getId(Entity.java:438)
	at knot//net.minecraft.client.renderer.item.ItemModelResolver.updateForLiving(ItemModelResolver.java:32)
	at knot//net.minecraft.client.renderer.entity.LivingEntityRenderer.extractRenderState(LivingEntityRenderer.java:309)
	at knot//net.minecraft.client.renderer.entity.CowRenderer.extractRenderState(CowRenderer.java:46)
	at knot//net.minecraft.client.renderer.entity.CowRenderer.extractRenderState(CowRenderer.java:18)
	at knot//net.minecraft.client.renderer.entity.EntityRenderer.createRenderState(EntityRenderer.java:157)
	at knot//net.minecraft.client.renderer.entity.EntityRenderDispatcher.extractEntity(EntityRenderDispatcher.java:130)
	... 19 more
[10:33:54] [Render thread/ERROR] (GrabAndGoRenderer) Failed to render carried entity
net.minecraft.ReportedException: Extracting render state for an entity in world
	at knot//net.minecraft.client.renderer.entity.EntityRenderDispatcher.extractEntity(EntityRenderDispatcher.java:139)
	at knot//org.chermew.grabandgo.client.render.CarriedObjectFeatureRenderer.renderEntity(CarriedObjectFeatureRenderer.java:272)
	at knot//org.chermew.grabandgo.client.render.CarriedObjectFeatureRenderer.submit(CarriedObjectFeatureRenderer.java:97)
	at knot//org.chermew.grabandgo.client.render.CarriedObjectFeatureRenderer.submit(CarriedObjectFeatureRenderer.java:47)
	at knot//net.minecraft.client.renderer.entity.LivingEntityRenderer.submit(LivingEntityRenderer.java:113)
	at knot//net.minecraft.client.renderer.entity.LivingEntityRenderer.submit(LivingEntityRenderer.java:40)
	at knot//net.minecraft.client.renderer.entity.EntityRenderDispatcher.submit(EntityRenderDispatcher.java:154)
	at knot//net.minecraft.client.renderer.LevelRenderer.submitEntities(LevelRenderer.java:641)
	at knot//net.minecraft.client.renderer.LevelRenderer.submitFeatures(LevelRenderer.java:289)
	at knot//net.minecraft.client.renderer.LevelRenderer.render(LevelRenderer.java:180)
	at knot//net.minecraft.client.renderer.GameRenderer.renderLevel(GameRenderer.java:588)
	at knot//net.minecraft.client.renderer.GameRenderer.render(GameRenderer.java:428)
	at knot//net.minecraft.client.Minecraft.renderFrame(Minecraft.java:1374)
	at knot//net.minecraft.client.Minecraft.runTick(Minecraft.java:1269)
	at knot//net.minecraft.client.Minecraft.run(Minecraft.java:959)
	at knot//net.minecraft.client.main.Main.main(Main.java:292)
	at net.fabricmc.loader.impl.game.minecraft.MinecraftGameProvider.launch(MinecraftGameProvider.java:514)
	at net.fabricmc.loader.impl.launch.knot.Knot.launch(Knot.java:72)
	at net.fabricmc.loader.impl.launch.knot.KnotClient.main(KnotClient.java:23)
	at net.fabricmc.devlaunchinjector.Main.main(Main.java:86)
Caused by: java.lang.IllegalStateException: Tried to access entity ID before ID assignment
	at knot//net.minecraft.world.entity.Entity.getId(Entity.java:438)
	at knot//net.minecraft.client.renderer.item.ItemModelResolver.updateForLiving(ItemModelResolver.java:32)
	at knot//net.minecraft.client.renderer.entity.LivingEntityRenderer.extractRenderState(LivingEntityRenderer.java:309)
	at knot//net.minecraft.client.renderer.entity.CowRenderer.extractRenderState(CowRenderer.java:46)
	at knot//net.minecraft.client.renderer.entity.CowRenderer.extractRenderState(CowRenderer.java:18)
	at knot//net.minecraft.client.renderer.entity.EntityRenderer.createRenderState(EntityRenderer.java:157)
	at knot//net.minecraft.client.renderer.entity.EntityRenderDispatcher.extractEntity(EntityRenderDispatcher.java:130)
	... 19 more
[10:33:54] [Render thread/ERROR] (GrabAndGoRenderer) Failed to render carried entity
net.minecraft.ReportedException: Extracting render state for an entity in world
	at knot//net.minecraft.client.renderer.entity.EntityRenderDispatcher.extractEntity(EntityRenderDispatcher.java:139)
	at knot//org.chermew.grabandgo.client.render.CarriedObjectFeatureRenderer.renderEntity(CarriedObjectFeatureRenderer.java:272)
	at knot//org.chermew.grabandgo.client.render.CarriedObjectFeatureRenderer.submit(CarriedObjectFeatureRenderer.java:97)
	at knot//org.chermew.grabandgo.client.render.CarriedObjectFeatureRenderer.submit(CarriedObjectFeatureRenderer.java:47)
	at knot//net.minecraft.client.renderer.entity.LivingEntityRenderer.submit(LivingEntityRenderer.java:113)
	at knot//net.minecraft.client.renderer.entity.LivingEntityRenderer.submit(LivingEntityRenderer.java:40)
	at knot//net.minecraft.client.renderer.entity.EntityRenderDispatcher.submit(EntityRenderDispatcher.java:154)
	at knot//net.minecraft.client.renderer.LevelRenderer.submitEntities(LevelRenderer.java:641)
	at knot//net.minecraft.client.renderer.LevelRenderer.submitFeatures(LevelRenderer.java:289)
	at knot//net.minecraft.client.renderer.LevelRenderer.render(LevelRenderer.java:180)
	at knot//net.minecraft.client.renderer.GameRenderer.renderLevel(GameRenderer.java:588)
	at knot//net.minecraft.client.renderer.GameRenderer.render(GameRenderer.java:428)
	at knot//net.minecraft.client.Minecraft.renderFrame(Minecraft.java:1374)
	at knot//net.minecraft.client.Minecraft.runTick(Minecraft.java:1269)
	at knot//net.minecraft.client.Minecraft.run(Minecraft.java:959)
	at knot//net.minecraft.client.main.Main.main(Main.java:292)
	at net.fabricmc.loader.impl.game.minecraft.MinecraftGameProvider.launch(MinecraftGameProvider.java:514)
	at net.fabricmc.loader.impl.launch.knot.Knot.launch(Knot.java:72)
	at net.fabricmc.loader.impl.launch.knot.KnotClient.main(KnotClient.java:23)
	at net.fabricmc.devlaunchinjector.Main.main(Main.java:86)
Caused by: java.lang.IllegalStateException: Tried to access entity ID before ID assignment
	at knot//net.minecraft.world.entity.Entity.getId(Entity.java:438)
	at knot//net.minecraft.client.renderer.item.ItemModelResolver.updateForLiving(ItemModelResolver.java:32)
	at knot//net.minecraft.client.renderer.entity.LivingEntityRenderer.extractRenderState(LivingEntityRenderer.java:309)
	at knot//net.minecraft.client.renderer.entity.CowRenderer.extractRenderState(CowRenderer.java:46)
	at knot//net.minecraft.client.renderer.entity.CowRenderer.extractRenderState(CowRenderer.java:18)
	at knot//net.minecraft.client.renderer.entity.EntityRenderer.createRenderState(EntityRenderer.java:157)
	at knot//net.minecraft.client.renderer.entity.EntityRenderDispatcher.extractEntity(EntityRenderDispatcher.java:130)
	... 19 more
[10:33:54] [Render thread/ERROR] (GrabAndGoRenderer) Failed to render carried entity
net.minecraft.ReportedException: Extracting render state for an entity in world
	at knot//net.minecraft.client.renderer.entity.EntityRenderDispatcher.extractEntity(EntityRenderDispatcher.java:139)
	at knot//org.chermew.grabandgo.client.render.CarriedObjectFeatureRenderer.renderEntity(CarriedObjectFeatureRenderer.java:272)
	at knot//org.chermew.grabandgo.client.render.CarriedObjectFeatureRenderer.submit(CarriedObjectFeatureRenderer.java:97)
	at knot//org.chermew.grabandgo.client.render.CarriedObjectFeatureRenderer.submit(CarriedObjectFeatureRenderer.java:47)
	at knot//net.minecraft.client.renderer.entity.LivingEntityRenderer.submit(LivingEntityRenderer.java:113)
	at knot//net.minecraft.client.renderer.entity.LivingEntityRenderer.submit(LivingEntityRenderer.java:40)
	at knot//net.minecraft.client.renderer.entity.EntityRenderDispatcher.submit(EntityRenderDispatcher.java:154)
	at knot//net.minecraft.client.renderer.LevelRenderer.submitEntities(LevelRenderer.java:641)
	at knot//net.minecraft.client.renderer.LevelRenderer.submitFeatures(LevelRenderer.java:289)
	at knot//net.minecraft.client.renderer.LevelRenderer.render(LevelRenderer.java:180)
	at knot//net.minecraft.client.renderer.GameRenderer.renderLevel(GameRenderer.java:588)
	at knot//net.minecraft.client.renderer.GameRenderer.render(GameRenderer.java:428)
	at knot//net.minecraft.client.Minecraft.renderFrame(Minecraft.java:1374)
	at knot//net.minecraft.client.Minecraft.runTick(Minecraft.java:1269)
	at knot//net.minecraft.client.Minecraft.run(Minecraft.java:959)
	at knot//net.minecraft.client.main.Main.main(Main.java:292)
	at net.fabricmc.loader.impl.game.minecraft.MinecraftGameProvider.launch(MinecraftGameProvider.java:514)
	at net.fabricmc.loader.impl.launch.knot.Knot.launch(Knot.java:72)
	at net.fabricmc.loader.impl.launch.knot.KnotClient.main(KnotClient.java:23)
	at net.fabricmc.devlaunchinjector.Main.main(Main.java:86)
Caused by: java.lang.IllegalStateException: Tried to access entity ID before ID assignment
	at knot//net.minecraft.world.entity.Entity.getId(Entity.java:438)
	at knot//net.minecraft.client.renderer.item.ItemModelResolver.updateForLiving(ItemModelResolver.java:32)
	at knot//net.minecraft.client.renderer.entity.LivingEntityRenderer.extractRenderState(LivingEntityRenderer.java:309)
	at knot//net.minecraft.client.renderer.entity.CowRenderer.extractRenderState(CowRenderer.java:46)
	at knot//net.minecraft.client.renderer.entity.CowRenderer.extractRenderState(CowRenderer.java:18)
	at knot//net.minecraft.client.renderer.entity.EntityRenderer.createRenderState(EntityRenderer.java:157)
	at knot//net.minecraft.client.renderer.entity.EntityRenderDispatcher.extractEntity(EntityRenderDispatcher.java:130)
	... 19 more
[10:33:54] [Render thread/ERROR] (GrabAndGoRenderer) Failed to render carried entity
net.minecraft.ReportedException: Extracting render state for an entity in world
	at knot//net.minecraft.client.renderer.entity.EntityRenderDispatcher.extractEntity(EntityRenderDispatcher.java:139)
	at knot//org.chermew.grabandgo.client.render.CarriedObjectFeatureRenderer.renderEntity(CarriedObjectFeatureRenderer.java:272)
	at knot//org.chermew.grabandgo.client.render.CarriedObjectFeatureRenderer.submit(CarriedObjectFeatureRenderer.java:97)
	at knot//org.chermew.grabandgo.client.render.CarriedObjectFeatureRenderer.submit(CarriedObjectFeatureRenderer.java:47)
	at knot//net.minecraft.client.renderer.entity.LivingEntityRenderer.submit(LivingEntityRenderer.java:113)
	at knot//net.minecraft.client.renderer.entity.LivingEntityRenderer.submit(LivingEntityRenderer.java:40)
	at knot//net.minecraft.client.renderer.entity.EntityRenderDispatcher.submit(EntityRenderDispatcher.java:154)
	at knot//net.minecraft.client.renderer.LevelRenderer.submitEntities(LevelRenderer.java:641)
	at knot//net.minecraft.client.renderer.LevelRenderer.submitFeatures(LevelRenderer.java:289)
	at knot//net.minecraft.client.renderer.LevelRenderer.render(LevelRenderer.java:180)
	at knot//net.minecraft.client.renderer.GameRenderer.renderLevel(GameRenderer.java:588)
	at knot//net.minecraft.client.renderer.GameRenderer.render(GameRenderer.java:428)
	at knot//net.minecraft.client.Minecraft.renderFrame(Minecraft.java:1374)
	at knot//net.minecraft.client.Minecraft.runTick(Minecraft.java:1269)
	at knot//net.minecraft.client.Minecraft.run(Minecraft.java:959)
	at knot//net.minecraft.client.main.Main.main(Main.java:292)
	at net.fabricmc.loader.impl.game.minecraft.MinecraftGameProvider.launch(MinecraftGameProvider.java:514)
	at net.fabricmc.loader.impl.launch.knot.Knot.launch(Knot.java:72)
	at net.fabricmc.loader.impl.launch.knot.KnotClient.main(KnotClient.java:23)
	at net.fabricmc.devlaunchinjector.Main.main(Main.java:86)
Caused by: java.lang.IllegalStateException: Tried to access entity ID before ID assignment
	at knot//net.minecraft.world.entity.Entity.getId(Entity.java:438)
	at knot//net.minecraft.client.renderer.item.ItemModelResolver.updateForLiving(ItemModelResolver.java:32)
	at knot//net.minecraft.client.renderer.entity.LivingEntityRenderer.extractRenderState(LivingEntityRenderer.java:309)
	at knot//net.minecraft.client.renderer.entity.CowRenderer.extractRenderState(CowRenderer.java:46)
	at knot//net.minecraft.client.renderer.entity.CowRenderer.extractRenderState(CowRenderer.java:18)
	at knot//net.minecraft.client.renderer.entity.EntityRenderer.createRenderState(EntityRenderer.java:157)
	at knot//net.minecraft.client.renderer.entity.EntityRenderDispatcher.extractEntity(EntityRenderDispatcher.java:130)
	... 19 more
[10:33:54] [Render thread/ERROR] (GrabAndGoRenderer) Failed to render carried entity
net.minecraft.ReportedException: Extracting render state for an entity in world
	at knot//net.minecraft.client.renderer.entity.EntityRenderDispatcher.extractEntity(EntityRenderDispatcher.java:139)
	at knot//org.chermew.grabandgo.client.render.CarriedObjectFeatureRenderer.renderEntity(CarriedObjectFeatureRenderer.java:272)
	at knot//org.chermew.grabandgo.client.render.CarriedObjectFeatureRenderer.submit(CarriedObjectFeatureRenderer.java:97)
	at knot//org.chermew.grabandgo.client.render.CarriedObjectFeatureRenderer.submit(CarriedObjectFeatureRenderer.java:47)
	at knot//net.minecraft.client.renderer.entity.LivingEntityRenderer.submit(LivingEntityRenderer.java:113)
	at knot//net.minecraft.client.renderer.entity.LivingEntityRenderer.submit(LivingEntityRenderer.java:40)
	at knot//net.minecraft.client.renderer.entity.EntityRenderDispatcher.submit(EntityRenderDispatcher.java:154)
	at knot//net.minecraft.client.renderer.LevelRenderer.submitEntities(LevelRenderer.java:641)
	at knot//net.minecraft.client.renderer.LevelRenderer.submitFeatures(LevelRenderer.java:289)
	at knot//net.minecraft.client.renderer.LevelRenderer.render(LevelRenderer.java:180)
	at knot//net.minecraft.client.renderer.GameRenderer.renderLevel(GameRenderer.java:588)
	at knot//net.minecraft.client.renderer.GameRenderer.render(GameRenderer.java:428)
	at knot//net.minecraft.client.Minecraft.renderFrame(Minecraft.java:1374)
	at knot//net.minecraft.client.Minecraft.runTick(Minecraft.java:1269)
	at knot//net.minecraft.client.Minecraft.run(Minecraft.java:959)
	at knot//net.minecraft.client.main.Main.main(Main.java:292)
	at net.fabricmc.loader.impl.game.minecraft.MinecraftGameProvider.launch(MinecraftGameProvider.java:514)
	at net.fabricmc.loader.impl.launch.knot.Knot.launch(Knot.java:72)
	at net.fabricmc.loader.impl.launch.knot.KnotClient.main(KnotClient.java:23)
	at net.fabricmc.devlaunchinjector.Main.main(Main.java:86)
Caused by: java.lang.IllegalStateException: Tried to access entity ID before ID assignment
	at knot//net.minecraft.world.entity.Entity.getId(Entity.java:438)
	at knot//net.minecraft.client.renderer.item.ItemModelResolver.updateForLiving(ItemModelResolver.java:32)
	at knot//net.minecraft.client.renderer.entity.LivingEntityRenderer.extractRenderState(LivingEntityRenderer.java:309)
	at knot//net.minecraft.client.renderer.entity.CowRenderer.extractRenderState(CowRenderer.java:46)
	at knot//net.minecraft.client.renderer.entity.CowRenderer.extractRenderState(CowRenderer.java:18)
	at knot//net.minecraft.client.renderer.entity.EntityRenderer.createRenderState(EntityRenderer.java:157)
	at knot//net.minecraft.client.renderer.entity.EntityRenderDispatcher.extractEntity(EntityRenderDispatcher.java:130)
	... 19 more
[10:33:54] [Render thread/ERROR] (GrabAndGoRenderer) Failed to render carried entity
net.minecraft.ReportedException: Extracting render state for an entity in world
	at knot//net.minecraft.client.renderer.entity.EntityRenderDispatcher.extractEntity(EntityRenderDispatcher.java:139)
	at knot//org.chermew.grabandgo.client.render.CarriedObjectFeatureRenderer.renderEntity(CarriedObjectFeatureRenderer.java:272)
	at knot//org.chermew.grabandgo.client.render.CarriedObjectFeatureRenderer.submit(CarriedObjectFeatureRenderer.java:97)
	at knot//org.chermew.grabandgo.client.render.CarriedObjectFeatureRenderer.submit(CarriedObjectFeatureRenderer.java:47)
	at knot//net.minecraft.client.renderer.entity.LivingEntityRenderer.submit(LivingEntityRenderer.java:113)
	at knot//net.minecraft.client.renderer.entity.LivingEntityRenderer.submit(LivingEntityRenderer.java:40)
	at knot//net.minecraft.client.renderer.entity.EntityRenderDispatcher.submit(EntityRenderDispatcher.java:154)
	at knot//net.minecraft.client.renderer.LevelRenderer.submitEntities(LevelRenderer.java:641)
	at knot//net.minecraft.client.renderer.LevelRenderer.submitFeatures(LevelRenderer.java:289)
	at knot//net.minecraft.client.renderer.LevelRenderer.render(LevelRenderer.java:180)
	at knot//net.minecraft.client.renderer.GameRenderer.renderLevel(GameRenderer.java:588)
	at knot//net.minecraft.client.renderer.GameRenderer.render(GameRenderer.java:428)
	at knot//net.minecraft.client.Minecraft.renderFrame(Minecraft.java:1374)
	at knot//net.minecraft.client.Minecraft.runTick(Minecraft.java:1269)
	at knot//net.minecraft.client.Minecraft.run(Minecraft.java:959)
	at knot//net.minecraft.client.main.Main.main(Main.java:292)
	at net.fabricmc.loader.impl.game.minecraft.MinecraftGameProvider.launch(MinecraftGameProvider.java:514)
	at net.fabricmc.loader.impl.launch.knot.Knot.launch(Knot.java:72)
	at net.fabricmc.loader.impl.launch.knot.KnotClient.main(KnotClient.java:23)
	at net.fabricmc.devlaunchinjector.Main.main(Main.java:86)
Caused by: java.lang.IllegalStateException: Tried to access entity ID before ID assignment
	at knot//net.minecraft.world.entity.Entity.getId(Entity.java:438)
	at knot//net.minecraft.client.renderer.item.ItemModelResolver.updateForLiving(ItemModelResolver.java:32)
	at knot//net.minecraft.client.renderer.entity.LivingEntityRenderer.extractRenderState(LivingEntityRenderer.java:309)
	at knot//net.minecraft.client.renderer.entity.CowRenderer.extractRenderState(CowRenderer.java:46)
	at knot//net.minecraft.client.renderer.entity.CowRenderer.extractRenderState(CowRenderer.java:18)
	at knot//net.minecraft.client.renderer.entity.EntityRenderer.createRenderState(EntityRenderer.java:157)
	at knot//net.minecraft.client.renderer.entity.EntityRenderDispatcher.extractEntity(EntityRenderDispatcher.java:130)
	... 19 more
[10:33:54] [Render thread/ERROR] (GrabAndGoRenderer) Failed to render carried entity
net.minecraft.ReportedException: Extracting render state for an entity in world
	at knot//net.minecraft.client.renderer.entity.EntityRenderDispatcher.extractEntity(EntityRenderDispatcher.java:139)
	at knot//org.chermew.grabandgo.client.render.CarriedObjectFeatureRenderer.renderEntity(CarriedObjectFeatureRenderer.java:272)
	at knot//org.chermew.grabandgo.client.render.CarriedObjectFeatureRenderer.submit(CarriedObjectFeatureRenderer.java:97)
	at knot//org.chermew.grabandgo.client.render.CarriedObjectFeatureRenderer.submit(CarriedObjectFeatureRenderer.java:47)
	at knot//net.minecraft.client.renderer.entity.LivingEntityRenderer.submit(LivingEntityRenderer.java:113)
	at knot//net.minecraft.client.renderer.entity.LivingEntityRenderer.submit(LivingEntityRenderer.java:40)
	at knot//net.minecraft.client.renderer.entity.EntityRenderDispatcher.submit(EntityRenderDispatcher.java:154)
	at knot//net.minecraft.client.renderer.LevelRenderer.submitEntities(LevelRenderer.java:641)
	at knot//net.minecraft.client.renderer.LevelRenderer.submitFeatures(LevelRenderer.java:289)
	at knot//net.minecraft.client.renderer.LevelRenderer.render(LevelRenderer.java:180)
	at knot//net.minecraft.client.renderer.GameRenderer.renderLevel(GameRenderer.java:588)
	at knot//net.minecraft.client.renderer.GameRenderer.render(GameRenderer.java:428)
	at knot//net.minecraft.client.Minecraft.renderFrame(Minecraft.java:1374)
	at knot//net.minecraft.client.Minecraft.runTick(Minecraft.java:1269)
	at knot//net.minecraft.client.Minecraft.run(Minecraft.java:959)
	at knot//net.minecraft.client.main.Main.main(Main.java:292)
	at net.fabricmc.loader.impl.game.minecraft.MinecraftGameProvider.launch(MinecraftGameProvider.java:514)
	at net.fabricmc.loader.impl.launch.knot.Knot.launch(Knot.java:72)
	at net.fabricmc.loader.impl.launch.knot.KnotClient.main(KnotClient.java:23)
	at net.fabricmc.devlaunchinjector.Main.main(Main.java:86)
Caused by: java.lang.IllegalStateException: Tried to access entity ID before ID assignment
	at knot//net.minecraft.world.entity.Entity.getId(Entity.java:438)
	at knot//net.minecraft.client.renderer.item.ItemModelResolver.updateForLiving(ItemModelResolver.java:32)
	at knot//net.minecraft.client.renderer.entity.LivingEntityRenderer.extractRenderState(LivingEntityRenderer.java:309)
	at knot//net.minecraft.client.renderer.entity.CowRenderer.extractRenderState(CowRenderer.java:46)
	at knot//net.minecraft.client.renderer.entity.CowRenderer.extractRenderState(CowRenderer.java:18)
	at knot//net.minecraft.client.renderer.entity.EntityRenderer.createRenderState(EntityRenderer.java:157)
	at knot//net.minecraft.client.renderer.entity.EntityRenderDispatcher.extractEntity(EntityRenderDispatcher.java:130)
	... 19 more
[10:33:54] [Render thread/ERROR] (GrabAndGoRenderer) Failed to render carried entity
net.minecraft.ReportedException: Extracting render state for an entity in world
	at knot//net.minecraft.client.renderer.entity.EntityRenderDispatcher.extractEntity(EntityRenderDispatcher.java:139)
	at knot//org.chermew.grabandgo.client.render.CarriedObjectFeatureRenderer.renderEntity(CarriedObjectFeatureRenderer.java:272)
	at knot//org.chermew.grabandgo.client.render.CarriedObjectFeatureRenderer.submit(CarriedObjectFeatureRenderer.java:97)
	at knot//org.chermew.grabandgo.client.render.CarriedObjectFeatureRenderer.submit(CarriedObjectFeatureRenderer.java:47)
	at knot//net.minecraft.client.renderer.entity.LivingEntityRenderer.submit(LivingEntityRenderer.java:113)
	at knot//net.minecraft.client.renderer.entity.LivingEntityRenderer.submit(LivingEntityRenderer.java:40)
	at knot//net.minecraft.client.renderer.entity.EntityRenderDispatcher.submit(EntityRenderDispatcher.java:154)
	at knot//net.minecraft.client.renderer.LevelRenderer.submitEntities(LevelRenderer.java:641)
	at knot//net.minecraft.client.renderer.LevelRenderer.submitFeatures(LevelRenderer.java:289)
	at knot//net.minecraft.client.renderer.LevelRenderer.render(LevelRenderer.java:180)
	at knot//net.minecraft.client.renderer.GameRenderer.renderLevel(GameRenderer.java:588)
	at knot//net.minecraft.client.renderer.GameRenderer.render(GameRenderer.java:428)
	at knot//net.minecraft.client.Minecraft.renderFrame(Minecraft.java:1374)
	at knot//net.minecraft.client.Minecraft.runTick(Minecraft.java:1269)
	at knot//net.minecraft.client.Minecraft.run(Minecraft.java:959)
	at knot//net.minecraft.client.main.Main.main(Main.java:292)
	at net.fabricmc.loader.impl.game.minecraft.MinecraftGameProvider.launch(MinecraftGameProvider.java:514)
	at net.fabricmc.loader.impl.launch.knot.Knot.launch(Knot.java:72)
	at net.fabricmc.loader.impl.launch.knot.KnotClient.main(KnotClient.java:23)
	at net.fabricmc.devlaunchinjector.Main.main(Main.java:86)
Caused by: java.lang.IllegalStateException: Tried to access entity ID before ID assignment
	at knot//net.minecraft.world.entity.Entity.getId(Entity.java:438)
	at knot//net.minecraft.client.renderer.item.ItemModelResolver.updateForLiving(ItemModelResolver.java:32)
	at knot//net.minecraft.client.renderer.entity.LivingEntityRenderer.extractRenderState(LivingEntityRenderer.java:309)
	at knot//net.minecraft.client.renderer.entity.CowRenderer.extractRenderState(CowRenderer.java:46)
	at knot//net.minecraft.client.renderer.entity.CowRenderer.extractRenderState(CowRenderer.java:18)
	at knot//net.minecraft.client.renderer.entity.EntityRenderer.createRenderState(EntityRenderer.java:157)
	at knot//net.minecraft.client.renderer.entity.EntityRenderDispatcher.extractEntity(EntityRenderDispatcher.java:130)
	... 19 more
[10:33:55] [Render thread/ERROR] (GrabAndGoRenderer) Failed to render carried entity
net.minecraft.ReportedException: Extracting render state for an entity in world
	at knot//net.minecraft.client.renderer.entity.EntityRenderDispatcher.extractEntity(EntityRenderDispatcher.java:139)
	at knot//org.chermew.grabandgo.client.render.CarriedObjectFeatureRenderer.renderEntity(CarriedObjectFeatureRenderer.java:272)
	at knot//org.chermew.grabandgo.client.render.CarriedObjectFeatureRenderer.submit(CarriedObjectFeatureRenderer.java:97)
	at knot//org.chermew.grabandgo.client.render.CarriedObjectFeatureRenderer.submit(CarriedObjectFeatureRenderer.java:47)
	at knot//net.minecraft.client.renderer.entity.LivingEntityRenderer.submit(LivingEntityRenderer.java:113)
	at knot//net.minecraft.client.renderer.entity.LivingEntityRenderer.submit(LivingEntityRenderer.java:40)
	at knot//net.minecraft.client.renderer.entity.EntityRenderDispatcher.submit(EntityRenderDispatcher.java:154)
	at knot//net.minecraft.client.renderer.LevelRenderer.submitEntities(LevelRenderer.java:641)
	at knot//net.minecraft.client.renderer.LevelRenderer.submitFeatures(LevelRenderer.java:289)
	at knot//net.minecraft.client.renderer.LevelRenderer.render(LevelRenderer.java:180)
	at knot//net.minecraft.client.renderer.GameRenderer.renderLevel(GameRenderer.java:588)
	at knot//net.minecraft.client.renderer.GameRenderer.render(GameRenderer.java:428)
	at knot//net.minecraft.client.Minecraft.renderFrame(Minecraft.java:1374)
	at knot//net.minecraft.client.Minecraft.runTick(Minecraft.java:1269)
	at knot//net.minecraft.client.Minecraft.run(Minecraft.java:959)
	at knot//net.minecraft.client.main.Main.main(Main.java:292)
	at net.fabricmc.loader.impl.game.minecraft.MinecraftGameProvider.launch(MinecraftGameProvider.java:514)
	at net.fabricmc.loader.impl.launch.knot.Knot.launch(Knot.java:72)
	at net.fabricmc.loader.impl.launch.knot.KnotClient.main(KnotClient.java:23)
	at net.fabricmc.devlaunchinjector.Main.main(Main.java:86)
Caused by: java.lang.IllegalStateException: Tried to access entity ID before ID assignment
	at knot//net.minecraft.world.entity.Entity.getId(Entity.java:438)
	at knot//net.minecraft.client.renderer.item.ItemModelResolver.updateForLiving(ItemModelResolver.java:32)
	at knot//net.minecraft.client.renderer.entity.LivingEntityRenderer.extractRenderState(LivingEntityRenderer.java:309)
	at knot//net.minecraft.client.renderer.entity.CowRenderer.extractRenderState(CowRenderer.java:46)
	at knot//net.minecraft.client.renderer.entity.CowRenderer.extractRenderState(CowRenderer.java:18)
	at knot//net.minecraft.client.renderer.entity.EntityRenderer.createRenderState(EntityRenderer.java:157)
	at knot//net.minecraft.client.renderer.entity.EntityRenderDispatcher.extractEntity(EntityRenderDispatcher.java:130)
	... 19 more
[10:33:55] [Render thread/ERROR] (GrabAndGoRenderer) Failed to render carried entity
net.minecraft.ReportedException: Extracting render state for an entity in world
	at knot//net.minecraft.client.renderer.entity.EntityRenderDispatcher.extractEntity(EntityRenderDispatcher.java:139)
	at knot//org.chermew.grabandgo.client.render.CarriedObjectFeatureRenderer.renderEntity(CarriedObjectFeatureRenderer.java:272)
	at knot//org.chermew.grabandgo.client.render.CarriedObjectFeatureRenderer.submit(CarriedObjectFeatureRenderer.java:97)
	at knot//org.chermew.grabandgo.client.render.CarriedObjectFeatureRenderer.submit(CarriedObjectFeatureRenderer.java:47)
	at knot//net.minecraft.client.renderer.entity.LivingEntityRenderer.submit(LivingEntityRenderer.java:113)
	at knot//net.minecraft.client.renderer.entity.LivingEntityRenderer.submit(LivingEntityRenderer.java:40)
	at knot//net.minecraft.client.renderer.entity.EntityRenderDispatcher.submit(EntityRenderDispatcher.java:154)
	at knot//net.minecraft.client.renderer.LevelRenderer.submitEntities(LevelRenderer.java:641)
	at knot//net.minecraft.client.renderer.LevelRenderer.submitFeatures(LevelRenderer.java:289)
	at knot//net.minecraft.client.renderer.LevelRenderer.render(LevelRenderer.java:180)
	at knot//net.minecraft.client.renderer.GameRenderer.renderLevel(GameRenderer.java:588)
	at knot//net.minecraft.client.renderer.GameRenderer.render(GameRenderer.java:428)
	at knot//net.minecraft.client.Minecraft.renderFrame(Minecraft.java:1374)
	at knot//net.minecraft.client.Minecraft.runTick(Minecraft.java:1269)
	at knot//net.minecraft.client.Minecraft.run(Minecraft.java:959)
	at knot//net.minecraft.client.main.Main.main(Main.java:292)
	at net.fabricmc.loader.impl.game.minecraft.MinecraftGameProvider.launch(MinecraftGameProvider.java:514)
	at net.fabricmc.loader.impl.launch.knot.Knot.launch(Knot.java:72)
	at net.fabricmc.loader.impl.launch.knot.KnotClient.main(KnotClient.java:23)
	at net.fabricmc.devlaunchinjector.Main.main(Main.java:86)
Caused by: java.lang.IllegalStateException: Tried to access entity ID before ID assignment
	at knot//net.minecraft.world.entity.Entity.getId(Entity.java:438)
	at knot//net.minecraft.client.renderer.item.ItemModelResolver.updateForLiving(ItemModelResolver.java:32)
	at knot//net.minecraft.client.renderer.entity.LivingEntityRenderer.extractRenderState(LivingEntityRenderer.java:309)
	at knot//net.minecraft.client.renderer.entity.CowRenderer.extractRenderState(CowRenderer.java:46)
	at knot//net.minecraft.client.renderer.entity.CowRenderer.extractRenderState(CowRenderer.java:18)
	at knot//net.minecraft.client.renderer.entity.EntityRenderer.createRenderState(EntityRenderer.java:157)
	at knot//net.minecraft.client.renderer.entity.EntityRenderDispatcher.extractEntity(EntityRenderDispatcher.java:130)
	... 19 more
[10:33:55] [Render thread/ERROR] (GrabAndGoRenderer) Failed to render carried entity
net.minecraft.ReportedException: Extracting render state for an entity in world
	at knot//net.minecraft.client.renderer.entity.EntityRenderDispatcher.extractEntity(EntityRenderDispatcher.java:139)
	at knot//org.chermew.grabandgo.client.render.CarriedObjectFeatureRenderer.renderEntity(CarriedObjectFeatureRenderer.java:272)
	at knot//org.chermew.grabandgo.client.render.CarriedObjectFeatureRenderer.submit(CarriedObjectFeatureRenderer.java:97)
	at knot//org.chermew.grabandgo.client.render.CarriedObjectFeatureRenderer.submit(CarriedObjectFeatureRenderer.java:47)
	at knot//net.minecraft.client.renderer.entity.LivingEntityRenderer.submit(LivingEntityRenderer.java:113)
	at knot//net.minecraft.client.renderer.entity.LivingEntityRenderer.submit(LivingEntityRenderer.java:40)
	at knot//net.minecraft.client.renderer.entity.EntityRenderDispatcher.submit(EntityRenderDispatcher.java:154)
	at knot//net.minecraft.client.renderer.LevelRenderer.submitEntities(LevelRenderer.java:641)
	at knot//net.minecraft.client.renderer.LevelRenderer.submitFeatures(LevelRenderer.java:289)
	at knot//net.minecraft.client.renderer.LevelRenderer.render(LevelRenderer.java:180)
	at knot//net.minecraft.client.renderer.GameRenderer.renderLevel(GameRenderer.java:588)
	at knot//net.minecraft.client.renderer.GameRenderer.render(GameRenderer.java:428)
	at knot//net.minecraft.client.Minecraft.renderFrame(Minecraft.java:1374)
	at knot//net.minecraft.client.Minecraft.runTick(Minecraft.java:1269)
	at knot//net.minecraft.client.Minecraft.run(Minecraft.java:959)
	at knot//net.minecraft.client.main.Main.main(Main.java:292)
	at net.fabricmc.loader.impl.game.minecraft.MinecraftGameProvider.launch(MinecraftGameProvider.java:514)
	at net.fabricmc.loader.impl.launch.knot.Knot.launch(Knot.java:72)
	at net.fabricmc.loader.impl.launch.knot.KnotClient.main(KnotClient.java:23)
	at net.fabricmc.devlaunchinjector.Main.main(Main.java:86)
Caused by: java.lang.IllegalStateException: Tried to access entity ID before ID assignment
	at knot//net.minecraft.world.entity.Entity.getId(Entity.java:438)
	at knot//net.minecraft.client.renderer.item.ItemModelResolver.updateForLiving(ItemModelResolver.java:32)
	at knot//net.minecraft.client.renderer.entity.LivingEntityRenderer.extractRenderState(LivingEntityRenderer.java:309)
	at knot//net.minecraft.client.renderer.entity.CowRenderer.extractRenderState(CowRenderer.java:46)
	at knot//net.minecraft.client.renderer.entity.CowRenderer.extractRenderState(CowRenderer.java:18)
	at knot//net.minecraft.client.renderer.entity.EntityRenderer.createRenderState(EntityRenderer.java:157)
	at knot//net.minecraft.client.renderer.entity.EntityRenderDispatcher.extractEntity(EntityRenderDispatcher.java:130)
	... 19 more
[10:33:55] [Render thread/ERROR] (GrabAndGoRenderer) Failed to render carried entity
net.minecraft.ReportedException: Extracting render state for an entity in world
	at knot//net.minecraft.client.renderer.entity.EntityRenderDispatcher.extractEntity(EntityRenderDispatcher.java:139)
	at knot//org.chermew.grabandgo.client.render.CarriedObjectFeatureRenderer.renderEntity(CarriedObjectFeatureRenderer.java:272)
	at knot//org.chermew.grabandgo.client.render.CarriedObjectFeatureRenderer.submit(CarriedObjectFeatureRenderer.java:97)
	at knot//org.chermew.grabandgo.client.render.CarriedObjectFeatureRenderer.submit(CarriedObjectFeatureRenderer.java:47)
	at knot//net.minecraft.client.renderer.entity.LivingEntityRenderer.submit(LivingEntityRenderer.java:113)
	at knot//net.minecraft.client.renderer.entity.LivingEntityRenderer.submit(LivingEntityRenderer.java:40)
	at knot//net.minecraft.client.renderer.entity.EntityRenderDispatcher.submit(EntityRenderDispatcher.java:154)
	at knot//net.minecraft.client.renderer.LevelRenderer.submitEntities(LevelRenderer.java:641)
	at knot//net.minecraft.client.renderer.LevelRenderer.submitFeatures(LevelRenderer.java:289)
	at knot//net.minecraft.client.renderer.LevelRenderer.render(LevelRenderer.java:180)
	at knot//net.minecraft.client.renderer.GameRenderer.renderLevel(GameRenderer.java:588)
	at knot//net.minecraft.client.renderer.GameRenderer.render(GameRenderer.java:428)
	at knot//net.minecraft.client.Minecraft.renderFrame(Minecraft.java:1374)
	at knot//net.minecraft.client.Minecraft.runTick(Minecraft.java:1269)
	at knot//net.minecraft.client.Minecraft.run(Minecraft.java:959)
	at knot//net.minecraft.client.main.Main.main(Main.java:292)
	at net.fabricmc.loader.impl.game.minecraft.MinecraftGameProvider.launch(MinecraftGameProvider.java:514)
	at net.fabricmc.loader.impl.launch.knot.Knot.launch(Knot.java:72)
	at net.fabricmc.loader.impl.launch.knot.KnotClient.main(KnotClient.java:23)
	at net.fabricmc.devlaunchinjector.Main.main(Main.java:86)
Caused by: java.lang.IllegalStateException: Tried to access entity ID before ID assignment
	at knot//net.minecraft.world.entity.Entity.getId(Entity.java:438)
	at knot//net.minecraft.client.renderer.item.ItemModelResolver.updateForLiving(ItemModelResolver.java:32)
	at knot//net.minecraft.client.renderer.entity.LivingEntityRenderer.extractRenderState(LivingEntityRenderer.java:309)
	at knot//net.minecraft.client.renderer.entity.CowRenderer.extractRenderState(CowRenderer.java:46)
	at knot//net.minecraft.client.renderer.entity.CowRenderer.extractRenderState(CowRenderer.java:18)
	at knot//net.minecraft.client.renderer.entity.EntityRenderer.createRenderState(EntityRenderer.java:157)
	at knot//net.minecraft.client.renderer.entity.EntityRenderDispatcher.extractEntity(EntityRenderDispatcher.java:130)
	... 19 more
[10:33:55] [Render thread/ERROR] (GrabAndGoRenderer) Failed to render carried entity
net.minecraft.ReportedException: Extracting render state for an entity in world
	at knot//net.minecraft.client.renderer.entity.EntityRenderDispatcher.extractEntity(EntityRenderDispatcher.java:139)
	at knot//org.chermew.grabandgo.client.render.CarriedObjectFeatureRenderer.renderEntity(CarriedObjectFeatureRenderer.java:272)
	at knot//org.chermew.grabandgo.client.render.CarriedObjectFeatureRenderer.submit(CarriedObjectFeatureRenderer.java:97)
	at knot//org.chermew.grabandgo.client.render.CarriedObjectFeatureRenderer.submit(CarriedObjectFeatureRenderer.java:47)
	at knot//net.minecraft.client.renderer.entity.LivingEntityRenderer.submit(LivingEntityRenderer.java:113)
	at knot//net.minecraft.client.renderer.entity.LivingEntityRenderer.submit(LivingEntityRenderer.java:40)
	at knot//net.minecraft.client.renderer.entity.EntityRenderDispatcher.submit(EntityRenderDispatcher.java:154)
	at knot//net.minecraft.client.renderer.LevelRenderer.submitEntities(LevelRenderer.java:641)
	at knot//net.minecraft.client.renderer.LevelRenderer.submitFeatures(LevelRenderer.java:289)
	at knot//net.minecraft.client.renderer.LevelRenderer.render(LevelRenderer.java:180)
	at knot//net.minecraft.client.renderer.GameRenderer.renderLevel(GameRenderer.java:588)
	at knot//net.minecraft.client.renderer.GameRenderer.render(GameRenderer.java:428)
	at knot//net.minecraft.client.Minecraft.renderFrame(Minecraft.java:1374)
	at knot//net.minecraft.client.Minecraft.runTick(Minecraft.java:1269)
	at knot//net.minecraft.client.Minecraft.run(Minecraft.java:959)
	at knot//net.minecraft.client.main.Main.main(Main.java:292)
	at net.fabricmc.loader.impl.game.minecraft.MinecraftGameProvider.launch(MinecraftGameProvider.java:514)
	at net.fabricmc.loader.impl.launch.knot.Knot.launch(Knot.java:72)
	at net.fabricmc.loader.impl.launch.knot.KnotClient.main(KnotClient.java:23)
	at net.fabricmc.devlaunchinjector.Main.main(Main.java:86)
Caused by: java.lang.IllegalStateException: Tried to access entity ID before ID assignment
	at knot//net.minecraft.world.entity.Entity.getId(Entity.java:438)
	at knot//net.minecraft.client.renderer.item.ItemModelResolver.updateForLiving(ItemModelResolver.java:32)
	at knot//net.minecraft.client.renderer.entity.LivingEntityRenderer.extractRenderState(LivingEntityRenderer.java:309)
	at knot//net.minecraft.client.renderer.entity.CowRenderer.extractRenderState(CowRenderer.java:46)
	at knot//net.minecraft.client.renderer.entity.CowRenderer.extractRenderState(CowRenderer.java:18)
	at knot//net.minecraft.client.renderer.entity.EntityRenderer.createRenderState(EntityRenderer.java:157)
	at knot//net.minecraft.client.renderer.entity.EntityRenderDispatcher.extractEntity(EntityRenderDispatcher.java:130)
	... 19 more
[10:33:55] [Render thread/ERROR] (GrabAndGoRenderer) Failed to render carried entity
net.minecraft.ReportedException: Extracting render state for an entity in world
	at knot//net.minecraft.client.renderer.entity.EntityRenderDispatcher.extractEntity(EntityRenderDispatcher.java:139)
	at knot//org.chermew.grabandgo.client.render.CarriedObjectFeatureRenderer.renderEntity(CarriedObjectFeatureRenderer.java:272)
	at knot//org.chermew.grabandgo.client.render.CarriedObjectFeatureRenderer.submit(CarriedObjectFeatureRenderer.java:97)
	at knot//org.chermew.grabandgo.client.render.CarriedObjectFeatureRenderer.submit(CarriedObjectFeatureRenderer.java:47)
	at knot//net.minecraft.client.renderer.entity.LivingEntityRenderer.submit(LivingEntityRenderer.java:113)
	at knot//net.minecraft.client.renderer.entity.LivingEntityRenderer.submit(LivingEntityRenderer.java:40)
	at knot//net.minecraft.client.renderer.entity.EntityRenderDispatcher.submit(EntityRenderDispatcher.java:154)
	at knot//net.minecraft.client.renderer.LevelRenderer.submitEntities(LevelRenderer.java:641)
	at knot//net.minecraft.client.renderer.LevelRenderer.submitFeatures(LevelRenderer.java:289)
	at knot//net.minecraft.client.renderer.LevelRenderer.render(LevelRenderer.java:180)
	at knot//net.minecraft.client.renderer.GameRenderer.renderLevel(GameRenderer.java:588)
	at knot//net.minecraft.client.renderer.GameRenderer.render(GameRenderer.java:428)
	at knot//net.minecraft.client.Minecraft.renderFrame(Minecraft.java:1374)
	at knot//net.minecraft.client.Minecraft.runTick(Minecraft.java:1269)
	at knot//net.minecraft.client.Minecraft.run(Minecraft.java:959)
	at knot//net.minecraft.client.main.Main.main(Main.java:292)
	at net.fabricmc.loader.impl.game.minecraft.MinecraftGameProvider.launch(MinecraftGameProvider.java:514)
	at net.fabricmc.loader.impl.launch.knot.Knot.launch(Knot.java:72)
	at net.fabricmc.loader.impl.launch.knot.KnotClient.main(KnotClient.java:23)
	at net.fabricmc.devlaunchinjector.Main.main(Main.java:86)
Caused by: java.lang.IllegalStateException: Tried to access entity ID before ID assignment
	at knot//net.minecraft.world.entity.Entity.getId(Entity.java:438)
	at knot//net.minecraft.client.renderer.item.ItemModelResolver.updateForLiving(ItemModelResolver.java:32)
	at knot//net.minecraft.client.renderer.entity.LivingEntityRenderer.extractRenderState(LivingEntityRenderer.java:309)
	at knot//net.minecraft.client.renderer.entity.CowRenderer.extractRenderState(CowRenderer.java:46)
	at knot//net.minecraft.client.renderer.entity.CowRenderer.extractRenderState(CowRenderer.java:18)
	at knot//net.minecraft.client.renderer.entity.EntityRenderer.createRenderState(EntityRenderer.java:157)
	at knot//net.minecraft.client.renderer.entity.EntityRenderDispatcher.extractEntity(EntityRenderDispatcher.java:130)
	... 19 more
[10:33:55] [Render thread/ERROR] (GrabAndGoRenderer) Failed to render carried entity
net.minecraft.ReportedException: Extracting render state for an entity in world
	at knot//net.minecraft.client.renderer.entity.EntityRenderDispatcher.extractEntity(EntityRenderDispatcher.java:139)
	at knot//org.chermew.grabandgo.client.render.CarriedObjectFeatureRenderer.renderEntity(CarriedObjectFeatureRenderer.java:272)
	at knot//org.chermew.grabandgo.client.render.CarriedObjectFeatureRenderer.submit(CarriedObjectFeatureRenderer.java:97)
	at knot//org.chermew.grabandgo.client.render.CarriedObjectFeatureRenderer.submit(CarriedObjectFeatureRenderer.java:47)
	at knot//net.minecraft.client.renderer.entity.LivingEntityRenderer.submit(LivingEntityRenderer.java:113)
	at knot//net.minecraft.client.renderer.entity.LivingEntityRenderer.submit(LivingEntityRenderer.java:40)
	at knot//net.minecraft.client.renderer.entity.EntityRenderDispatcher.submit(EntityRenderDispatcher.java:154)
	at knot//net.minecraft.client.renderer.LevelRenderer.submitEntities(LevelRenderer.java:641)
	at knot//net.minecraft.client.renderer.LevelRenderer.submitFeatures(LevelRenderer.java:289)
	at knot//net.minecraft.client.renderer.LevelRenderer.render(LevelRenderer.java:180)
	at knot//net.minecraft.client.renderer.GameRenderer.renderLevel(GameRenderer.java:588)
	at knot//net.minecraft.client.renderer.GameRenderer.render(GameRenderer.java:428)
	at knot//net.minecraft.client.Minecraft.renderFrame(Minecraft.java:1374)
	at knot//net.minecraft.client.Minecraft.runTick(Minecraft.java:1269)
	at knot//net.minecraft.client.Minecraft.run(Minecraft.java:959)
	at knot//net.minecraft.client.main.Main.main(Main.java:292)
	at net.fabricmc.loader.impl.game.minecraft.MinecraftGameProvider.launch(MinecraftGameProvider.java:514)
	at net.fabricmc.loader.impl.launch.knot.Knot.launch(Knot.java:72)
	at net.fabricmc.loader.impl.launch.knot.KnotClient.main(KnotClient.java:23)
	at net.fabricmc.devlaunchinjector.Main.main(Main.java:86)
Caused by: java.lang.IllegalStateException: Tried to access entity ID before ID assignment
	at knot//net.minecraft.world.entity.Entity.getId(Entity.java:438)
	at knot//net.minecraft.client.renderer.item.ItemModelResolver.updateForLiving(ItemModelResolver.java:32)
	at knot//net.minecraft.client.renderer.entity.LivingEntityRenderer.extractRenderState(LivingEntityRenderer.java:309)
	at knot//net.minecraft.client.renderer.entity.CowRenderer.extractRenderState(CowRenderer.java:46)
	at knot//net.minecraft.client.renderer.entity.CowRenderer.extractRenderState(CowRenderer.java:18)
	at knot//net.minecraft.client.renderer.entity.EntityRenderer.createRenderState(EntityRenderer.java:157)
	at knot//net.minecraft.client.renderer.entity.EntityRenderDispatcher.extractEntity(EntityRenderDispatcher.java:130)
	... 19 more
[10:33:55] [Render thread/ERROR] (GrabAndGoRenderer) Failed to render carried entity
net.minecraft.ReportedException: Extracting render state for an entity in world
	at knot//net.minecraft.client.renderer.entity.EntityRenderDispatcher.extractEntity(EntityRenderDispatcher.java:139)
	at knot//org.chermew.grabandgo.client.render.CarriedObjectFeatureRenderer.renderEntity(CarriedObjectFeatureRenderer.java:272)
	at knot//org.chermew.grabandgo.client.render.CarriedObjectFeatureRenderer.submit(CarriedObjectFeatureRenderer.java:97)
	at knot//org.chermew.grabandgo.client.render.CarriedObjectFeatureRenderer.submit(CarriedObjectFeatureRenderer.java:47)
	at knot//net.minecraft.client.renderer.entity.LivingEntityRenderer.submit(LivingEntityRenderer.java:113)
	at knot//net.minecraft.client.renderer.entity.LivingEntityRenderer.submit(LivingEntityRenderer.java:40)
	at knot//net.minecraft.client.renderer.entity.EntityRenderDispatcher.submit(EntityRenderDispatcher.java:154)
	at knot//net.minecraft.client.renderer.LevelRenderer.submitEntities(LevelRenderer.java:641)
	at knot//net.minecraft.client.renderer.LevelRenderer.submitFeatures(LevelRenderer.java:289)
	at knot//net.minecraft.client.renderer.LevelRenderer.render(LevelRenderer.java:180)
	at knot//net.minecraft.client.renderer.GameRenderer.renderLevel(GameRenderer.java:588)
	at knot//net.minecraft.client.renderer.GameRenderer.render(GameRenderer.java:428)
	at knot//net.minecraft.client.Minecraft.renderFrame(Minecraft.java:1374)
	at knot//net.minecraft.client.Minecraft.runTick(Minecraft.java:1269)
	at knot//net.minecraft.client.Minecraft.run(Minecraft.java:959)
	at knot//net.minecraft.client.main.Main.main(Main.java:292)
	at net.fabricmc.loader.impl.game.minecraft.MinecraftGameProvider.launch(MinecraftGameProvider.java:514)
	at net.fabricmc.loader.impl.launch.knot.Knot.launch(Knot.java:72)
	at net.fabricmc.loader.impl.launch.knot.KnotClient.main(KnotClient.java:23)
	at net.fabricmc.devlaunchinjector.Main.main(Main.java:86)
Caused by: java.lang.IllegalStateException: Tried to access entity ID before ID assignment
	at knot//net.minecraft.world.entity.Entity.getId(Entity.java:438)
	at knot//net.minecraft.client.renderer.item.ItemModelResolver.updateForLiving(ItemModelResolver.java:32)
	at knot//net.minecraft.client.renderer.entity.LivingEntityRenderer.extractRenderState(LivingEntityRenderer.java:309)
	at knot//net.minecraft.client.renderer.entity.CowRenderer.extractRenderState(CowRenderer.java:46)
	at knot//net.minecraft.client.renderer.entity.CowRenderer.extractRenderState(CowRenderer.java:18)
	at knot//net.minecraft.client.renderer.entity.EntityRenderer.createRenderState(EntityRenderer.java:157)
	at knot//net.minecraft.client.renderer.entity.EntityRenderDispatcher.extractEntity(EntityRenderDispatcher.java:130)
	... 19 more
[10:33:55] [Render thread/ERROR] (GrabAndGoRenderer) Failed to render carried entity
net.minecraft.ReportedException: Extracting render state for an entity in world
	at knot//net.minecraft.client.renderer.entity.EntityRenderDispatcher.extractEntity(EntityRenderDispatcher.java:139)
	at knot//org.chermew.grabandgo.client.render.CarriedObjectFeatureRenderer.renderEntity(CarriedObjectFeatureRenderer.java:272)
	at knot//org.chermew.grabandgo.client.render.CarriedObjectFeatureRenderer.submit(CarriedObjectFeatureRenderer.java:97)
	at knot//org.chermew.grabandgo.client.render.CarriedObjectFeatureRenderer.submit(CarriedObjectFeatureRenderer.java:47)
	at knot//net.minecraft.client.renderer.entity.LivingEntityRenderer.submit(LivingEntityRenderer.java:113)
	at knot//net.minecraft.client.renderer.entity.LivingEntityRenderer.submit(LivingEntityRenderer.java:40)
	at knot//net.minecraft.client.renderer.entity.EntityRenderDispatcher.submit(EntityRenderDispatcher.java:154)
	at knot//net.minecraft.client.renderer.LevelRenderer.submitEntities(LevelRenderer.java:641)
	at knot//net.minecraft.client.renderer.LevelRenderer.submitFeatures(LevelRenderer.java:289)
	at knot//net.minecraft.client.renderer.LevelRenderer.render(LevelRenderer.java:180)
	at knot//net.minecraft.client.renderer.GameRenderer.renderLevel(GameRenderer.java:588)
	at knot//net.minecraft.client.renderer.GameRenderer.render(GameRenderer.java:428)
	at knot//net.minecraft.client.Minecraft.renderFrame(Minecraft.java:1374)
	at knot//net.minecraft.client.Minecraft.runTick(Minecraft.java:1269)
	at knot//net.minecraft.client.Minecraft.run(Minecraft.java:959)
	at knot//net.minecraft.client.main.Main.main(Main.java:292)
	at net.fabricmc.loader.impl.game.minecraft.MinecraftGameProvider.launch(MinecraftGameProvider.java:514)
	at net.fabricmc.loader.impl.launch.knot.Knot.launch(Knot.java:72)
	at net.fabricmc.loader.impl.launch.knot.KnotClient.main(KnotClient.java:23)
	at net.fabricmc.devlaunchinjector.Main.main(Main.java:86)
Caused by: java.lang.IllegalStateException: Tried to access entity ID before ID assignment
	at knot//net.minecraft.world.entity.Entity.getId(Entity.java:438)
	at knot//net.minecraft.client.renderer.item.ItemModelResolver.updateForLiving(ItemModelResolver.java:32)
	at knot//net.minecraft.client.renderer.entity.LivingEntityRenderer.extractRenderState(LivingEntityRenderer.java:309)
	at knot//net.minecraft.client.renderer.entity.CowRenderer.extractRenderState(CowRenderer.java:46)
	at knot//net.minecraft.client.renderer.entity.CowRenderer.extractRenderState(CowRenderer.java:18)
	at knot//net.minecraft.client.renderer.entity.EntityRenderer.createRenderState(EntityRenderer.java:157)
	at knot//net.minecraft.client.renderer.entity.EntityRenderDispatcher.extractEntity(EntityRenderDispatcher.java:130)
	... 19 more
[10:33:55] [Render thread/ERROR] (GrabAndGoRenderer) Failed to render carried entity
net.minecraft.ReportedException: Extracting render state for an entity in world
	at knot//net.minecraft.client.renderer.entity.EntityRenderDispatcher.extractEntity(EntityRenderDispatcher.java:139)
	at knot//org.chermew.grabandgo.client.render.CarriedObjectFeatureRenderer.renderEntity(CarriedObjectFeatureRenderer.java:272)
	at knot//org.chermew.grabandgo.client.render.CarriedObjectFeatureRenderer.submit(CarriedObjectFeatureRenderer.java:97)
	at knot//org.chermew.grabandgo.client.render.CarriedObjectFeatureRenderer.submit(CarriedObjectFeatureRenderer.java:47)
	at knot//net.minecraft.client.renderer.entity.LivingEntityRenderer.submit(LivingEntityRenderer.java:113)
	at knot//net.minecraft.client.renderer.entity.LivingEntityRenderer.submit(LivingEntityRenderer.java:40)
	at knot//net.minecraft.client.renderer.entity.EntityRenderDispatcher.submit(EntityRenderDispatcher.java:154)
	at knot//net.minecraft.client.renderer.LevelRenderer.submitEntities(LevelRenderer.java:641)
	at knot//net.minecraft.client.renderer.LevelRenderer.submitFeatures(LevelRenderer.java:289)
	at knot//net.minecraft.client.renderer.LevelRenderer.render(LevelRenderer.java:180)
	at knot//net.minecraft.client.renderer.GameRenderer.renderLevel(GameRenderer.java:588)
	at knot//net.minecraft.client.renderer.GameRenderer.render(GameRenderer.java:428)
	at knot//net.minecraft.client.Minecraft.renderFrame(Minecraft.java:1374)
	at knot//net.minecraft.client.Minecraft.runTick(Minecraft.java:1269)
	at knot//net.minecraft.client.Minecraft.run(Minecraft.java:959)
	at knot//net.minecraft.client.main.Main.main(Main.java:292)
	at net.fabricmc.loader.impl.game.minecraft.MinecraftGameProvider.launch(MinecraftGameProvider.java:514)
	at net.fabricmc.loader.impl.launch.knot.Knot.launch(Knot.java:72)
	at net.fabricmc.loader.impl.launch.knot.KnotClient.main(KnotClient.java:23)
	at net.fabricmc.devlaunchinjector.Main.main(Main.java:86)
Caused by: java.lang.IllegalStateException: Tried to access entity ID before ID assignment
	at knot//net.minecraft.world.entity.Entity.getId(Entity.java:438)
	at knot//net.minecraft.client.renderer.item.ItemModelResolver.updateForLiving(ItemModelResolver.java:32)
	at knot//net.minecraft.client.renderer.entity.LivingEntityRenderer.extractRenderState(LivingEntityRenderer.java:309)
	at knot//net.minecraft.client.renderer.entity.CowRenderer.extractRenderState(CowRenderer.java:46)
	at knot//net.minecraft.client.renderer.entity.CowRenderer.extractRenderState(CowRenderer.java:18)
	at knot//net.minecraft.client.renderer.entity.EntityRenderer.createRenderState(EntityRenderer.java:157)
	at knot//net.minecraft.client.renderer.entity.EntityRenderDispatcher.extractEntity(EntityRenderDispatcher.java:130)
	... 19 more
[10:33:55] [Render thread/ERROR] (GrabAndGoRenderer) Failed to render carried entity
net.minecraft.ReportedException: Extracting render state for an entity in world
	at knot//net.minecraft.client.renderer.entity.EntityRenderDispatcher.extractEntity(EntityRenderDispatcher.java:139)
	at knot//org.chermew.grabandgo.client.render.CarriedObjectFeatureRenderer.renderEntity(CarriedObjectFeatureRenderer.java:272)
	at knot//org.chermew.grabandgo.client.render.CarriedObjectFeatureRenderer.submit(CarriedObjectFeatureRenderer.java:97)
	at knot//org.chermew.grabandgo.client.render.CarriedObjectFeatureRenderer.submit(CarriedObjectFeatureRenderer.java:47)
	at knot//net.minecraft.client.renderer.entity.LivingEntityRenderer.submit(LivingEntityRenderer.java:113)
	at knot//net.minecraft.client.renderer.entity.LivingEntityRenderer.submit(LivingEntityRenderer.java:40)
	at knot//net.minecraft.client.renderer.entity.EntityRenderDispatcher.submit(EntityRenderDispatcher.java:154)
	at knot//net.minecraft.client.renderer.LevelRenderer.submitEntities(LevelRenderer.java:641)
	at knot//net.minecraft.client.renderer.LevelRenderer.submitFeatures(LevelRenderer.java:289)
	at knot//net.minecraft.client.renderer.LevelRenderer.render(LevelRenderer.java:180)
	at knot//net.minecraft.client.renderer.GameRenderer.renderLevel(GameRenderer.java:588)
	at knot//net.minecraft.client.renderer.GameRenderer.render(GameRenderer.java:428)
	at knot//net.minecraft.client.Minecraft.renderFrame(Minecraft.java:1374)
	at knot//net.minecraft.client.Minecraft.runTick(Minecraft.java:1269)
	at knot//net.minecraft.client.Minecraft.run(Minecraft.java:959)
	at knot//net.minecraft.client.main.Main.main(Main.java:292)
	at net.fabricmc.loader.impl.game.minecraft.MinecraftGameProvider.launch(MinecraftGameProvider.java:514)
	at net.fabricmc.loader.impl.launch.knot.Knot.launch(Knot.java:72)
	at net.fabricmc.loader.impl.launch.knot.KnotClient.main(KnotClient.java:23)
	at net.fabricmc.devlaunchinjector.Main.main(Main.java:86)
Caused by: java.lang.IllegalStateException: Tried to access entity ID before ID assignment
	at knot//net.minecraft.world.entity.Entity.getId(Entity.java:438)
	at knot//net.minecraft.client.renderer.item.ItemModelResolver.updateForLiving(ItemModelResolver.java:32)
	at knot//net.minecraft.client.renderer.entity.LivingEntityRenderer.extractRenderState(LivingEntityRenderer.java:309)
	at knot//net.minecraft.client.renderer.entity.CowRenderer.extractRenderState(CowRenderer.java:46)
	at knot//net.minecraft.client.renderer.entity.CowRenderer.extractRenderState(CowRenderer.java:18)
	at knot//net.minecraft.client.renderer.entity.EntityRenderer.createRenderState(EntityRenderer.java:157)
	at knot//net.minecraft.client.renderer.entity.EntityRenderDispatcher.extractEntity(EntityRenderDispatcher.java:130)
	... 19 more
[10:33:55] [Render thread/ERROR] (GrabAndGoRenderer) Failed to render carried entity
net.minecraft.ReportedException: Extracting render state for an entity in world
	at knot//net.minecraft.client.renderer.entity.EntityRenderDispatcher.extractEntity(EntityRenderDispatcher.java:139)
	at knot//org.chermew.grabandgo.client.render.CarriedObjectFeatureRenderer.renderEntity(CarriedObjectFeatureRenderer.java:272)
	at knot//org.chermew.grabandgo.client.render.CarriedObjectFeatureRenderer.submit(CarriedObjectFeatureRenderer.java:97)
	at knot//org.chermew.grabandgo.client.render.CarriedObjectFeatureRenderer.submit(CarriedObjectFeatureRenderer.java:47)
	at knot//net.minecraft.client.renderer.entity.LivingEntityRenderer.submit(LivingEntityRenderer.java:113)
	at knot//net.minecraft.client.renderer.entity.LivingEntityRenderer.submit(LivingEntityRenderer.java:40)
	at knot//net.minecraft.client.renderer.entity.EntityRenderDispatcher.submit(EntityRenderDispatcher.java:154)
	at knot//net.minecraft.client.renderer.LevelRenderer.submitEntities(LevelRenderer.java:641)
	at knot//net.minecraft.client.renderer.LevelRenderer.submitFeatures(LevelRenderer.java:289)
	at knot//net.minecraft.client.renderer.LevelRenderer.render(LevelRenderer.java:180)
	at knot//net.minecraft.client.renderer.GameRenderer.renderLevel(GameRenderer.java:588)
	at knot//net.minecraft.client.renderer.GameRenderer.render(GameRenderer.java:428)
	at knot//net.minecraft.client.Minecraft.renderFrame(Minecraft.java:1374)
	at knot//net.minecraft.client.Minecraft.runTick(Minecraft.java:1269)
	at knot//net.minecraft.client.Minecraft.run(Minecraft.java:959)
	at knot//net.minecraft.client.main.Main.main(Main.java:292)
	at net.fabricmc.loader.impl.game.minecraft.MinecraftGameProvider.launch(MinecraftGameProvider.java:514)
	at net.fabricmc.loader.impl.launch.knot.Knot.launch(Knot.java:72)
	at net.fabricmc.loader.impl.launch.knot.KnotClient.main(KnotClient.java:23)
	at net.fabricmc.devlaunchinjector.Main.main(Main.java:86)
Caused by: java.lang.IllegalStateException: Tried to access entity ID before ID assignment
	at knot//net.minecraft.world.entity.Entity.getId(Entity.java:438)
	at knot//net.minecraft.client.renderer.item.ItemModelResolver.updateForLiving(ItemModelResolver.java:32)
	at knot//net.minecraft.client.renderer.entity.LivingEntityRenderer.extractRenderState(LivingEntityRenderer.java:309)
	at knot//net.minecraft.client.renderer.entity.CowRenderer.extractRenderState(CowRenderer.java:46)
	at knot//net.minecraft.client.renderer.entity.CowRenderer.extractRenderState(CowRenderer.java:18)
	at knot//net.minecraft.client.renderer.entity.EntityRenderer.createRenderState(EntityRenderer.java:157)
	at knot//net.minecraft.client.renderer.entity.EntityRenderDispatcher.extractEntity(EntityRenderDispatcher.java:130)
	... 19 more
[10:33:55] [Render thread/ERROR] (GrabAndGoRenderer) Failed to render carried entity
net.minecraft.ReportedException: Extracting render state for an entity in world
	at knot//net.minecraft.client.renderer.entity.EntityRenderDispatcher.extractEntity(EntityRenderDispatcher.java:139)
	at knot//org.chermew.grabandgo.client.render.CarriedObjectFeatureRenderer.renderEntity(CarriedObjectFeatureRenderer.java:272)
	at knot//org.chermew.grabandgo.client.render.CarriedObjectFeatureRenderer.submit(CarriedObjectFeatureRenderer.java:97)
	at knot//org.chermew.grabandgo.client.render.CarriedObjectFeatureRenderer.submit(CarriedObjectFeatureRenderer.java:47)
	at knot//net.minecraft.client.renderer.entity.LivingEntityRenderer.submit(LivingEntityRenderer.java:113)
	at knot//net.minecraft.client.renderer.entity.LivingEntityRenderer.submit(LivingEntityRenderer.java:40)
	at knot//net.minecraft.client.renderer.entity.EntityRenderDispatcher.submit(EntityRenderDispatcher.java:154)
	at knot//net.minecraft.client.renderer.LevelRenderer.submitEntities(LevelRenderer.java:641)
	at knot//net.minecraft.client.renderer.LevelRenderer.submitFeatures(LevelRenderer.java:289)
	at knot//net.minecraft.client.renderer.LevelRenderer.render(LevelRenderer.java:180)
	at knot//net.minecraft.client.renderer.GameRenderer.renderLevel(GameRenderer.java:588)
	at knot//net.minecraft.client.renderer.GameRenderer.render(GameRenderer.java:428)
	at knot//net.minecraft.client.Minecraft.renderFrame(Minecraft.java:1374)
	at knot//net.minecraft.client.Minecraft.runTick(Minecraft.java:1269)
	at knot//net.minecraft.client.Minecraft.run(Minecraft.java:959)
	at knot//net.minecraft.client.main.Main.main(Main.java:292)
	at net.fabricmc.loader.impl.game.minecraft.MinecraftGameProvider.launch(MinecraftGameProvider.java:514)
	at net.fabricmc.loader.impl.launch.knot.Knot.launch(Knot.java:72)
	at net.fabricmc.loader.impl.launch.knot.KnotClient.main(KnotClient.java:23)
	at net.fabricmc.devlaunchinjector.Main.main(Main.java:86)
Caused by: java.lang.IllegalStateException: Tried to access entity ID before ID assignment
	at knot//net.minecraft.world.entity.Entity.getId(Entity.java:438)
	at knot//net.minecraft.client.renderer.item.ItemModelResolver.updateForLiving(ItemModelResolver.java:32)
	at knot//net.minecraft.client.renderer.entity.LivingEntityRenderer.extractRenderState(LivingEntityRenderer.java:309)
	at knot//net.minecraft.client.renderer.entity.CowRenderer.extractRenderState(CowRenderer.java:46)
	at knot//net.minecraft.client.renderer.entity.CowRenderer.extractRenderState(CowRenderer.java:18)
	at knot//net.minecraft.client.renderer.entity.EntityRenderer.createRenderState(EntityRenderer.java:157)
	at knot//net.minecraft.client.renderer.entity.EntityRenderDispatcher.extractEntity(EntityRenderDispatcher.java:130)
	... 19 more
[10:33:55] [Render thread/ERROR] (GrabAndGoRenderer) Failed to render carried entity
net.minecraft.ReportedException: Extracting render state for an entity in world
	at knot//net.minecraft.client.renderer.entity.EntityRenderDispatcher.extractEntity(EntityRenderDispatcher.java:139)
	at knot//org.chermew.grabandgo.client.render.CarriedObjectFeatureRenderer.renderEntity(CarriedObjectFeatureRenderer.java:272)
	at knot//org.chermew.grabandgo.client.render.CarriedObjectFeatureRenderer.submit(CarriedObjectFeatureRenderer.java:97)
	at knot//org.chermew.grabandgo.client.render.CarriedObjectFeatureRenderer.submit(CarriedObjectFeatureRenderer.java:47)
	at knot//net.minecraft.client.renderer.entity.LivingEntityRenderer.submit(LivingEntityRenderer.java:113)
	at knot//net.minecraft.client.renderer.entity.LivingEntityRenderer.submit(LivingEntityRenderer.java:40)
	at knot//net.minecraft.client.renderer.entity.EntityRenderDispatcher.submit(EntityRenderDispatcher.java:154)
	at knot//net.minecraft.client.renderer.LevelRenderer.submitEntities(LevelRenderer.java:641)
	at knot//net.minecraft.client.renderer.LevelRenderer.submitFeatures(LevelRenderer.java:289)
	at knot//net.minecraft.client.renderer.LevelRenderer.render(LevelRenderer.java:180)
	at knot//net.minecraft.client.renderer.GameRenderer.renderLevel(GameRenderer.java:588)
	at knot//net.minecraft.client.renderer.GameRenderer.render(GameRenderer.java:428)
	at knot//net.minecraft.client.Minecraft.renderFrame(Minecraft.java:1374)
	at knot//net.minecraft.client.Minecraft.runTick(Minecraft.java:1269)
	at knot//net.minecraft.client.Minecraft.run(Minecraft.java:959)
	at knot//net.minecraft.client.main.Main.main(Main.java:292)
	at net.fabricmc.loader.impl.game.minecraft.MinecraftGameProvider.launch(MinecraftGameProvider.java:514)
	at net.fabricmc.loader.impl.launch.knot.Knot.launch(Knot.java:72)
	at net.fabricmc.loader.impl.launch.knot.KnotClient.main(KnotClient.java:23)
	at net.fabricmc.devlaunchinjector.Main.main(Main.java:86)
Caused by: java.lang.IllegalStateException: Tried to access entity ID before ID assignment
	at knot//net.minecraft.world.entity.Entity.getId(Entity.java:438)
	at knot//net.minecraft.client.renderer.item.ItemModelResolver.updateForLiving(ItemModelResolver.java:32)
	at knot//net.minecraft.client.renderer.entity.LivingEntityRenderer.extractRenderState(LivingEntityRenderer.java:309)
	at knot//net.minecraft.client.renderer.entity.CowRenderer.extractRenderState(CowRenderer.java:46)
	at knot//net.minecraft.client.renderer.entity.CowRenderer.extractRenderState(CowRenderer.java:18)
	at knot//net.minecraft.client.renderer.entity.EntityRenderer.createRenderState(EntityRenderer.java:157)
	at knot//net.minecraft.client.renderer.entity.EntityRenderDispatcher.extractEntity(EntityRenderDispatcher.java:130)
	... 19 more
[10:33:55] [Render thread/ERROR] (GrabAndGoRenderer) Failed to render carried entity
net.minecraft.ReportedException: Extracting render state for an entity in world
	at knot//net.minecraft.client.renderer.entity.EntityRenderDispatcher.extractEntity(EntityRenderDispatcher.java:139)
	at knot//org.chermew.grabandgo.client.render.CarriedObjectFeatureRenderer.renderEntity(CarriedObjectFeatureRenderer.java:272)
	at knot//org.chermew.grabandgo.client.render.CarriedObjectFeatureRenderer.submit(CarriedObjectFeatureRenderer.java:97)
	at knot//org.chermew.grabandgo.client.render.CarriedObjectFeatureRenderer.submit(CarriedObjectFeatureRenderer.java:47)
	at knot//net.minecraft.client.renderer.entity.LivingEntityRenderer.submit(LivingEntityRenderer.java:113)
	at knot//net.minecraft.client.renderer.entity.LivingEntityRenderer.submit(LivingEntityRenderer.java:40)
	at knot//net.minecraft.client.renderer.entity.EntityRenderDispatcher.submit(EntityRenderDispatcher.java:154)
	at knot//net.minecraft.client.renderer.LevelRenderer.submitEntities(LevelRenderer.java:641)
	at knot//net.minecraft.client.renderer.LevelRenderer.submitFeatures(LevelRenderer.java:289)
	at knot//net.minecraft.client.renderer.LevelRenderer.render(LevelRenderer.java:180)
	at knot//net.minecraft.client.renderer.GameRenderer.renderLevel(GameRenderer.java:588)
	at knot//net.minecraft.client.renderer.GameRenderer.render(GameRenderer.java:428)
	at knot//net.minecraft.client.Minecraft.renderFrame(Minecraft.java:1374)
	at knot//net.minecraft.client.Minecraft.runTick(Minecraft.java:1269)
	at knot//net.minecraft.client.Minecraft.run(Minecraft.java:959)
	at knot//net.minecraft.client.main.Main.main(Main.java:292)
	at net.fabricmc.loader.impl.game.minecraft.MinecraftGameProvider.launch(MinecraftGameProvider.java:514)
	at net.fabricmc.loader.impl.launch.knot.Knot.launch(Knot.java:72)
	at net.fabricmc.loader.impl.launch.knot.KnotClient.main(KnotClient.java:23)
	at net.fabricmc.devlaunchinjector.Main.main(Main.java:86)
Caused by: java.lang.IllegalStateException: Tried to access entity ID before ID assignment
	at knot//net.minecraft.world.entity.Entity.getId(Entity.java:438)
	at knot//net.minecraft.client.renderer.item.ItemModelResolver.updateForLiving(ItemModelResolver.java:32)
	at knot//net.minecraft.client.renderer.entity.LivingEntityRenderer.extractRenderState(LivingEntityRenderer.java:309)
	at knot//net.minecraft.client.renderer.entity.CowRenderer.extractRenderState(CowRenderer.java:46)
	at knot//net.minecraft.client.renderer.entity.CowRenderer.extractRenderState(CowRenderer.java:18)
	at knot//net.minecraft.client.renderer.entity.EntityRenderer.createRenderState(EntityRenderer.java:157)
	at knot//net.minecraft.client.renderer.entity.EntityRenderDispatcher.extractEntity(EntityRenderDispatcher.java:130)
	... 19 more
[10:33:55] [Render thread/ERROR] (GrabAndGoRenderer) Failed to render carried entity
net.minecraft.ReportedException: Extracting render state for an entity in world
	at knot//net.minecraft.client.renderer.entity.EntityRenderDispatcher.extractEntity(EntityRenderDispatcher.java:139)
	at knot//org.chermew.grabandgo.client.render.CarriedObjectFeatureRenderer.renderEntity(CarriedObjectFeatureRenderer.java:272)
	at knot//org.chermew.grabandgo.client.render.CarriedObjectFeatureRenderer.submit(CarriedObjectFeatureRenderer.java:97)
	at knot//org.chermew.grabandgo.client.render.CarriedObjectFeatureRenderer.submit(CarriedObjectFeatureRenderer.java:47)
	at knot//net.minecraft.client.renderer.entity.LivingEntityRenderer.submit(LivingEntityRenderer.java:113)
	at knot//net.minecraft.client.renderer.entity.LivingEntityRenderer.submit(LivingEntityRenderer.java:40)
	at knot//net.minecraft.client.renderer.entity.EntityRenderDispatcher.submit(EntityRenderDispatcher.java:154)
	at knot//net.minecraft.client.renderer.LevelRenderer.submitEntities(LevelRenderer.java:641)
	at knot//net.minecraft.client.renderer.LevelRenderer.submitFeatures(LevelRenderer.java:289)
	at knot//net.minecraft.client.renderer.LevelRenderer.render(LevelRenderer.java:180)
	at knot//net.minecraft.client.renderer.GameRenderer.renderLevel(GameRenderer.java:588)
	at knot//net.minecraft.client.renderer.GameRenderer.render(GameRenderer.java:428)
	at knot//net.minecraft.client.Minecraft.renderFrame(Minecraft.java:1374)
	at knot//net.minecraft.client.Minecraft.runTick(Minecraft.java:1269)
	at knot//net.minecraft.client.Minecraft.run(Minecraft.java:959)
	at knot//net.minecraft.client.main.Main.main(Main.java:292)
	at net.fabricmc.loader.impl.game.minecraft.MinecraftGameProvider.launch(MinecraftGameProvider.java:514)
	at net.fabricmc.loader.impl.launch.knot.Knot.launch(Knot.java:72)
	at net.fabricmc.loader.impl.launch.knot.KnotClient.main(KnotClient.java:23)
	at net.fabricmc.devlaunchinjector.Main.main(Main.java:86)
Caused by: java.lang.IllegalStateException: Tried to access entity ID before ID assignment
	at knot//net.minecraft.world.entity.Entity.getId(Entity.java:438)
	at knot//net.minecraft.client.renderer.item.ItemModelResolver.updateForLiving(ItemModelResolver.java:32)
	at knot//net.minecraft.client.renderer.entity.LivingEntityRenderer.extractRenderState(LivingEntityRenderer.java:309)
	at knot//net.minecraft.client.renderer.entity.CowRenderer.extractRenderState(CowRenderer.java:46)
	at knot//net.minecraft.client.renderer.entity.CowRenderer.extractRenderState(CowRenderer.java:18)
	at knot//net.minecraft.client.renderer.entity.EntityRenderer.createRenderState(EntityRenderer.java:157)
	at knot//net.minecraft.client.renderer.entity.EntityRenderDispatcher.extractEntity(EntityRenderDispatcher.java:130)
	... 19 more
[10:33:55] [Render thread/ERROR] (GrabAndGoRenderer) Failed to render carried entity
net.minecraft.ReportedException: Extracting render state for an entity in world
	at knot//net.minecraft.client.renderer.entity.EntityRenderDispatcher.extractEntity(EntityRenderDispatcher.java:139)
	at knot//org.chermew.grabandgo.client.render.CarriedObjectFeatureRenderer.renderEntity(CarriedObjectFeatureRenderer.java:272)
	at knot//org.chermew.grabandgo.client.render.CarriedObjectFeatureRenderer.submit(CarriedObjectFeatureRenderer.java:97)
	at knot//org.chermew.grabandgo.client.render.CarriedObjectFeatureRenderer.submit(CarriedObjectFeatureRenderer.java:47)
	at knot//net.minecraft.client.renderer.entity.LivingEntityRenderer.submit(LivingEntityRenderer.java:113)
	at knot//net.minecraft.client.renderer.entity.LivingEntityRenderer.submit(LivingEntityRenderer.java:40)
	at knot//net.minecraft.client.renderer.entity.EntityRenderDispatcher.submit(EntityRenderDispatcher.java:154)
	at knot//net.minecraft.client.renderer.LevelRenderer.submitEntities(LevelRenderer.java:641)
	at knot//net.minecraft.client.renderer.LevelRenderer.submitFeatures(LevelRenderer.java:289)
	at knot//net.minecraft.client.renderer.LevelRenderer.render(LevelRenderer.java:180)
	at knot//net.minecraft.client.renderer.GameRenderer.renderLevel(GameRenderer.java:588)
	at knot//net.minecraft.client.renderer.GameRenderer.render(GameRenderer.java:428)
	at knot//net.minecraft.client.Minecraft.renderFrame(Minecraft.java:1374)
	at knot//net.minecraft.client.Minecraft.runTick(Minecraft.java:1269)
	at knot//net.minecraft.client.Minecraft.run(Minecraft.java:959)
	at knot//net.minecraft.client.main.Main.main(Main.java:292)
	at net.fabricmc.loader.impl.game.minecraft.MinecraftGameProvider.launch(MinecraftGameProvider.java:514)
	at net.fabricmc.loader.impl.launch.knot.Knot.launch(Knot.java:72)
	at net.fabricmc.loader.impl.launch.knot.KnotClient.main(KnotClient.java:23)
	at net.fabricmc.devlaunchinjector.Main.main(Main.java:86)
Caused by: java.lang.IllegalStateException: Tried to access entity ID before ID assignment
	at knot//net.minecraft.world.entity.Entity.getId(Entity.java:438)
	at knot//net.minecraft.client.renderer.item.ItemModelResolver.updateForLiving(ItemModelResolver.java:32)
	at knot//net.minecraft.client.renderer.entity.LivingEntityRenderer.extractRenderState(LivingEntityRenderer.java:309)
	at knot//net.minecraft.client.renderer.entity.CowRenderer.extractRenderState(CowRenderer.java:46)
	at knot//net.minecraft.client.renderer.entity.CowRenderer.extractRenderState(CowRenderer.java:18)
	at knot//net.minecraft.client.renderer.entity.EntityRenderer.createRenderState(EntityRenderer.java:157)
	at knot//net.minecraft.client.renderer.entity.EntityRenderDispatcher.extractEntity(EntityRenderDispatcher.java:130)
	... 19 more
[10:33:55] [Render thread/ERROR] (GrabAndGoRenderer) Failed to render carried entity
net.minecraft.ReportedException: Extracting render state for an entity in world
	at knot//net.minecraft.client.renderer.entity.EntityRenderDispatcher.extractEntity(EntityRenderDispatcher.java:139)
	at knot//org.chermew.grabandgo.client.render.CarriedObjectFeatureRenderer.renderEntity(CarriedObjectFeatureRenderer.java:272)
	at knot//org.chermew.grabandgo.client.render.CarriedObjectFeatureRenderer.submit(CarriedObjectFeatureRenderer.java:97)
	at knot//org.chermew.grabandgo.client.render.CarriedObjectFeatureRenderer.submit(CarriedObjectFeatureRenderer.java:47)
	at knot//net.minecraft.client.renderer.entity.LivingEntityRenderer.submit(LivingEntityRenderer.java:113)
	at knot//net.minecraft.client.renderer.entity.LivingEntityRenderer.submit(LivingEntityRenderer.java:40)
	at knot//net.minecraft.client.renderer.entity.EntityRenderDispatcher.submit(EntityRenderDispatcher.java:154)
	at knot//net.minecraft.client.renderer.LevelRenderer.submitEntities(LevelRenderer.java:641)
	at knot//net.minecraft.client.renderer.LevelRenderer.submitFeatures(LevelRenderer.java:289)
	at knot//net.minecraft.client.renderer.LevelRenderer.render(LevelRenderer.java:180)
	at knot//net.minecraft.client.renderer.GameRenderer.renderLevel(GameRenderer.java:588)
	at knot//net.minecraft.client.renderer.GameRenderer.render(GameRenderer.java:428)
	at knot//net.minecraft.client.Minecraft.renderFrame(Minecraft.java:1374)
	at knot//net.minecraft.client.Minecraft.runTick(Minecraft.java:1269)
	at knot//net.minecraft.client.Minecraft.run(Minecraft.java:959)
	at knot//net.minecraft.client.main.Main.main(Main.java:292)
	at net.fabricmc.loader.impl.game.minecraft.MinecraftGameProvider.launch(MinecraftGameProvider.java:514)
	at net.fabricmc.loader.impl.launch.knot.Knot.launch(Knot.java:72)
	at net.fabricmc.loader.impl.launch.knot.KnotClient.main(KnotClient.java:23)
	at net.fabricmc.devlaunchinjector.Main.main(Main.java:86)
Caused by: java.lang.IllegalStateException: Tried to access entity ID before ID assignment
	at knot//net.minecraft.world.entity.Entity.getId(Entity.java:438)
	at knot//net.minecraft.client.renderer.item.ItemModelResolver.updateForLiving(ItemModelResolver.java:32)
	at knot//net.minecraft.client.renderer.entity.LivingEntityRenderer.extractRenderState(LivingEntityRenderer.java:309)
	at knot//net.minecraft.client.renderer.entity.CowRenderer.extractRenderState(CowRenderer.java:46)
	at knot//net.minecraft.client.renderer.entity.CowRenderer.extractRenderState(CowRenderer.java:18)
	at knot//net.minecraft.client.renderer.entity.EntityRenderer.createRenderState(EntityRenderer.java:157)
	at knot//net.minecraft.client.renderer.entity.EntityRenderDispatcher.extractEntity(EntityRenderDispatcher.java:130)
	... 19 more
[10:33:55] [Render thread/ERROR] (GrabAndGoRenderer) Failed to render carried entity
net.minecraft.ReportedException: Extracting render state for an entity in world
	at knot//net.minecraft.client.renderer.entity.EntityRenderDispatcher.extractEntity(EntityRenderDispatcher.java:139)
	at knot//org.chermew.grabandgo.client.render.CarriedObjectFeatureRenderer.renderEntity(CarriedObjectFeatureRenderer.java:272)
	at knot//org.chermew.grabandgo.client.render.CarriedObjectFeatureRenderer.submit(CarriedObjectFeatureRenderer.java:97)
	at knot//org.chermew.grabandgo.client.render.CarriedObjectFeatureRenderer.submit(CarriedObjectFeatureRenderer.java:47)
	at knot//net.minecraft.client.renderer.entity.LivingEntityRenderer.submit(LivingEntityRenderer.java:113)
	at knot//net.minecraft.client.renderer.entity.LivingEntityRenderer.submit(LivingEntityRenderer.java:40)
	at knot//net.minecraft.client.renderer.entity.EntityRenderDispatcher.submit(EntityRenderDispatcher.java:154)
	at knot//net.minecraft.client.renderer.LevelRenderer.submitEntities(LevelRenderer.java:641)
	at knot//net.minecraft.client.renderer.LevelRenderer.submitFeatures(LevelRenderer.java:289)
	at knot//net.minecraft.client.renderer.LevelRenderer.render(LevelRenderer.java:180)
	at knot//net.minecraft.client.renderer.GameRenderer.renderLevel(GameRenderer.java:588)
	at knot//net.minecraft.client.renderer.GameRenderer.render(GameRenderer.java:428)
	at knot//net.minecraft.client.Minecraft.renderFrame(Minecraft.java:1374)
	at knot//net.minecraft.client.Minecraft.runTick(Minecraft.java:1269)
	at knot//net.minecraft.client.Minecraft.run(Minecraft.java:959)
	at knot//net.minecraft.client.main.Main.main(Main.java:292)
	at net.fabricmc.loader.impl.game.minecraft.MinecraftGameProvider.launch(MinecraftGameProvider.java:514)
	at net.fabricmc.loader.impl.launch.knot.Knot.launch(Knot.java:72)
	at net.fabricmc.loader.impl.launch.knot.KnotClient.main(KnotClient.java:23)
	at net.fabricmc.devlaunchinjector.Main.main(Main.java:86)
Caused by: java.lang.IllegalStateException: Tried to access entity ID before ID assignment
	at knot//net.minecraft.world.entity.Entity.getId(Entity.java:438)
	at knot//net.minecraft.client.renderer.item.ItemModelResolver.updateForLiving(ItemModelResolver.java:32)
	at knot//net.minecraft.client.renderer.entity.LivingEntityRenderer.extractRenderState(LivingEntityRenderer.java:309)
	at knot//net.minecraft.client.renderer.entity.CowRenderer.extractRenderState(CowRenderer.java:46)
	at knot//net.minecraft.client.renderer.entity.CowRenderer.extractRenderState(CowRenderer.java:18)
	at knot//net.minecraft.client.renderer.entity.EntityRenderer.createRenderState(EntityRenderer.java:157)
	at knot//net.minecraft.client.renderer.entity.EntityRenderDispatcher.extractEntity(EntityRenderDispatcher.java:130)
	... 19 more
[10:33:55] [Render thread/ERROR] (GrabAndGoRenderer) Failed to render carried entity
net.minecraft.ReportedException: Extracting render state for an entity in world
	at knot//net.minecraft.client.renderer.entity.EntityRenderDispatcher.extractEntity(EntityRenderDispatcher.java:139)
	at knot//org.chermew.grabandgo.client.render.CarriedObjectFeatureRenderer.renderEntity(CarriedObjectFeatureRenderer.java:272)
	at knot//org.chermew.grabandgo.client.render.CarriedObjectFeatureRenderer.submit(CarriedObjectFeatureRenderer.java:97)
	at knot//org.chermew.grabandgo.client.render.CarriedObjectFeatureRenderer.submit(CarriedObjectFeatureRenderer.java:47)
	at knot//net.minecraft.client.renderer.entity.LivingEntityRenderer.submit(LivingEntityRenderer.java:113)
	at knot//net.minecraft.client.renderer.entity.LivingEntityRenderer.submit(LivingEntityRenderer.java:40)
	at knot//net.minecraft.client.renderer.entity.EntityRenderDispatcher.submit(EntityRenderDispatcher.java:154)
	at knot//net.minecraft.client.renderer.LevelRenderer.submitEntities(LevelRenderer.java:641)
	at knot//net.minecraft.client.renderer.LevelRenderer.submitFeatures(LevelRenderer.java:289)
	at knot//net.minecraft.client.renderer.LevelRenderer.render(LevelRenderer.java:180)
	at knot//net.minecraft.client.renderer.GameRenderer.renderLevel(GameRenderer.java:588)
	at knot//net.minecraft.client.renderer.GameRenderer.render(GameRenderer.java:428)
	at knot//net.minecraft.client.Minecraft.renderFrame(Minecraft.java:1374)
	at knot//net.minecraft.client.Minecraft.runTick(Minecraft.java:1269)
	at knot//net.minecraft.client.Minecraft.run(Minecraft.java:959)
	at knot//net.minecraft.client.main.Main.main(Main.java:292)
	at net.fabricmc.loader.impl.game.minecraft.MinecraftGameProvider.launch(MinecraftGameProvider.java:514)
	at net.fabricmc.loader.impl.launch.knot.Knot.launch(Knot.java:72)
	at net.fabricmc.loader.impl.launch.knot.KnotClient.main(KnotClient.java:23)
	at net.fabricmc.devlaunchinjector.Main.main(Main.java:86)
Caused by: java.lang.IllegalStateException: Tried to access entity ID before ID assignment
	at knot//net.minecraft.world.entity.Entity.getId(Entity.java:438)
	at knot//net.minecraft.client.renderer.item.ItemModelResolver.updateForLiving(ItemModelResolver.java:32)
	at knot//net.minecraft.client.renderer.entity.LivingEntityRenderer.extractRenderState(LivingEntityRenderer.java:309)
	at knot//net.minecraft.client.renderer.entity.CowRenderer.extractRenderState(CowRenderer.java:46)
	at knot//net.minecraft.client.renderer.entity.CowRenderer.extractRenderState(CowRenderer.java:18)
	at knot//net.minecraft.client.renderer.entity.EntityRenderer.createRenderState(EntityRenderer.java:157)
	at knot//net.minecraft.client.renderer.entity.EntityRenderDispatcher.extractEntity(EntityRenderDispatcher.java:130)
	... 19 more
[10:33:55] [Render thread/ERROR] (GrabAndGoRenderer) Failed to render carried entity
net.minecraft.ReportedException: Extracting render state for an entity in world
	at knot//net.minecraft.client.renderer.entity.EntityRenderDispatcher.extractEntity(EntityRenderDispatcher.java:139)
	at knot//org.chermew.grabandgo.client.render.CarriedObjectFeatureRenderer.renderEntity(CarriedObjectFeatureRenderer.java:272)
	at knot//org.chermew.grabandgo.client.render.CarriedObjectFeatureRenderer.submit(CarriedObjectFeatureRenderer.java:97)
	at knot//org.chermew.grabandgo.client.render.CarriedObjectFeatureRenderer.submit(CarriedObjectFeatureRenderer.java:47)
	at knot//net.minecraft.client.renderer.entity.LivingEntityRenderer.submit(LivingEntityRenderer.java:113)
	at knot//net.minecraft.client.renderer.entity.LivingEntityRenderer.submit(LivingEntityRenderer.java:40)
	at knot//net.minecraft.client.renderer.entity.EntityRenderDispatcher.submit(EntityRenderDispatcher.java:154)
	at knot//net.minecraft.client.renderer.LevelRenderer.submitEntities(LevelRenderer.java:641)
	at knot//net.minecraft.client.renderer.LevelRenderer.submitFeatures(LevelRenderer.java:289)
	at knot//net.minecraft.client.renderer.LevelRenderer.render(LevelRenderer.java:180)
	at knot//net.minecraft.client.renderer.GameRenderer.renderLevel(GameRenderer.java:588)
	at knot//net.minecraft.client.renderer.GameRenderer.render(GameRenderer.java:428)
	at knot//net.minecraft.client.Minecraft.renderFrame(Minecraft.java:1374)
	at knot//net.minecraft.client.Minecraft.runTick(Minecraft.java:1269)
	at knot//net.minecraft.client.Minecraft.run(Minecraft.java:959)
	at knot//net.minecraft.client.main.Main.main(Main.java:292)
	at net.fabricmc.loader.impl.game.minecraft.MinecraftGameProvider.launch(MinecraftGameProvider.java:514)
	at net.fabricmc.loader.impl.launch.knot.Knot.launch(Knot.java:72)
	at net.fabricmc.loader.impl.launch.knot.KnotClient.main(KnotClient.java:23)
	at net.fabricmc.devlaunchinjector.Main.main(Main.java:86)
Caused by: java.lang.IllegalStateException: Tried to access entity ID before ID assignment
	at knot//net.minecraft.world.entity.Entity.getId(Entity.java:438)
	at knot//net.minecraft.client.renderer.item.ItemModelResolver.updateForLiving(ItemModelResolver.java:32)
	at knot//net.minecraft.client.renderer.entity.LivingEntityRenderer.extractRenderState(LivingEntityRenderer.java:309)
	at knot//net.minecraft.client.renderer.entity.CowRenderer.extractRenderState(CowRenderer.java:46)
	at knot//net.minecraft.client.renderer.entity.CowRenderer.extractRenderState(CowRenderer.java:18)
	at knot//net.minecraft.client.renderer.entity.EntityRenderer.createRenderState(EntityRenderer.java:157)
	at knot//net.minecraft.client.renderer.entity.EntityRenderDispatcher.extractEntity(EntityRenderDispatcher.java:130)
	... 19 more
[10:33:55] [Render thread/ERROR] (GrabAndGoRenderer) Failed to render carried entity
net.minecraft.ReportedException: Extracting render state for an entity in world
	at knot//net.minecraft.client.renderer.entity.EntityRenderDispatcher.extractEntity(EntityRenderDispatcher.java:139)
	at knot//org.chermew.grabandgo.client.render.CarriedObjectFeatureRenderer.renderEntity(CarriedObjectFeatureRenderer.java:272)
	at knot//org.chermew.grabandgo.client.render.CarriedObjectFeatureRenderer.submit(CarriedObjectFeatureRenderer.java:97)
	at knot//org.chermew.grabandgo.client.render.CarriedObjectFeatureRenderer.submit(CarriedObjectFeatureRenderer.java:47)
	at knot//net.minecraft.client.renderer.entity.LivingEntityRenderer.submit(LivingEntityRenderer.java:113)
	at knot//net.minecraft.client.renderer.entity.LivingEntityRenderer.submit(LivingEntityRenderer.java:40)
	at knot//net.minecraft.client.renderer.entity.EntityRenderDispatcher.submit(EntityRenderDispatcher.java:154)
	at knot//net.minecraft.client.renderer.LevelRenderer.submitEntities(LevelRenderer.java:641)
	at knot//net.minecraft.client.renderer.LevelRenderer.submitFeatures(LevelRenderer.java:289)
	at knot//net.minecraft.client.renderer.LevelRenderer.render(LevelRenderer.java:180)
	at knot//net.minecraft.client.renderer.GameRenderer.renderLevel(GameRenderer.java:588)
	at knot//net.minecraft.client.renderer.GameRenderer.render(GameRenderer.java:428)
	at knot//net.minecraft.client.Minecraft.renderFrame(Minecraft.java:1374)
	at knot//net.minecraft.client.Minecraft.runTick(Minecraft.java:1269)
	at knot//net.minecraft.client.Minecraft.run(Minecraft.java:959)
	at knot//net.minecraft.client.main.Main.main(Main.java:292)
	at net.fabricmc.loader.impl.game.minecraft.MinecraftGameProvider.launch(MinecraftGameProvider.java:514)
	at net.fabricmc.loader.impl.launch.knot.Knot.launch(Knot.java:72)
	at net.fabricmc.loader.impl.launch.knot.KnotClient.main(KnotClient.java:23)
	at net.fabricmc.devlaunchinjector.Main.main(Main.java:86)
Caused by: java.lang.IllegalStateException: Tried to access entity ID before ID assignment
	at knot//net.minecraft.world.entity.Entity.getId(Entity.java:438)
	at knot//net.minecraft.client.renderer.item.ItemModelResolver.updateForLiving(ItemModelResolver.java:32)
	at knot//net.minecraft.client.renderer.entity.LivingEntityRenderer.extractRenderState(LivingEntityRenderer.java:309)
	at knot//net.minecraft.client.renderer.entity.CowRenderer.extractRenderState(CowRenderer.java:46)
	at knot//net.minecraft.client.renderer.entity.CowRenderer.extractRenderState(CowRenderer.java:18)
	at knot//net.minecraft.client.renderer.entity.EntityRenderer.createRenderState(EntityRenderer.java:157)
	at knot//net.minecraft.client.renderer.entity.EntityRenderDispatcher.extractEntity(EntityRenderDispatcher.java:130)
	... 19 more
[10:33:55] [Render thread/ERROR] (GrabAndGoRenderer) Failed to render carried entity
net.minecraft.ReportedException: Extracting render state for an entity in world
	at knot//net.minecraft.client.renderer.entity.EntityRenderDispatcher.extractEntity(EntityRenderDispatcher.java:139)
	at knot//org.chermew.grabandgo.client.render.CarriedObjectFeatureRenderer.renderEntity(CarriedObjectFeatureRenderer.java:272)
	at knot//org.chermew.grabandgo.client.render.CarriedObjectFeatureRenderer.submit(CarriedObjectFeatureRenderer.java:97)
	at knot//org.chermew.grabandgo.client.render.CarriedObjectFeatureRenderer.submit(CarriedObjectFeatureRenderer.java:47)
	at knot//net.minecraft.client.renderer.entity.LivingEntityRenderer.submit(LivingEntityRenderer.java:113)
	at knot//net.minecraft.client.renderer.entity.LivingEntityRenderer.submit(LivingEntityRenderer.java:40)
	at knot//net.minecraft.client.renderer.entity.EntityRenderDispatcher.submit(EntityRenderDispatcher.java:154)
	at knot//net.minecraft.client.renderer.LevelRenderer.submitEntities(LevelRenderer.java:641)
	at knot//net.minecraft.client.renderer.LevelRenderer.submitFeatures(LevelRenderer.java:289)
	at knot//net.minecraft.client.renderer.LevelRenderer.render(LevelRenderer.java:180)
	at knot//net.minecraft.client.renderer.GameRenderer.renderLevel(GameRenderer.java:588)
	at knot//net.minecraft.client.renderer.GameRenderer.render(GameRenderer.java:428)
	at knot//net.minecraft.client.Minecraft.renderFrame(Minecraft.java:1374)
	at knot//net.minecraft.client.Minecraft.runTick(Minecraft.java:1269)
	at knot//net.minecraft.client.Minecraft.run(Minecraft.java:959)
	at knot//net.minecraft.client.main.Main.main(Main.java:292)
	at net.fabricmc.loader.impl.game.minecraft.MinecraftGameProvider.launch(MinecraftGameProvider.java:514)
	at net.fabricmc.loader.impl.launch.knot.Knot.launch(Knot.java:72)
	at net.fabricmc.loader.impl.launch.knot.KnotClient.main(KnotClient.java:23)
	at net.fabricmc.devlaunchinjector.Main.main(Main.java:86)
Caused by: java.lang.IllegalStateException: Tried to access entity ID before ID assignment
	at knot//net.minecraft.world.entity.Entity.getId(Entity.java:438)
	at knot//net.minecraft.client.renderer.item.ItemModelResolver.updateForLiving(ItemModelResolver.java:32)
	at knot//net.minecraft.client.renderer.entity.LivingEntityRenderer.extractRenderState(LivingEntityRenderer.java:309)
	at knot//net.minecraft.client.renderer.entity.CowRenderer.extractRenderState(CowRenderer.java:46)
	at knot//net.minecraft.client.renderer.entity.CowRenderer.extractRenderState(CowRenderer.java:18)
	at knot//net.minecraft.client.renderer.entity.EntityRenderer.createRenderState(EntityRenderer.java:157)
	at knot//net.minecraft.client.renderer.entity.EntityRenderDispatcher.extractEntity(EntityRenderDispatcher.java:130)
	... 19 more
[10:33:56] [Render thread/ERROR] (GrabAndGoRenderer) Failed to render carried entity
net.minecraft.ReportedException: Extracting render state for an entity in world
	at knot//net.minecraft.client.renderer.entity.EntityRenderDispatcher.extractEntity(EntityRenderDispatcher.java:139)
	at knot//org.chermew.grabandgo.client.render.CarriedObjectFeatureRenderer.renderEntity(CarriedObjectFeatureRenderer.java:272)
	at knot//org.chermew.grabandgo.client.render.CarriedObjectFeatureRenderer.submit(CarriedObjectFeatureRenderer.java:97)
	at knot//org.chermew.grabandgo.client.render.CarriedObjectFeatureRenderer.submit(CarriedObjectFeatureRenderer.java:47)
	at knot//net.minecraft.client.renderer.entity.LivingEntityRenderer.submit(LivingEntityRenderer.java:113)
	at knot//net.minecraft.client.renderer.entity.LivingEntityRenderer.submit(LivingEntityRenderer.java:40)
	at knot//net.minecraft.client.renderer.entity.EntityRenderDispatcher.submit(EntityRenderDispatcher.java:154)
	at knot//net.minecraft.client.renderer.LevelRenderer.submitEntities(LevelRenderer.java:641)
	at knot//net.minecraft.client.renderer.LevelRenderer.submitFeatures(LevelRenderer.java:289)
	at knot//net.minecraft.client.renderer.LevelRenderer.render(LevelRenderer.java:180)
	at knot//net.minecraft.client.renderer.GameRenderer.renderLevel(GameRenderer.java:588)
	at knot//net.minecraft.client.renderer.GameRenderer.render(GameRenderer.java:428)
	at knot//net.minecraft.client.Minecraft.renderFrame(Minecraft.java:1374)
	at knot//net.minecraft.client.Minecraft.runTick(Minecraft.java:1269)
	at knot//net.minecraft.client.Minecraft.run(Minecraft.java:959)
	at knot//net.minecraft.client.main.Main.main(Main.java:292)
	at net.fabricmc.loader.impl.game.minecraft.MinecraftGameProvider.launch(MinecraftGameProvider.java:514)
	at net.fabricmc.loader.impl.launch.knot.Knot.launch(Knot.java:72)
	at net.fabricmc.loader.impl.launch.knot.KnotClient.main(KnotClient.java:23)
	at net.fabricmc.devlaunchinjector.Main.main(Main.java:86)
Caused by: java.lang.IllegalStateException: Tried to access entity ID before ID assignment
	at knot//net.minecraft.world.entity.Entity.getId(Entity.java:438)
	at knot//net.minecraft.client.renderer.item.ItemModelResolver.updateForLiving(ItemModelResolver.java:32)
	at knot//net.minecraft.client.renderer.entity.LivingEntityRenderer.extractRenderState(LivingEntityRenderer.java:309)
	at knot//net.minecraft.client.renderer.entity.CowRenderer.extractRenderState(CowRenderer.java:46)
	at knot//net.minecraft.client.renderer.entity.CowRenderer.extractRenderState(CowRenderer.java:18)
	at knot//net.minecraft.client.renderer.entity.EntityRenderer.createRenderState(EntityRenderer.java:157)
	at knot//net.minecraft.client.renderer.entity.EntityRenderDispatcher.extractEntity(EntityRenderDispatcher.java:130)
	... 19 more
[10:33:56] [Render thread/ERROR] (GrabAndGoRenderer) Failed to render carried entity
net.minecraft.ReportedException: Extracting render state for an entity in world
	at knot//net.minecraft.client.renderer.entity.EntityRenderDispatcher.extractEntity(EntityRenderDispatcher.java:139)
	at knot//org.chermew.grabandgo.client.render.CarriedObjectFeatureRenderer.renderEntity(CarriedObjectFeatureRenderer.java:272)
	at knot//org.chermew.grabandgo.client.render.CarriedObjectFeatureRenderer.submit(CarriedObjectFeatureRenderer.java:97)
	at knot//org.chermew.grabandgo.client.render.CarriedObjectFeatureRenderer.submit(CarriedObjectFeatureRenderer.java:47)
	at knot//net.minecraft.client.renderer.entity.LivingEntityRenderer.submit(LivingEntityRenderer.java:113)
	at knot//net.minecraft.client.renderer.entity.LivingEntityRenderer.submit(LivingEntityRenderer.java:40)
	at knot//net.minecraft.client.renderer.entity.EntityRenderDispatcher.submit(EntityRenderDispatcher.java:154)
	at knot//net.minecraft.client.renderer.LevelRenderer.submitEntities(LevelRenderer.java:641)
	at knot//net.minecraft.client.renderer.LevelRenderer.submitFeatures(LevelRenderer.java:289)
	at knot//net.minecraft.client.renderer.LevelRenderer.render(LevelRenderer.java:180)
	at knot//net.minecraft.client.renderer.GameRenderer.renderLevel(GameRenderer.java:588)
	at knot//net.minecraft.client.renderer.GameRenderer.render(GameRenderer.java:428)
	at knot//net.minecraft.client.Minecraft.renderFrame(Minecraft.java:1374)
	at knot//net.minecraft.client.Minecraft.runTick(Minecraft.java:1269)
	at knot//net.minecraft.client.Minecraft.run(Minecraft.java:959)
	at knot//net.minecraft.client.main.Main.main(Main.java:292)
	at net.fabricmc.loader.impl.game.minecraft.MinecraftGameProvider.launch(MinecraftGameProvider.java:514)
	at net.fabricmc.loader.impl.launch.knot.Knot.launch(Knot.java:72)
	at net.fabricmc.loader.impl.launch.knot.KnotClient.main(KnotClient.java:23)
	at net.fabricmc.devlaunchinjector.Main.main(Main.java:86)
Caused by: java.lang.IllegalStateException: Tried to access entity ID before ID assignment
	at knot//net.minecraft.world.entity.Entity.getId(Entity.java:438)
	at knot//net.minecraft.client.renderer.item.ItemModelResolver.updateForLiving(ItemModelResolver.java:32)
	at knot//net.minecraft.client.renderer.entity.LivingEntityRenderer.extractRenderState(LivingEntityRenderer.java:309)
	at knot//net.minecraft.client.renderer.entity.CowRenderer.extractRenderState(CowRenderer.java:46)
	at knot//net.minecraft.client.renderer.entity.CowRenderer.extractRenderState(CowRenderer.java:18)
	at knot//net.minecraft.client.renderer.entity.EntityRenderer.createRenderState(EntityRenderer.java:157)
	at knot//net.minecraft.client.renderer.entity.EntityRenderDispatcher.extractEntity(EntityRenderDispatcher.java:130)
	... 19 more
[10:33:56] [Render thread/ERROR] (GrabAndGoRenderer) Failed to render carried entity
net.minecraft.ReportedException: Extracting render state for an entity in world
	at knot//net.minecraft.client.renderer.entity.EntityRenderDispatcher.extractEntity(EntityRenderDispatcher.java:139)
	at knot//org.chermew.grabandgo.client.render.CarriedObjectFeatureRenderer.renderEntity(CarriedObjectFeatureRenderer.java:272)
	at knot//org.chermew.grabandgo.client.render.CarriedObjectFeatureRenderer.submit(CarriedObjectFeatureRenderer.java:97)
	at knot//org.chermew.grabandgo.client.render.CarriedObjectFeatureRenderer.submit(CarriedObjectFeatureRenderer.java:47)
	at knot//net.minecraft.client.renderer.entity.LivingEntityRenderer.submit(LivingEntityRenderer.java:113)
	at knot//net.minecraft.client.renderer.entity.LivingEntityRenderer.submit(LivingEntityRenderer.java:40)
	at knot//net.minecraft.client.renderer.entity.EntityRenderDispatcher.submit(EntityRenderDispatcher.java:154)
	at knot//net.minecraft.client.renderer.LevelRenderer.submitEntities(LevelRenderer.java:641)
	at knot//net.minecraft.client.renderer.LevelRenderer.submitFeatures(LevelRenderer.java:289)
	at knot//net.minecraft.client.renderer.LevelRenderer.render(LevelRenderer.java:180)
	at knot//net.minecraft.client.renderer.GameRenderer.renderLevel(GameRenderer.java:588)
	at knot//net.minecraft.client.renderer.GameRenderer.render(GameRenderer.java:428)
	at knot//net.minecraft.client.Minecraft.renderFrame(Minecraft.java:1374)
	at knot//net.minecraft.client.Minecraft.runTick(Minecraft.java:1269)
	at knot//net.minecraft.client.Minecraft.run(Minecraft.java:959)
	at knot//net.minecraft.client.main.Main.main(Main.java:292)
	at net.fabricmc.loader.impl.game.minecraft.MinecraftGameProvider.launch(MinecraftGameProvider.java:514)
	at net.fabricmc.loader.impl.launch.knot.Knot.launch(Knot.java:72)
	at net.fabricmc.loader.impl.launch.knot.KnotClient.main(KnotClient.java:23)
	at net.fabricmc.devlaunchinjector.Main.main(Main.java:86)
Caused by: java.lang.IllegalStateException: Tried to access entity ID before ID assignment
	at knot//net.minecraft.world.entity.Entity.getId(Entity.java:438)
	at knot//net.minecraft.client.renderer.item.ItemModelResolver.updateForLiving(ItemModelResolver.java:32)
	at knot//net.minecraft.client.renderer.entity.LivingEntityRenderer.extractRenderState(LivingEntityRenderer.java:309)
	at knot//net.minecraft.client.renderer.entity.CowRenderer.extractRenderState(CowRenderer.java:46)
	at knot//net.minecraft.client.renderer.entity.CowRenderer.extractRenderState(CowRenderer.java:18)
	at knot//net.minecraft.client.renderer.entity.EntityRenderer.createRenderState(EntityRenderer.java:157)
	at knot//net.minecraft.client.renderer.entity.EntityRenderDispatcher.extractEntity(EntityRenderDispatcher.java:130)
	... 19 more
[10:33:56] [Render thread/ERROR] (GrabAndGoRenderer) Failed to render carried entity
net.minecraft.ReportedException: Extracting render state for an entity in world
	at knot//net.minecraft.client.renderer.entity.EntityRenderDispatcher.extractEntity(EntityRenderDispatcher.java:139)
	at knot//org.chermew.grabandgo.client.render.CarriedObjectFeatureRenderer.renderEntity(CarriedObjectFeatureRenderer.java:272)
	at knot//org.chermew.grabandgo.client.render.CarriedObjectFeatureRenderer.submit(CarriedObjectFeatureRenderer.java:97)
	at knot//org.chermew.grabandgo.client.render.CarriedObjectFeatureRenderer.submit(CarriedObjectFeatureRenderer.java:47)
	at knot//net.minecraft.client.renderer.entity.LivingEntityRenderer.submit(LivingEntityRenderer.java:113)
	at knot//net.minecraft.client.renderer.entity.LivingEntityRenderer.submit(LivingEntityRenderer.java:40)
	at knot//net.minecraft.client.renderer.entity.EntityRenderDispatcher.submit(EntityRenderDispatcher.java:154)
	at knot//net.minecraft.client.renderer.LevelRenderer.submitEntities(LevelRenderer.java:641)
	at knot//net.minecraft.client.renderer.LevelRenderer.submitFeatures(LevelRenderer.java:289)
	at knot//net.minecraft.client.renderer.LevelRenderer.render(LevelRenderer.java:180)
	at knot//net.minecraft.client.renderer.GameRenderer.renderLevel(GameRenderer.java:588)
	at knot//net.minecraft.client.renderer.GameRenderer.render(GameRenderer.java:428)
	at knot//net.minecraft.client.Minecraft.renderFrame(Minecraft.java:1374)
	at knot//net.minecraft.client.Minecraft.runTick(Minecraft.java:1269)
	at knot//net.minecraft.client.Minecraft.run(Minecraft.java:959)
	at knot//net.minecraft.client.main.Main.main(Main.java:292)
	at net.fabricmc.loader.impl.game.minecraft.MinecraftGameProvider.launch(MinecraftGameProvider.java:514)
	at net.fabricmc.loader.impl.launch.knot.Knot.launch(Knot.java:72)
	at net.fabricmc.loader.impl.launch.knot.KnotClient.main(KnotClient.java:23)
	at net.fabricmc.devlaunchinjector.Main.main(Main.java:86)
Caused by: java.lang.IllegalStateException: Tried to access entity ID before ID assignment
	at knot//net.minecraft.world.entity.Entity.getId(Entity.java:438)
	at knot//net.minecraft.client.renderer.item.ItemModelResolver.updateForLiving(ItemModelResolver.java:32)
	at knot//net.minecraft.client.renderer.entity.LivingEntityRenderer.extractRenderState(LivingEntityRenderer.java:309)
	at knot//net.minecraft.client.renderer.entity.CowRenderer.extractRenderState(CowRenderer.java:46)
	at knot//net.minecraft.client.renderer.entity.CowRenderer.extractRenderState(CowRenderer.java:18)
	at knot//net.minecraft.client.renderer.entity.EntityRenderer.createRenderState(EntityRenderer.java:157)
	at knot//net.minecraft.client.renderer.entity.EntityRenderDispatcher.extractEntity(EntityRenderDispatcher.java:130)
	... 19 more
[10:33:56] [Render thread/ERROR] (GrabAndGoRenderer) Failed to render carried entity
net.minecraft.ReportedException: Extracting render state for an entity in world
	at knot//net.minecraft.client.renderer.entity.EntityRenderDispatcher.extractEntity(EntityRenderDispatcher.java:139)
	at knot//org.chermew.grabandgo.client.render.CarriedObjectFeatureRenderer.renderEntity(CarriedObjectFeatureRenderer.java:272)
	at knot//org.chermew.grabandgo.client.render.CarriedObjectFeatureRenderer.submit(CarriedObjectFeatureRenderer.java:97)
	at knot//org.chermew.grabandgo.client.render.CarriedObjectFeatureRenderer.submit(CarriedObjectFeatureRenderer.java:47)
	at knot//net.minecraft.client.renderer.entity.LivingEntityRenderer.submit(LivingEntityRenderer.java:113)
	at knot//net.minecraft.client.renderer.entity.LivingEntityRenderer.submit(LivingEntityRenderer.java:40)
	at knot//net.minecraft.client.renderer.entity.EntityRenderDispatcher.submit(EntityRenderDispatcher.java:154)
	at knot//net.minecraft.client.renderer.LevelRenderer.submitEntities(LevelRenderer.java:641)
	at knot//net.minecraft.client.renderer.LevelRenderer.submitFeatures(LevelRenderer.java:289)
	at knot//net.minecraft.client.renderer.LevelRenderer.render(LevelRenderer.java:180)
	at knot//net.minecraft.client.renderer.GameRenderer.renderLevel(GameRenderer.java:588)
	at knot//net.minecraft.client.renderer.GameRenderer.render(GameRenderer.java:428)
	at knot//net.minecraft.client.Minecraft.renderFrame(Minecraft.java:1374)
	at knot//net.minecraft.client.Minecraft.runTick(Minecraft.java:1269)
	at knot//net.minecraft.client.Minecraft.run(Minecraft.java:959)
	at knot//net.minecraft.client.main.Main.main(Main.java:292)
	at net.fabricmc.loader.impl.game.minecraft.MinecraftGameProvider.launch(MinecraftGameProvider.java:514)
	at net.fabricmc.loader.impl.launch.knot.Knot.launch(Knot.java:72)
	at net.fabricmc.loader.impl.launch.knot.KnotClient.main(KnotClient.java:23)
	at net.fabricmc.devlaunchinjector.Main.main(Main.java:86)
Caused by: java.lang.IllegalStateException: Tried to access entity ID before ID assignment
	at knot//net.minecraft.world.entity.Entity.getId(Entity.java:438)
	at knot//net.minecraft.client.renderer.item.ItemModelResolver.updateForLiving(ItemModelResolver.java:32)
	at knot//net.minecraft.client.renderer.entity.LivingEntityRenderer.extractRenderState(LivingEntityRenderer.java:309)
	at knot//net.minecraft.client.renderer.entity.CowRenderer.extractRenderState(CowRenderer.java:46)
	at knot//net.minecraft.client.renderer.entity.CowRenderer.extractRenderState(CowRenderer.java:18)
	at knot//net.minecraft.client.renderer.entity.EntityRenderer.createRenderState(EntityRenderer.java:157)
	at knot//net.minecraft.client.renderer.entity.EntityRenderDispatcher.extractEntity(EntityRenderDispatcher.java:130)
	... 19 more
[10:33:56] [Render thread/ERROR] (GrabAndGoRenderer) Failed to render carried entity
net.minecraft.ReportedException: Extracting render state for an entity in world
	at knot//net.minecraft.client.renderer.entity.EntityRenderDispatcher.extractEntity(EntityRenderDispatcher.java:139)
	at knot//org.chermew.grabandgo.client.render.CarriedObjectFeatureRenderer.renderEntity(CarriedObjectFeatureRenderer.java:272)
	at knot//org.chermew.grabandgo.client.render.CarriedObjectFeatureRenderer.submit(CarriedObjectFeatureRenderer.java:97)
	at knot//org.chermew.grabandgo.client.render.CarriedObjectFeatureRenderer.submit(CarriedObjectFeatureRenderer.java:47)
	at knot//net.minecraft.client.renderer.entity.LivingEntityRenderer.submit(LivingEntityRenderer.java:113)
	at knot//net.minecraft.client.renderer.entity.LivingEntityRenderer.submit(LivingEntityRenderer.java:40)
	at knot//net.minecraft.client.renderer.entity.EntityRenderDispatcher.submit(EntityRenderDispatcher.java:154)
	at knot//net.minecraft.client.renderer.LevelRenderer.submitEntities(LevelRenderer.java:641)
	at knot//net.minecraft.client.renderer.LevelRenderer.submitFeatures(LevelRenderer.java:289)
	at knot//net.minecraft.client.renderer.LevelRenderer.render(LevelRenderer.java:180)
	at knot//net.minecraft.client.renderer.GameRenderer.renderLevel(GameRenderer.java:588)
	at knot//net.minecraft.client.renderer.GameRenderer.render(GameRenderer.java:428)
	at knot//net.minecraft.client.Minecraft.renderFrame(Minecraft.java:1374)
	at knot//net.minecraft.client.Minecraft.runTick(Minecraft.java:1269)
	at knot//net.minecraft.client.Minecraft.run(Minecraft.java:959)
	at knot//net.minecraft.client.main.Main.main(Main.java:292)
	at net.fabricmc.loader.impl.game.minecraft.MinecraftGameProvider.launch(MinecraftGameProvider.java:514)
	at net.fabricmc.loader.impl.launch.knot.Knot.launch(Knot.java:72)
	at net.fabricmc.loader.impl.launch.knot.KnotClient.main(KnotClient.java:23)
	at net.fabricmc.devlaunchinjector.Main.main(Main.java:86)
Caused by: java.lang.IllegalStateException: Tried to access entity ID before ID assignment
	at knot//net.minecraft.world.entity.Entity.getId(Entity.java:438)
	at knot//net.minecraft.client.renderer.item.ItemModelResolver.updateForLiving(ItemModelResolver.java:32)
	at knot//net.minecraft.client.renderer.entity.LivingEntityRenderer.extractRenderState(LivingEntityRenderer.java:309)
	at knot//net.minecraft.client.renderer.entity.CowRenderer.extractRenderState(CowRenderer.java:46)
	at knot//net.minecraft.client.renderer.entity.CowRenderer.extractRenderState(CowRenderer.java:18)
	at knot//net.minecraft.client.renderer.entity.EntityRenderer.createRenderState(EntityRenderer.java:157)
	at knot//net.minecraft.client.renderer.entity.EntityRenderDispatcher.extractEntity(EntityRenderDispatcher.java:130)
	... 19 more
[10:33:56] [Render thread/ERROR] (GrabAndGoRenderer) Failed to render carried entity
net.minecraft.ReportedException: Extracting render state for an entity in world
	at knot//net.minecraft.client.renderer.entity.EntityRenderDispatcher.extractEntity(EntityRenderDispatcher.java:139)
	at knot//org.chermew.grabandgo.client.render.CarriedObjectFeatureRenderer.renderEntity(CarriedObjectFeatureRenderer.java:272)
	at knot//org.chermew.grabandgo.client.render.CarriedObjectFeatureRenderer.submit(CarriedObjectFeatureRenderer.java:97)
	at knot//org.chermew.grabandgo.client.render.CarriedObjectFeatureRenderer.submit(CarriedObjectFeatureRenderer.java:47)
	at knot//net.minecraft.client.renderer.entity.LivingEntityRenderer.submit(LivingEntityRenderer.java:113)
	at knot//net.minecraft.client.renderer.entity.LivingEntityRenderer.submit(LivingEntityRenderer.java:40)
	at knot//net.minecraft.client.renderer.entity.EntityRenderDispatcher.submit(EntityRenderDispatcher.java:154)
	at knot//net.minecraft.client.renderer.LevelRenderer.submitEntities(LevelRenderer.java:641)
	at knot//net.minecraft.client.renderer.LevelRenderer.submitFeatures(LevelRenderer.java:289)
	at knot//net.minecraft.client.renderer.LevelRenderer.render(LevelRenderer.java:180)
	at knot//net.minecraft.client.renderer.GameRenderer.renderLevel(GameRenderer.java:588)
	at knot//net.minecraft.client.renderer.GameRenderer.render(GameRenderer.java:428)
	at knot//net.minecraft.client.Minecraft.renderFrame(Minecraft.java:1374)
	at knot//net.minecraft.client.Minecraft.runTick(Minecraft.java:1269)
	at knot//net.minecraft.client.Minecraft.run(Minecraft.java:959)
	at knot//net.minecraft.client.main.Main.main(Main.java:292)
	at net.fabricmc.loader.impl.game.minecraft.MinecraftGameProvider.launch(MinecraftGameProvider.java:514)
	at net.fabricmc.loader.impl.launch.knot.Knot.launch(Knot.java:72)
	at net.fabricmc.loader.impl.launch.knot.KnotClient.main(KnotClient.java:23)
	at net.fabricmc.devlaunchinjector.Main.main(Main.java:86)
Caused by: java.lang.IllegalStateException: Tried to access entity ID before ID assignment
	at knot//net.minecraft.world.entity.Entity.getId(Entity.java:438)
	at knot//net.minecraft.client.renderer.item.ItemModelResolver.updateForLiving(ItemModelResolver.java:32)
	at knot//net.minecraft.client.renderer.entity.LivingEntityRenderer.extractRenderState(LivingEntityRenderer.java:309)
	at knot//net.minecraft.client.renderer.entity.CowRenderer.extractRenderState(CowRenderer.java:46)
	at knot//net.minecraft.client.renderer.entity.CowRenderer.extractRenderState(CowRenderer.java:18)
	at knot//net.minecraft.client.renderer.entity.EntityRenderer.createRenderState(EntityRenderer.java:157)
	at knot//net.minecraft.client.renderer.entity.EntityRenderDispatcher.extractEntity(EntityRenderDispatcher.java:130)
	... 19 more
[10:33:56] [Render thread/ERROR] (GrabAndGoRenderer) Failed to render carried entity
net.minecraft.ReportedException: Extracting render state for an entity in world
	at knot//net.minecraft.client.renderer.entity.EntityRenderDispatcher.extractEntity(EntityRenderDispatcher.java:139)
	at knot//org.chermew.grabandgo.client.render.CarriedObjectFeatureRenderer.renderEntity(CarriedObjectFeatureRenderer.java:272)
	at knot//org.chermew.grabandgo.client.render.CarriedObjectFeatureRenderer.submit(CarriedObjectFeatureRenderer.java:97)
	at knot//org.chermew.grabandgo.client.render.CarriedObjectFeatureRenderer.submit(CarriedObjectFeatureRenderer.java:47)
	at knot//net.minecraft.client.renderer.entity.LivingEntityRenderer.submit(LivingEntityRenderer.java:113)
	at knot//net.minecraft.client.renderer.entity.LivingEntityRenderer.submit(LivingEntityRenderer.java:40)
	at knot//net.minecraft.client.renderer.entity.EntityRenderDispatcher.submit(EntityRenderDispatcher.java:154)
	at knot//net.minecraft.client.renderer.LevelRenderer.submitEntities(LevelRenderer.java:641)
	at knot//net.minecraft.client.renderer.LevelRenderer.submitFeatures(LevelRenderer.java:289)
	at knot//net.minecraft.client.renderer.LevelRenderer.render(LevelRenderer.java:180)
	at knot//net.minecraft.client.renderer.GameRenderer.renderLevel(GameRenderer.java:588)
	at knot//net.minecraft.client.renderer.GameRenderer.render(GameRenderer.java:428)
	at knot//net.minecraft.client.Minecraft.renderFrame(Minecraft.java:1374)
	at knot//net.minecraft.client.Minecraft.runTick(Minecraft.java:1269)
	at knot//net.minecraft.client.Minecraft.run(Minecraft.java:959)
	at knot//net.minecraft.client.main.Main.main(Main.java:292)
	at net.fabricmc.loader.impl.game.minecraft.MinecraftGameProvider.launch(MinecraftGameProvider.java:514)
	at net.fabricmc.loader.impl.launch.knot.Knot.launch(Knot.java:72)
	at net.fabricmc.loader.impl.launch.knot.KnotClient.main(KnotClient.java:23)
	at net.fabricmc.devlaunchinjector.Main.main(Main.java:86)
Caused by: java.lang.IllegalStateException: Tried to access entity ID before ID assignment
	at knot//net.minecraft.world.entity.Entity.getId(Entity.java:438)
	at knot//net.minecraft.client.renderer.item.ItemModelResolver.updateForLiving(ItemModelResolver.java:32)
	at knot//net.minecraft.client.renderer.entity.LivingEntityRenderer.extractRenderState(LivingEntityRenderer.java:309)
	at knot//net.minecraft.client.renderer.entity.CowRenderer.extractRenderState(CowRenderer.java:46)
	at knot//net.minecraft.client.renderer.entity.CowRenderer.extractRenderState(CowRenderer.java:18)
	at knot//net.minecraft.client.renderer.entity.EntityRenderer.createRenderState(EntityRenderer.java:157)
	at knot//net.minecraft.client.renderer.entity.EntityRenderDispatcher.extractEntity(EntityRenderDispatcher.java:130)
	... 19 more
[10:33:56] [Render thread/ERROR] (GrabAndGoRenderer) Failed to render carried entity
net.minecraft.ReportedException: Extracting render state for an entity in world
	at knot//net.minecraft.client.renderer.entity.EntityRenderDispatcher.extractEntity(EntityRenderDispatcher.java:139)
	at knot//org.chermew.grabandgo.client.render.CarriedObjectFeatureRenderer.renderEntity(CarriedObjectFeatureRenderer.java:272)
	at knot//org.chermew.grabandgo.client.render.CarriedObjectFeatureRenderer.submit(CarriedObjectFeatureRenderer.java:97)
	at knot//org.chermew.grabandgo.client.render.CarriedObjectFeatureRenderer.submit(CarriedObjectFeatureRenderer.java:47)
	at knot//net.minecraft.client.renderer.entity.LivingEntityRenderer.submit(LivingEntityRenderer.java:113)
	at knot//net.minecraft.client.renderer.entity.LivingEntityRenderer.submit(LivingEntityRenderer.java:40)
	at knot//net.minecraft.client.renderer.entity.EntityRenderDispatcher.submit(EntityRenderDispatcher.java:154)
	at knot//net.minecraft.client.renderer.LevelRenderer.submitEntities(LevelRenderer.java:641)
	at knot//net.minecraft.client.renderer.LevelRenderer.submitFeatures(LevelRenderer.java:289)
	at knot//net.minecraft.client.renderer.LevelRenderer.render(LevelRenderer.java:180)
	at knot//net.minecraft.client.renderer.GameRenderer.renderLevel(GameRenderer.java:588)
	at knot//net.minecraft.client.renderer.GameRenderer.render(GameRenderer.java:428)
	at knot//net.minecraft.client.Minecraft.renderFrame(Minecraft.java:1374)
	at knot//net.minecraft.client.Minecraft.runTick(Minecraft.java:1269)
	at knot//net.minecraft.client.Minecraft.run(Minecraft.java:959)
	at knot//net.minecraft.client.main.Main.main(Main.java:292)
	at net.fabricmc.loader.impl.game.minecraft.MinecraftGameProvider.launch(MinecraftGameProvider.java:514)
	at net.fabricmc.loader.impl.launch.knot.Knot.launch(Knot.java:72)
	at net.fabricmc.loader.impl.launch.knot.KnotClient.main(KnotClient.java:23)
	at net.fabricmc.devlaunchinjector.Main.main(Main.java:86)
Caused by: java.lang.IllegalStateException: Tried to access entity ID before ID assignment
	at knot//net.minecraft.world.entity.Entity.getId(Entity.java:438)
	at knot//net.minecraft.client.renderer.item.ItemModelResolver.updateForLiving(ItemModelResolver.java:32)
	at knot//net.minecraft.client.renderer.entity.LivingEntityRenderer.extractRenderState(LivingEntityRenderer.java:309)
	at knot//net.minecraft.client.renderer.entity.CowRenderer.extractRenderState(CowRenderer.java:46)
	at knot//net.minecraft.client.renderer.entity.CowRenderer.extractRenderState(CowRenderer.java:18)
	at knot//net.minecraft.client.renderer.entity.EntityRenderer.createRenderState(EntityRenderer.java:157)
	at knot//net.minecraft.client.renderer.entity.EntityRenderDispatcher.extractEntity(EntityRenderDispatcher.java:130)
	... 19 more
[10:33:56] [Render thread/ERROR] (GrabAndGoRenderer) Failed to render carried entity
net.minecraft.ReportedException: Extracting render state for an entity in world
	at knot//net.minecraft.client.renderer.entity.EntityRenderDispatcher.extractEntity(EntityRenderDispatcher.java:139)
	at knot//org.chermew.grabandgo.client.render.CarriedObjectFeatureRenderer.renderEntity(CarriedObjectFeatureRenderer.java:272)
	at knot//org.chermew.grabandgo.client.render.CarriedObjectFeatureRenderer.submit(CarriedObjectFeatureRenderer.java:97)
	at knot//org.chermew.grabandgo.client.render.CarriedObjectFeatureRenderer.submit(CarriedObjectFeatureRenderer.java:47)
	at knot//net.minecraft.client.renderer.entity.LivingEntityRenderer.submit(LivingEntityRenderer.java:113)
	at knot//net.minecraft.client.renderer.entity.LivingEntityRenderer.submit(LivingEntityRenderer.java:40)
	at knot//net.minecraft.client.renderer.entity.EntityRenderDispatcher.submit(EntityRenderDispatcher.java:154)
	at knot//net.minecraft.client.renderer.LevelRenderer.submitEntities(LevelRenderer.java:641)
	at knot//net.minecraft.client.renderer.LevelRenderer.submitFeatures(LevelRenderer.java:289)
	at knot//net.minecraft.client.renderer.LevelRenderer.render(LevelRenderer.java:180)
	at knot//net.minecraft.client.renderer.GameRenderer.renderLevel(GameRenderer.java:588)
	at knot//net.minecraft.client.renderer.GameRenderer.render(GameRenderer.java:428)
	at knot//net.minecraft.client.Minecraft.renderFrame(Minecraft.java:1374)
	at knot//net.minecraft.client.Minecraft.runTick(Minecraft.java:1269)
	at knot//net.minecraft.client.Minecraft.run(Minecraft.java:959)
	at knot//net.minecraft.client.main.Main.main(Main.java:292)
	at net.fabricmc.loader.impl.game.minecraft.MinecraftGameProvider.launch(MinecraftGameProvider.java:514)
	at net.fabricmc.loader.impl.launch.knot.Knot.launch(Knot.java:72)
	at net.fabricmc.loader.impl.launch.knot.KnotClient.main(KnotClient.java:23)
	at net.fabricmc.devlaunchinjector.Main.main(Main.java:86)
Caused by: java.lang.IllegalStateException: Tried to access entity ID before ID assignment
	at knot//net.minecraft.world.entity.Entity.getId(Entity.java:438)
	at knot//net.minecraft.client.renderer.item.ItemModelResolver.updateForLiving(ItemModelResolver.java:32)
	at knot//net.minecraft.client.renderer.entity.LivingEntityRenderer.extractRenderState(LivingEntityRenderer.java:309)
	at knot//net.minecraft.client.renderer.entity.CowRenderer.extractRenderState(CowRenderer.java:46)
	at knot//net.minecraft.client.renderer.entity.CowRenderer.extractRenderState(CowRenderer.java:18)
	at knot//net.minecraft.client.renderer.entity.EntityRenderer.createRenderState(EntityRenderer.java:157)
	at knot//net.minecraft.client.renderer.entity.EntityRenderDispatcher.extractEntity(EntityRenderDispatcher.java:130)
	... 19 more
[10:33:56] [Render thread/ERROR] (GrabAndGoRenderer) Failed to render carried entity
net.minecraft.ReportedException: Extracting render state for an entity in world
	at knot//net.minecraft.client.renderer.entity.EntityRenderDispatcher.extractEntity(EntityRenderDispatcher.java:139)
	at knot//org.chermew.grabandgo.client.render.CarriedObjectFeatureRenderer.renderEntity(CarriedObjectFeatureRenderer.java:272)
	at knot//org.chermew.grabandgo.client.render.CarriedObjectFeatureRenderer.submit(CarriedObjectFeatureRenderer.java:97)
	at knot//org.chermew.grabandgo.client.render.CarriedObjectFeatureRenderer.submit(CarriedObjectFeatureRenderer.java:47)
	at knot//net.minecraft.client.renderer.entity.LivingEntityRenderer.submit(LivingEntityRenderer.java:113)
	at knot//net.minecraft.client.renderer.entity.LivingEntityRenderer.submit(LivingEntityRenderer.java:40)
	at knot//net.minecraft.client.renderer.entity.EntityRenderDispatcher.submit(EntityRenderDispatcher.java:154)
	at knot//net.minecraft.client.renderer.LevelRenderer.submitEntities(LevelRenderer.java:641)
	at knot//net.minecraft.client.renderer.LevelRenderer.submitFeatures(LevelRenderer.java:289)
	at knot//net.minecraft.client.renderer.LevelRenderer.render(LevelRenderer.java:180)
	at knot//net.minecraft.client.renderer.GameRenderer.renderLevel(GameRenderer.java:588)
	at knot//net.minecraft.client.renderer.GameRenderer.render(GameRenderer.java:428)
	at knot//net.minecraft.client.Minecraft.renderFrame(Minecraft.java:1374)
	at knot//net.minecraft.client.Minecraft.runTick(Minecraft.java:1269)
	at knot//net.minecraft.client.Minecraft.run(Minecraft.java:959)
	at knot//net.minecraft.client.main.Main.main(Main.java:292)
	at net.fabricmc.loader.impl.game.minecraft.MinecraftGameProvider.launch(MinecraftGameProvider.java:514)
	at net.fabricmc.loader.impl.launch.knot.Knot.launch(Knot.java:72)
	at net.fabricmc.loader.impl.launch.knot.KnotClient.main(KnotClient.java:23)
	at net.fabricmc.devlaunchinjector.Main.main(Main.java:86)
Caused by: java.lang.IllegalStateException: Tried to access entity ID before ID assignment
	at knot//net.minecraft.world.entity.Entity.getId(Entity.java:438)
	at knot//net.minecraft.client.renderer.item.ItemModelResolver.updateForLiving(ItemModelResolver.java:32)
	at knot//net.minecraft.client.renderer.entity.LivingEntityRenderer.extractRenderState(LivingEntityRenderer.java:309)
	at knot//net.minecraft.client.renderer.entity.CowRenderer.extractRenderState(CowRenderer.java:46)
	at knot//net.minecraft.client.renderer.entity.CowRenderer.extractRenderState(CowRenderer.java:18)
	at knot//net.minecraft.client.renderer.entity.EntityRenderer.createRenderState(EntityRenderer.java:157)
	at knot//net.minecraft.client.renderer.entity.EntityRenderDispatcher.extractEntity(EntityRenderDispatcher.java:130)
	... 19 more
[10:33:56] [Render thread/ERROR] (GrabAndGoRenderer) Failed to render carried entity
net.minecraft.ReportedException: Extracting render state for an entity in world
	at knot//net.minecraft.client.renderer.entity.EntityRenderDispatcher.extractEntity(EntityRenderDispatcher.java:139)
	at knot//org.chermew.grabandgo.client.render.CarriedObjectFeatureRenderer.renderEntity(CarriedObjectFeatureRenderer.java:272)
	at knot//org.chermew.grabandgo.client.render.CarriedObjectFeatureRenderer.submit(CarriedObjectFeatureRenderer.java:97)
	at knot//org.chermew.grabandgo.client.render.CarriedObjectFeatureRenderer.submit(CarriedObjectFeatureRenderer.java:47)
	at knot//net.minecraft.client.renderer.entity.LivingEntityRenderer.submit(LivingEntityRenderer.java:113)
	at knot//net.minecraft.client.renderer.entity.LivingEntityRenderer.submit(LivingEntityRenderer.java:40)
	at knot//net.minecraft.client.renderer.entity.EntityRenderDispatcher.submit(EntityRenderDispatcher.java:154)
	at knot//net.minecraft.client.renderer.LevelRenderer.submitEntities(LevelRenderer.java:641)
	at knot//net.minecraft.client.renderer.LevelRenderer.submitFeatures(LevelRenderer.java:289)
	at knot//net.minecraft.client.renderer.LevelRenderer.render(LevelRenderer.java:180)
	at knot//net.minecraft.client.renderer.GameRenderer.renderLevel(GameRenderer.java:588)
	at knot//net.minecraft.client.renderer.GameRenderer.render(GameRenderer.java:428)
	at knot//net.minecraft.client.Minecraft.renderFrame(Minecraft.java:1374)
	at knot//net.minecraft.client.Minecraft.runTick(Minecraft.java:1269)
	at knot//net.minecraft.client.Minecraft.run(Minecraft.java:959)
	at knot//net.minecraft.client.main.Main.main(Main.java:292)
	at net.fabricmc.loader.impl.game.minecraft.MinecraftGameProvider.launch(MinecraftGameProvider.java:514)
	at net.fabricmc.loader.impl.launch.knot.Knot.launch(Knot.java:72)
	at net.fabricmc.loader.impl.launch.knot.KnotClient.main(KnotClient.java:23)
	at net.fabricmc.devlaunchinjector.Main.main(Main.java:86)
Caused by: java.lang.IllegalStateException: Tried to access entity ID before ID assignment
	at knot//net.minecraft.world.entity.Entity.getId(Entity.java:438)
	at knot//net.minecraft.client.renderer.item.ItemModelResolver.updateForLiving(ItemModelResolver.java:32)
	at knot//net.minecraft.client.renderer.entity.LivingEntityRenderer.extractRenderState(LivingEntityRenderer.java:309)
	at knot//net.minecraft.client.renderer.entity.CowRenderer.extractRenderState(CowRenderer.java:46)
	at knot//net.minecraft.client.renderer.entity.CowRenderer.extractRenderState(CowRenderer.java:18)
	at knot//net.minecraft.client.renderer.entity.EntityRenderer.createRenderState(EntityRenderer.java:157)
	at knot//net.minecraft.client.renderer.entity.EntityRenderDispatcher.extractEntity(EntityRenderDispatcher.java:130)
	... 19 more
[10:33:56] [Render thread/ERROR] (GrabAndGoRenderer) Failed to render carried entity
net.minecraft.ReportedException: Extracting render state for an entity in world
	at knot//net.minecraft.client.renderer.entity.EntityRenderDispatcher.extractEntity(EntityRenderDispatcher.java:139)
	at knot//org.chermew.grabandgo.client.render.CarriedObjectFeatureRenderer.renderEntity(CarriedObjectFeatureRenderer.java:272)
	at knot//org.chermew.grabandgo.client.render.CarriedObjectFeatureRenderer.submit(CarriedObjectFeatureRenderer.java:97)
	at knot//org.chermew.grabandgo.client.render.CarriedObjectFeatureRenderer.submit(CarriedObjectFeatureRenderer.java:47)
	at knot//net.minecraft.client.renderer.entity.LivingEntityRenderer.submit(LivingEntityRenderer.java:113)
	at knot//net.minecraft.client.renderer.entity.LivingEntityRenderer.submit(LivingEntityRenderer.java:40)
	at knot//net.minecraft.client.renderer.entity.EntityRenderDispatcher.submit(EntityRenderDispatcher.java:154)
	at knot//net.minecraft.client.renderer.LevelRenderer.submitEntities(LevelRenderer.java:641)
	at knot//net.minecraft.client.renderer.LevelRenderer.submitFeatures(LevelRenderer.java:289)
	at knot//net.minecraft.client.renderer.LevelRenderer.render(LevelRenderer.java:180)
	at knot//net.minecraft.client.renderer.GameRenderer.renderLevel(GameRenderer.java:588)
	at knot//net.minecraft.client.renderer.GameRenderer.render(GameRenderer.java:428)
	at knot//net.minecraft.client.Minecraft.renderFrame(Minecraft.java:1374)
	at knot//net.minecraft.client.Minecraft.runTick(Minecraft.java:1269)
	at knot//net.minecraft.client.Minecraft.run(Minecraft.java:959)
	at knot//net.minecraft.client.main.Main.main(Main.java:292)
	at net.fabricmc.loader.impl.game.minecraft.MinecraftGameProvider.launch(MinecraftGameProvider.java:514)
	at net.fabricmc.loader.impl.launch.knot.Knot.launch(Knot.java:72)
	at net.fabricmc.loader.impl.launch.knot.KnotClient.main(KnotClient.java:23)
	at net.fabricmc.devlaunchinjector.Main.main(Main.java:86)
Caused by: java.lang.IllegalStateException: Tried to access entity ID before ID assignment
	at knot//net.minecraft.world.entity.Entity.getId(Entity.java:438)
	at knot//net.minecraft.client.renderer.item.ItemModelResolver.updateForLiving(ItemModelResolver.java:32)
	at knot//net.minecraft.client.renderer.entity.LivingEntityRenderer.extractRenderState(LivingEntityRenderer.java:309)
	at knot//net.minecraft.client.renderer.entity.CowRenderer.extractRenderState(CowRenderer.java:46)
	at knot//net.minecraft.client.renderer.entity.CowRenderer.extractRenderState(CowRenderer.java:18)
	at knot//net.minecraft.client.renderer.entity.EntityRenderer.createRenderState(EntityRenderer.java:157)
	at knot//net.minecraft.client.renderer.entity.EntityRenderDispatcher.extractEntity(EntityRenderDispatcher.java:130)
	... 19 more
[10:33:56] [Render thread/ERROR] (GrabAndGoRenderer) Failed to render carried entity
net.minecraft.ReportedException: Extracting render state for an entity in world
	at knot//net.minecraft.client.renderer.entity.EntityRenderDispatcher.extractEntity(EntityRenderDispatcher.java:139)
	at knot//org.chermew.grabandgo.client.render.CarriedObjectFeatureRenderer.renderEntity(CarriedObjectFeatureRenderer.java:272)
	at knot//org.chermew.grabandgo.client.render.CarriedObjectFeatureRenderer.submit(CarriedObjectFeatureRenderer.java:97)
	at knot//org.chermew.grabandgo.client.render.CarriedObjectFeatureRenderer.submit(CarriedObjectFeatureRenderer.java:47)
	at knot//net.minecraft.client.renderer.entity.LivingEntityRenderer.submit(LivingEntityRenderer.java:113)
	at knot//net.minecraft.client.renderer.entity.LivingEntityRenderer.submit(LivingEntityRenderer.java:40)
	at knot//net.minecraft.client.renderer.entity.EntityRenderDispatcher.submit(EntityRenderDispatcher.java:154)
	at knot//net.minecraft.client.renderer.LevelRenderer.submitEntities(LevelRenderer.java:641)
	at knot//net.minecraft.client.renderer.LevelRenderer.submitFeatures(LevelRenderer.java:289)
	at knot//net.minecraft.client.renderer.LevelRenderer.render(LevelRenderer.java:180)
	at knot//net.minecraft.client.renderer.GameRenderer.renderLevel(GameRenderer.java:588)
	at knot//net.minecraft.client.renderer.GameRenderer.render(GameRenderer.java:428)
	at knot//net.minecraft.client.Minecraft.renderFrame(Minecraft.java:1374)
	at knot//net.minecraft.client.Minecraft.runTick(Minecraft.java:1269)
	at knot//net.minecraft.client.Minecraft.run(Minecraft.java:959)
	at knot//net.minecraft.client.main.Main.main(Main.java:292)
	at net.fabricmc.loader.impl.game.minecraft.MinecraftGameProvider.launch(MinecraftGameProvider.java:514)
	at net.fabricmc.loader.impl.launch.knot.Knot.launch(Knot.java:72)
	at net.fabricmc.loader.impl.launch.knot.KnotClient.main(KnotClient.java:23)
	at net.fabricmc.devlaunchinjector.Main.main(Main.java:86)
Caused by: java.lang.IllegalStateException: Tried to access entity ID before ID assignment
	at knot//net.minecraft.world.entity.Entity.getId(Entity.java:438)
	at knot//net.minecraft.client.renderer.item.ItemModelResolver.updateForLiving(ItemModelResolver.java:32)
	at knot//net.minecraft.client.renderer.entity.LivingEntityRenderer.extractRenderState(LivingEntityRenderer.java:309)
	at knot//net.minecraft.client.renderer.entity.CowRenderer.extractRenderState(CowRenderer.java:46)
	at knot//net.minecraft.client.renderer.entity.CowRenderer.extractRenderState(CowRenderer.java:18)
	at knot//net.minecraft.client.renderer.entity.EntityRenderer.createRenderState(EntityRenderer.java:157)
	at knot//net.minecraft.client.renderer.entity.EntityRenderDispatcher.extractEntity(EntityRenderDispatcher.java:130)
	... 19 more
[10:33:56] [Render thread/ERROR] (GrabAndGoRenderer) Failed to render carried entity
net.minecraft.ReportedException: Extracting render state for an entity in world
	at knot//net.minecraft.client.renderer.entity.EntityRenderDispatcher.extractEntity(EntityRenderDispatcher.java:139)
	at knot//org.chermew.grabandgo.client.render.CarriedObjectFeatureRenderer.renderEntity(CarriedObjectFeatureRenderer.java:272)
	at knot//org.chermew.grabandgo.client.render.CarriedObjectFeatureRenderer.submit(CarriedObjectFeatureRenderer.java:97)
	at knot//org.chermew.grabandgo.client.render.CarriedObjectFeatureRenderer.submit(CarriedObjectFeatureRenderer.java:47)
	at knot//net.minecraft.client.renderer.entity.LivingEntityRenderer.submit(LivingEntityRenderer.java:113)
	at knot//net.minecraft.client.renderer.entity.LivingEntityRenderer.submit(LivingEntityRenderer.java:40)
	at knot//net.minecraft.client.renderer.entity.EntityRenderDispatcher.submit(EntityRenderDispatcher.java:154)
	at knot//net.minecraft.client.renderer.LevelRenderer.submitEntities(LevelRenderer.java:641)
	at knot//net.minecraft.client.renderer.LevelRenderer.submitFeatures(LevelRenderer.java:289)
	at knot//net.minecraft.client.renderer.LevelRenderer.render(LevelRenderer.java:180)
	at knot//net.minecraft.client.renderer.GameRenderer.renderLevel(GameRenderer.java:588)
	at knot//net.minecraft.client.renderer.GameRenderer.render(GameRenderer.java:428)
	at knot//net.minecraft.client.Minecraft.renderFrame(Minecraft.java:1374)
	at knot//net.minecraft.client.Minecraft.runTick(Minecraft.java:1269)
	at knot//net.minecraft.client.Minecraft.run(Minecraft.java:959)
	at knot//net.minecraft.client.main.Main.main(Main.java:292)
	at net.fabricmc.loader.impl.game.minecraft.MinecraftGameProvider.launch(MinecraftGameProvider.java:514)
	at net.fabricmc.loader.impl.launch.knot.Knot.launch(Knot.java:72)
	at net.fabricmc.loader.impl.launch.knot.KnotClient.main(KnotClient.java:23)
	at net.fabricmc.devlaunchinjector.Main.main(Main.java:86)
Caused by: java.lang.IllegalStateException: Tried to access entity ID before ID assignment
	at knot//net.minecraft.world.entity.Entity.getId(Entity.java:438)
	at knot//net.minecraft.client.renderer.item.ItemModelResolver.updateForLiving(ItemModelResolver.java:32)
	at knot//net.minecraft.client.renderer.entity.LivingEntityRenderer.extractRenderState(LivingEntityRenderer.java:309)
	at knot//net.minecraft.client.renderer.entity.CowRenderer.extractRenderState(CowRenderer.java:46)
	at knot//net.minecraft.client.renderer.entity.CowRenderer.extractRenderState(CowRenderer.java:18)
	at knot//net.minecraft.client.renderer.entity.EntityRenderer.createRenderState(EntityRenderer.java:157)
	at knot//net.minecraft.client.renderer.entity.EntityRenderDispatcher.extractEntity(EntityRenderDispatcher.java:130)
	... 19 more
[10:33:56] [Render thread/ERROR] (GrabAndGoRenderer) Failed to render carried entity
net.minecraft.ReportedException: Extracting render state for an entity in world
	at knot//net.minecraft.client.renderer.entity.EntityRenderDispatcher.extractEntity(EntityRenderDispatcher.java:139)
	at knot//org.chermew.grabandgo.client.render.CarriedObjectFeatureRenderer.renderEntity(CarriedObjectFeatureRenderer.java:272)
	at knot//org.chermew.grabandgo.client.render.CarriedObjectFeatureRenderer.submit(CarriedObjectFeatureRenderer.java:97)
	at knot//org.chermew.grabandgo.client.render.CarriedObjectFeatureRenderer.submit(CarriedObjectFeatureRenderer.java:47)
	at knot//net.minecraft.client.renderer.entity.LivingEntityRenderer.submit(LivingEntityRenderer.java:113)
	at knot//net.minecraft.client.renderer.entity.LivingEntityRenderer.submit(LivingEntityRenderer.java:40)
	at knot//net.minecraft.client.renderer.entity.EntityRenderDispatcher.submit(EntityRenderDispatcher.java:154)
	at knot//net.minecraft.client.renderer.LevelRenderer.submitEntities(LevelRenderer.java:641)
	at knot//net.minecraft.client.renderer.LevelRenderer.submitFeatures(LevelRenderer.java:289)
	at knot//net.minecraft.client.renderer.LevelRenderer.render(LevelRenderer.java:180)
	at knot//net.minecraft.client.renderer.GameRenderer.renderLevel(GameRenderer.java:588)
	at knot//net.minecraft.client.renderer.GameRenderer.render(GameRenderer.java:428)
	at knot//net.minecraft.client.Minecraft.renderFrame(Minecraft.java:1374)
	at knot//net.minecraft.client.Minecraft.runTick(Minecraft.java:1269)
	at knot//net.minecraft.client.Minecraft.run(Minecraft.java:959)
	at knot//net.minecraft.client.main.Main.main(Main.java:292)
	at net.fabricmc.loader.impl.game.minecraft.MinecraftGameProvider.launch(MinecraftGameProvider.java:514)
	at net.fabricmc.loader.impl.launch.knot.Knot.launch(Knot.java:72)
	at net.fabricmc.loader.impl.launch.knot.KnotClient.main(KnotClient.java:23)
	at net.fabricmc.devlaunchinjector.Main.main(Main.java:86)
Caused by: java.lang.IllegalStateException: Tried to access entity ID before ID assignment
	at knot//net.minecraft.world.entity.Entity.getId(Entity.java:438)
	at knot//net.minecraft.client.renderer.item.ItemModelResolver.updateForLiving(ItemModelResolver.java:32)
	at knot//net.minecraft.client.renderer.entity.LivingEntityRenderer.extractRenderState(LivingEntityRenderer.java:309)
	at knot//net.minecraft.client.renderer.entity.CowRenderer.extractRenderState(CowRenderer.java:46)
	at knot//net.minecraft.client.renderer.entity.CowRenderer.extractRenderState(CowRenderer.java:18)
	at knot//net.minecraft.client.renderer.entity.EntityRenderer.createRenderState(EntityRenderer.java:157)
	at knot//net.minecraft.client.renderer.entity.EntityRenderDispatcher.extractEntity(EntityRenderDispatcher.java:130)
	... 19 more
[10:33:56] [Render thread/ERROR] (GrabAndGoRenderer) Failed to render carried entity
net.minecraft.ReportedException: Extracting render state for an entity in world
	at knot//net.minecraft.client.renderer.entity.EntityRenderDispatcher.extractEntity(EntityRenderDispatcher.java:139)
	at knot//org.chermew.grabandgo.client.render.CarriedObjectFeatureRenderer.renderEntity(CarriedObjectFeatureRenderer.java:272)
	at knot//org.chermew.grabandgo.client.render.CarriedObjectFeatureRenderer.submit(CarriedObjectFeatureRenderer.java:97)
	at knot//org.chermew.grabandgo.client.render.CarriedObjectFeatureRenderer.submit(CarriedObjectFeatureRenderer.java:47)
	at knot//net.minecraft.client.renderer.entity.LivingEntityRenderer.submit(LivingEntityRenderer.java:113)
	at knot//net.minecraft.client.renderer.entity.LivingEntityRenderer.submit(LivingEntityRenderer.java:40)
	at knot//net.minecraft.client.renderer.entity.EntityRenderDispatcher.submit(EntityRenderDispatcher.java:154)
	at knot//net.minecraft.client.renderer.LevelRenderer.submitEntities(LevelRenderer.java:641)
	at knot//net.minecraft.client.renderer.LevelRenderer.submitFeatures(LevelRenderer.java:289)
	at knot//net.minecraft.client.renderer.LevelRenderer.render(LevelRenderer.java:180)
	at knot//net.minecraft.client.renderer.GameRenderer.renderLevel(GameRenderer.java:588)
	at knot//net.minecraft.client.renderer.GameRenderer.render(GameRenderer.java:428)
	at knot//net.minecraft.client.Minecraft.renderFrame(Minecraft.java:1374)
	at knot//net.minecraft.client.Minecraft.runTick(Minecraft.java:1269)
	at knot//net.minecraft.client.Minecraft.run(Minecraft.java:959)
	at knot//net.minecraft.client.main.Main.main(Main.java:292)
	at net.fabricmc.loader.impl.game.minecraft.MinecraftGameProvider.launch(MinecraftGameProvider.java:514)
	at net.fabricmc.loader.impl.launch.knot.Knot.launch(Knot.java:72)
	at net.fabricmc.loader.impl.launch.knot.KnotClient.main(KnotClient.java:23)
	at net.fabricmc.devlaunchinjector.Main.main(Main.java:86)
Caused by: java.lang.IllegalStateException: Tried to access entity ID before ID assignment
	at knot//net.minecraft.world.entity.Entity.getId(Entity.java:438)
	at knot//net.minecraft.client.renderer.item.ItemModelResolver.updateForLiving(ItemModelResolver.java:32)
	at knot//net.minecraft.client.renderer.entity.LivingEntityRenderer.extractRenderState(LivingEntityRenderer.java:309)
	at knot//net.minecraft.client.renderer.entity.CowRenderer.extractRenderState(CowRenderer.java:46)
	at knot//net.minecraft.client.renderer.entity.CowRenderer.extractRenderState(CowRenderer.java:18)
	at knot//net.minecraft.client.renderer.entity.EntityRenderer.createRenderState(EntityRenderer.java:157)
	at knot//net.minecraft.client.renderer.entity.EntityRenderDispatcher.extractEntity(EntityRenderDispatcher.java:130)
	... 19 more
[10:33:56] [Render thread/ERROR] (GrabAndGoRenderer) Failed to render carried entity
net.minecraft.ReportedException: Extracting render state for an entity in world
	at knot//net.minecraft.client.renderer.entity.EntityRenderDispatcher.extractEntity(EntityRenderDispatcher.java:139)
	at knot//org.chermew.grabandgo.client.render.CarriedObjectFeatureRenderer.renderEntity(CarriedObjectFeatureRenderer.java:272)
	at knot//org.chermew.grabandgo.client.render.CarriedObjectFeatureRenderer.submit(CarriedObjectFeatureRenderer.java:97)
	at knot//org.chermew.grabandgo.client.render.CarriedObjectFeatureRenderer.submit(CarriedObjectFeatureRenderer.java:47)
	at knot//net.minecraft.client.renderer.entity.LivingEntityRenderer.submit(LivingEntityRenderer.java:113)
	at knot//net.minecraft.client.renderer.entity.LivingEntityRenderer.submit(LivingEntityRenderer.java:40)
	at knot//net.minecraft.client.renderer.entity.EntityRenderDispatcher.submit(EntityRenderDispatcher.java:154)
	at knot//net.minecraft.client.renderer.LevelRenderer.submitEntities(LevelRenderer.java:641)
	at knot//net.minecraft.client.renderer.LevelRenderer.submitFeatures(LevelRenderer.java:289)
	at knot//net.minecraft.client.renderer.LevelRenderer.render(LevelRenderer.java:180)
	at knot//net.minecraft.client.renderer.GameRenderer.renderLevel(GameRenderer.java:588)
	at knot//net.minecraft.client.renderer.GameRenderer.render(GameRenderer.java:428)
	at knot//net.minecraft.client.Minecraft.renderFrame(Minecraft.java:1374)
	at knot//net.minecraft.client.Minecraft.runTick(Minecraft.java:1269)
	at knot//net.minecraft.client.Minecraft.run(Minecraft.java:959)
	at knot//net.minecraft.client.main.Main.main(Main.java:292)
	at net.fabricmc.loader.impl.game.minecraft.MinecraftGameProvider.launch(MinecraftGameProvider.java:514)
	at net.fabricmc.loader.impl.launch.knot.Knot.launch(Knot.java:72)
	at net.fabricmc.loader.impl.launch.knot.KnotClient.main(KnotClient.java:23)
	at net.fabricmc.devlaunchinjector.Main.main(Main.java:86)
Caused by: java.lang.IllegalStateException: Tried to access entity ID before ID assignment
	at knot//net.minecraft.world.entity.Entity.getId(Entity.java:438)
	at knot//net.minecraft.client.renderer.item.ItemModelResolver.updateForLiving(ItemModelResolver.java:32)
	at knot//net.minecraft.client.renderer.entity.LivingEntityRenderer.extractRenderState(LivingEntityRenderer.java:309)
	at knot//net.minecraft.client.renderer.entity.CowRenderer.extractRenderState(CowRenderer.java:46)
	at knot//net.minecraft.client.renderer.entity.CowRenderer.extractRenderState(CowRenderer.java:18)
	at knot//net.minecraft.client.renderer.entity.EntityRenderer.createRenderState(EntityRenderer.java:157)
	at knot//net.minecraft.client.renderer.entity.EntityRenderDispatcher.extractEntity(EntityRenderDispatcher.java:130)
	... 19 more
[10:33:56] [Render thread/ERROR] (GrabAndGoRenderer) Failed to render carried entity
net.minecraft.ReportedException: Extracting render state for an entity in world
	at knot//net.minecraft.client.renderer.entity.EntityRenderDispatcher.extractEntity(EntityRenderDispatcher.java:139)
	at knot//org.chermew.grabandgo.client.render.CarriedObjectFeatureRenderer.renderEntity(CarriedObjectFeatureRenderer.java:272)
	at knot//org.chermew.grabandgo.client.render.CarriedObjectFeatureRenderer.submit(CarriedObjectFeatureRenderer.java:97)
	at knot//org.chermew.grabandgo.client.render.CarriedObjectFeatureRenderer.submit(CarriedObjectFeatureRenderer.java:47)
	at knot//net.minecraft.client.renderer.entity.LivingEntityRenderer.submit(LivingEntityRenderer.java:113)
	at knot//net.minecraft.client.renderer.entity.LivingEntityRenderer.submit(LivingEntityRenderer.java:40)
	at knot//net.minecraft.client.renderer.entity.EntityRenderDispatcher.submit(EntityRenderDispatcher.java:154)
	at knot//net.minecraft.client.renderer.LevelRenderer.submitEntities(LevelRenderer.java:641)
	at knot//net.minecraft.client.renderer.LevelRenderer.submitFeatures(LevelRenderer.java:289)
	at knot//net.minecraft.client.renderer.LevelRenderer.render(LevelRenderer.java:180)
	at knot//net.minecraft.client.renderer.GameRenderer.renderLevel(GameRenderer.java:588)
	at knot//net.minecraft.client.renderer.GameRenderer.render(GameRenderer.java:428)
	at knot//net.minecraft.client.Minecraft.renderFrame(Minecraft.java:1374)
	at knot//net.minecraft.client.Minecraft.runTick(Minecraft.java:1269)
	at knot//net.minecraft.client.Minecraft.run(Minecraft.java:959)
	at knot//net.minecraft.client.main.Main.main(Main.java:292)
	at net.fabricmc.loader.impl.game.minecraft.MinecraftGameProvider.launch(MinecraftGameProvider.java:514)
	at net.fabricmc.loader.impl.launch.knot.Knot.launch(Knot.java:72)
	at net.fabricmc.loader.impl.launch.knot.KnotClient.main(KnotClient.java:23)
	at net.fabricmc.devlaunchinjector.Main.main(Main.java:86)
Caused by: java.lang.IllegalStateException: Tried to access entity ID before ID assignment
	at knot//net.minecraft.world.entity.Entity.getId(Entity.java:438)
	at knot//net.minecraft.client.renderer.item.ItemModelResolver.updateForLiving(ItemModelResolver.java:32)
	at knot//net.minecraft.client.renderer.entity.LivingEntityRenderer.extractRenderState(LivingEntityRenderer.java:309)
	at knot//net.minecraft.client.renderer.entity.CowRenderer.extractRenderState(CowRenderer.java:46)
	at knot//net.minecraft.client.renderer.entity.CowRenderer.extractRenderState(CowRenderer.java:18)
	at knot//net.minecraft.client.renderer.entity.EntityRenderer.createRenderState(EntityRenderer.java:157)
	at knot//net.minecraft.client.renderer.entity.EntityRenderDispatcher.extractEntity(EntityRenderDispatcher.java:130)
	... 19 more
[10:33:56] [Render thread/ERROR] (GrabAndGoRenderer) Failed to render carried entity
net.minecraft.ReportedException: Extracting render state for an entity in world
	at knot//net.minecraft.client.renderer.entity.EntityRenderDispatcher.extractEntity(EntityRenderDispatcher.java:139)
	at knot//org.chermew.grabandgo.client.render.CarriedObjectFeatureRenderer.renderEntity(CarriedObjectFeatureRenderer.java:272)
	at knot//org.chermew.grabandgo.client.render.CarriedObjectFeatureRenderer.submit(CarriedObjectFeatureRenderer.java:97)
	at knot//org.chermew.grabandgo.client.render.CarriedObjectFeatureRenderer.submit(CarriedObjectFeatureRenderer.java:47)
	at knot//net.minecraft.client.renderer.entity.LivingEntityRenderer.submit(LivingEntityRenderer.java:113)
	at knot//net.minecraft.client.renderer.entity.LivingEntityRenderer.submit(LivingEntityRenderer.java:40)
	at knot//net.minecraft.client.renderer.entity.EntityRenderDispatcher.submit(EntityRenderDispatcher.java:154)
	at knot//net.minecraft.client.renderer.LevelRenderer.submitEntities(LevelRenderer.java:641)
	at knot//net.minecraft.client.renderer.LevelRenderer.submitFeatures(LevelRenderer.java:289)
	at knot//net.minecraft.client.renderer.LevelRenderer.render(LevelRenderer.java:180)
	at knot//net.minecraft.client.renderer.GameRenderer.renderLevel(GameRenderer.java:588)
	at knot//net.minecraft.client.renderer.GameRenderer.render(GameRenderer.java:428)
	at knot//net.minecraft.client.Minecraft.renderFrame(Minecraft.java:1374)
	at knot//net.minecraft.client.Minecraft.runTick(Minecraft.java:1269)
	at knot//net.minecraft.client.Minecraft.run(Minecraft.java:959)
	at knot//net.minecraft.client.main.Main.main(Main.java:292)
	at net.fabricmc.loader.impl.game.minecraft.MinecraftGameProvider.launch(MinecraftGameProvider.java:514)
	at net.fabricmc.loader.impl.launch.knot.Knot.launch(Knot.java:72)
	at net.fabricmc.loader.impl.launch.knot.KnotClient.main(KnotClient.java:23)
	at net.fabricmc.devlaunchinjector.Main.main(Main.java:86)
Caused by: java.lang.IllegalStateException: Tried to access entity ID before ID assignment
	at knot//net.minecraft.world.entity.Entity.getId(Entity.java:438)
	at knot//net.minecraft.client.renderer.item.ItemModelResolver.updateForLiving(ItemModelResolver.java:32)
	at knot//net.minecraft.client.renderer.entity.LivingEntityRenderer.extractRenderState(LivingEntityRenderer.java:309)
	at knot//net.minecraft.client.renderer.entity.CowRenderer.extractRenderState(CowRenderer.java:46)
	at knot//net.minecraft.client.renderer.entity.CowRenderer.extractRenderState(CowRenderer.java:18)
	at knot//net.minecraft.client.renderer.entity.EntityRenderer.createRenderState(EntityRenderer.java:157)
	at knot//net.minecraft.client.renderer.entity.EntityRenderDispatcher.extractEntity(EntityRenderDispatcher.java:130)
	... 19 more
[10:33:56] [Render thread/ERROR] (GrabAndGoRenderer) Failed to render carried entity
net.minecraft.ReportedException: Extracting render state for an entity in world
	at knot//net.minecraft.client.renderer.entity.EntityRenderDispatcher.extractEntity(EntityRenderDispatcher.java:139)
	at knot//org.chermew.grabandgo.client.render.CarriedObjectFeatureRenderer.renderEntity(CarriedObjectFeatureRenderer.java:272)
	at knot//org.chermew.grabandgo.client.render.CarriedObjectFeatureRenderer.submit(CarriedObjectFeatureRenderer.java:97)
	at knot//org.chermew.grabandgo.client.render.CarriedObjectFeatureRenderer.submit(CarriedObjectFeatureRenderer.java:47)
	at knot//net.minecraft.client.renderer.entity.LivingEntityRenderer.submit(LivingEntityRenderer.java:113)
	at knot//net.minecraft.client.renderer.entity.LivingEntityRenderer.submit(LivingEntityRenderer.java:40)
	at knot//net.minecraft.client.renderer.entity.EntityRenderDispatcher.submit(EntityRenderDispatcher.java:154)
	at knot//net.minecraft.client.renderer.LevelRenderer.submitEntities(LevelRenderer.java:641)
	at knot//net.minecraft.client.renderer.LevelRenderer.submitFeatures(LevelRenderer.java:289)
	at knot//net.minecraft.client.renderer.LevelRenderer.render(LevelRenderer.java:180)
	at knot//net.minecraft.client.renderer.GameRenderer.renderLevel(GameRenderer.java:588)
	at knot//net.minecraft.client.renderer.GameRenderer.render(GameRenderer.java:428)
	at knot//net.minecraft.client.Minecraft.renderFrame(Minecraft.java:1374)
	at knot//net.minecraft.client.Minecraft.runTick(Minecraft.java:1269)
	at knot//net.minecraft.client.Minecraft.run(Minecraft.java:959)
	at knot//net.minecraft.client.main.Main.main(Main.java:292)
	at net.fabricmc.loader.impl.game.minecraft.MinecraftGameProvider.launch(MinecraftGameProvider.java:514)
	at net.fabricmc.loader.impl.launch.knot.Knot.launch(Knot.java:72)
	at net.fabricmc.loader.impl.launch.knot.KnotClient.main(KnotClient.java:23)
	at net.fabricmc.devlaunchinjector.Main.main(Main.java:86)
Caused by: java.lang.IllegalStateException: Tried to access entity ID before ID assignment
	at knot//net.minecraft.world.entity.Entity.getId(Entity.java:438)
	at knot//net.minecraft.client.renderer.item.ItemModelResolver.updateForLiving(ItemModelResolver.java:32)
	at knot//net.minecraft.client.renderer.entity.LivingEntityRenderer.extractRenderState(LivingEntityRenderer.java:309)
	at knot//net.minecraft.client.renderer.entity.CowRenderer.extractRenderState(CowRenderer.java:46)
	at knot//net.minecraft.client.renderer.entity.CowRenderer.extractRenderState(CowRenderer.java:18)
	at knot//net.minecraft.client.renderer.entity.EntityRenderer.createRenderState(EntityRenderer.java:157)
	at knot//net.minecraft.client.renderer.entity.EntityRenderDispatcher.extractEntity(EntityRenderDispatcher.java:130)
	... 19 more
[10:33:56] [Render thread/ERROR] (GrabAndGoRenderer) Failed to render carried entity
net.minecraft.ReportedException: Extracting render state for an entity in world
	at knot//net.minecraft.client.renderer.entity.EntityRenderDispatcher.extractEntity(EntityRenderDispatcher.java:139)
	at knot//org.chermew.grabandgo.client.render.CarriedObjectFeatureRenderer.renderEntity(CarriedObjectFeatureRenderer.java:272)
	at knot//org.chermew.grabandgo.client.render.CarriedObjectFeatureRenderer.submit(CarriedObjectFeatureRenderer.java:97)
	at knot//org.chermew.grabandgo.client.render.CarriedObjectFeatureRenderer.submit(CarriedObjectFeatureRenderer.java:47)
	at knot//net.minecraft.client.renderer.entity.LivingEntityRenderer.submit(LivingEntityRenderer.java:113)
	at knot//net.minecraft.client.renderer.entity.LivingEntityRenderer.submit(LivingEntityRenderer.java:40)
	at knot//net.minecraft.client.renderer.entity.EntityRenderDispatcher.submit(EntityRenderDispatcher.java:154)
	at knot//net.minecraft.client.renderer.LevelRenderer.submitEntities(LevelRenderer.java:641)
	at knot//net.minecraft.client.renderer.LevelRenderer.submitFeatures(LevelRenderer.java:289)
	at knot//net.minecraft.client.renderer.LevelRenderer.render(LevelRenderer.java:180)
	at knot//net.minecraft.client.renderer.GameRenderer.renderLevel(GameRenderer.java:588)
	at knot//net.minecraft.client.renderer.GameRenderer.render(GameRenderer.java:428)
	at knot//net.minecraft.client.Minecraft.renderFrame(Minecraft.java:1374)
	at knot//net.minecraft.client.Minecraft.runTick(Minecraft.java:1269)
	at knot//net.minecraft.client.Minecraft.run(Minecraft.java:959)
	at knot//net.minecraft.client.main.Main.main(Main.java:292)
	at net.fabricmc.loader.impl.game.minecraft.MinecraftGameProvider.launch(MinecraftGameProvider.java:514)
	at net.fabricmc.loader.impl.launch.knot.Knot.launch(Knot.java:72)
	at net.fabricmc.loader.impl.launch.knot.KnotClient.main(KnotClient.java:23)
	at net.fabricmc.devlaunchinjector.Main.main(Main.java:86)
Caused by: java.lang.IllegalStateException: Tried to access entity ID before ID assignment
	at knot//net.minecraft.world.entity.Entity.getId(Entity.java:438)
	at knot//net.minecraft.client.renderer.item.ItemModelResolver.updateForLiving(ItemModelResolver.java:32)
	at knot//net.minecraft.client.renderer.entity.LivingEntityRenderer.extractRenderState(LivingEntityRenderer.java:309)
	at knot//net.minecraft.client.renderer.entity.CowRenderer.extractRenderState(CowRenderer.java:46)
	at knot//net.minecraft.client.renderer.entity.CowRenderer.extractRenderState(CowRenderer.java:18)
	at knot//net.minecraft.client.renderer.entity.EntityRenderer.createRenderState(EntityRenderer.java:157)
	at knot//net.minecraft.client.renderer.entity.EntityRenderDispatcher.extractEntity(EntityRenderDispatcher.java:130)
	... 19 more
[10:33:56] [Render thread/ERROR] (GrabAndGoRenderer) Failed to render carried entity
net.minecraft.ReportedException: Extracting render state for an entity in world
	at knot//net.minecraft.client.renderer.entity.EntityRenderDispatcher.extractEntity(EntityRenderDispatcher.java:139)
	at knot//org.chermew.grabandgo.client.render.CarriedObjectFeatureRenderer.renderEntity(CarriedObjectFeatureRenderer.java:272)
	at knot//org.chermew.grabandgo.client.render.CarriedObjectFeatureRenderer.submit(CarriedObjectFeatureRenderer.java:97)
	at knot//org.chermew.grabandgo.client.render.CarriedObjectFeatureRenderer.submit(CarriedObjectFeatureRenderer.java:47)
	at knot//net.minecraft.client.renderer.entity.LivingEntityRenderer.submit(LivingEntityRenderer.java:113)
	at knot//net.minecraft.client.renderer.entity.LivingEntityRenderer.submit(LivingEntityRenderer.java:40)
	at knot//net.minecraft.client.renderer.entity.EntityRenderDispatcher.submit(EntityRenderDispatcher.java:154)
	at knot//net.minecraft.client.renderer.LevelRenderer.submitEntities(LevelRenderer.java:641)
	at knot//net.minecraft.client.renderer.LevelRenderer.submitFeatures(LevelRenderer.java:289)
	at knot//net.minecraft.client.renderer.LevelRenderer.render(LevelRenderer.java:180)
	at knot//net.minecraft.client.renderer.GameRenderer.renderLevel(GameRenderer.java:588)
	at knot//net.minecraft.client.renderer.GameRenderer.render(GameRenderer.java:428)
	at knot//net.minecraft.client.Minecraft.renderFrame(Minecraft.java:1374)
	at knot//net.minecraft.client.Minecraft.runTick(Minecraft.java:1269)
	at knot//net.minecraft.client.Minecraft.run(Minecraft.java:959)
	at knot//net.minecraft.client.main.Main.main(Main.java:292)
	at net.fabricmc.loader.impl.game.minecraft.MinecraftGameProvider.launch(MinecraftGameProvider.java:514)
	at net.fabricmc.loader.impl.launch.knot.Knot.launch(Knot.java:72)
	at net.fabricmc.loader.impl.launch.knot.KnotClient.main(KnotClient.java:23)
	at net.fabricmc.devlaunchinjector.Main.main(Main.java:86)
Caused by: java.lang.IllegalStateException: Tried to access entity ID before ID assignment
	at knot//net.minecraft.world.entity.Entity.getId(Entity.java:438)
	at knot//net.minecraft.client.renderer.item.ItemModelResolver.updateForLiving(ItemModelResolver.java:32)
	at knot//net.minecraft.client.renderer.entity.LivingEntityRenderer.extractRenderState(LivingEntityRenderer.java:309)
	at knot//net.minecraft.client.renderer.entity.CowRenderer.extractRenderState(CowRenderer.java:46)
	at knot//net.minecraft.client.renderer.entity.CowRenderer.extractRenderState(CowRenderer.java:18)
	at knot//net.minecraft.client.renderer.entity.EntityRenderer.createRenderState(EntityRenderer.java:157)
	at knot//net.minecraft.client.renderer.entity.EntityRenderDispatcher.extractEntity(EntityRenderDispatcher.java:130)
	... 19 more
[10:33:56] [Render thread/ERROR] (GrabAndGoRenderer) Failed to render carried entity
net.minecraft.ReportedException: Extracting render state for an entity in world
	at knot//net.minecraft.client.renderer.entity.EntityRenderDispatcher.extractEntity(EntityRenderDispatcher.java:139)
	at knot//org.chermew.grabandgo.client.render.CarriedObjectFeatureRenderer.renderEntity(CarriedObjectFeatureRenderer.java:272)
	at knot//org.chermew.grabandgo.client.render.CarriedObjectFeatureRenderer.submit(CarriedObjectFeatureRenderer.java:97)
	at knot//org.chermew.grabandgo.client.render.CarriedObjectFeatureRenderer.submit(CarriedObjectFeatureRenderer.java:47)
	at knot//net.minecraft.client.renderer.entity.LivingEntityRenderer.submit(LivingEntityRenderer.java:113)
	at knot//net.minecraft.client.renderer.entity.LivingEntityRenderer.submit(LivingEntityRenderer.java:40)
	at knot//net.minecraft.client.renderer.entity.EntityRenderDispatcher.submit(EntityRenderDispatcher.java:154)
	at knot//net.minecraft.client.renderer.LevelRenderer.submitEntities(LevelRenderer.java:641)
	at knot//net.minecraft.client.renderer.LevelRenderer.submitFeatures(LevelRenderer.java:289)
	at knot//net.minecraft.client.renderer.LevelRenderer.render(LevelRenderer.java:180)
	at knot//net.minecraft.client.renderer.GameRenderer.renderLevel(GameRenderer.java:588)
	at knot//net.minecraft.client.renderer.GameRenderer.render(GameRenderer.java:428)
	at knot//net.minecraft.client.Minecraft.renderFrame(Minecraft.java:1374)
	at knot//net.minecraft.client.Minecraft.runTick(Minecraft.java:1269)
	at knot//net.minecraft.client.Minecraft.run(Minecraft.java:959)
	at knot//net.minecraft.client.main.Main.main(Main.java:292)
	at net.fabricmc.loader.impl.game.minecraft.MinecraftGameProvider.launch(MinecraftGameProvider.java:514)
	at net.fabricmc.loader.impl.launch.knot.Knot.launch(Knot.java:72)
	at net.fabricmc.loader.impl.launch.knot.KnotClient.main(KnotClient.java:23)
	at net.fabricmc.devlaunchinjector.Main.main(Main.java:86)
Caused by: java.lang.IllegalStateException: Tried to access entity ID before ID assignment
	at knot//net.minecraft.world.entity.Entity.getId(Entity.java:438)
	at knot//net.minecraft.client.renderer.item.ItemModelResolver.updateForLiving(ItemModelResolver.java:32)
	at knot//net.minecraft.client.renderer.entity.LivingEntityRenderer.extractRenderState(LivingEntityRenderer.java:309)
	at knot//net.minecraft.client.renderer.entity.CowRenderer.extractRenderState(CowRenderer.java:46)
	at knot//net.minecraft.client.renderer.entity.CowRenderer.extractRenderState(CowRenderer.java:18)
	at knot//net.minecraft.client.renderer.entity.EntityRenderer.createRenderState(EntityRenderer.java:157)
	at knot//net.minecraft.client.renderer.entity.EntityRenderDispatcher.extractEntity(EntityRenderDispatcher.java:130)
	... 19 more
[10:33:57] [Render thread/ERROR] (GrabAndGoRenderer) Failed to render carried entity
net.minecraft.ReportedException: Extracting render state for an entity in world
	at knot//net.minecraft.client.renderer.entity.EntityRenderDispatcher.extractEntity(EntityRenderDispatcher.java:139)
	at knot//org.chermew.grabandgo.client.render.CarriedObjectFeatureRenderer.renderEntity(CarriedObjectFeatureRenderer.java:272)
	at knot//org.chermew.grabandgo.client.render.CarriedObjectFeatureRenderer.submit(CarriedObjectFeatureRenderer.java:97)
	at knot//org.chermew.grabandgo.client.render.CarriedObjectFeatureRenderer.submit(CarriedObjectFeatureRenderer.java:47)
	at knot//net.minecraft.client.renderer.entity.LivingEntityRenderer.submit(LivingEntityRenderer.java:113)
	at knot//net.minecraft.client.renderer.entity.LivingEntityRenderer.submit(LivingEntityRenderer.java:40)
	at knot//net.minecraft.client.renderer.entity.EntityRenderDispatcher.submit(EntityRenderDispatcher.java:154)
	at knot//net.minecraft.client.renderer.LevelRenderer.submitEntities(LevelRenderer.java:641)
	at knot//net.minecraft.client.renderer.LevelRenderer.submitFeatures(LevelRenderer.java:289)
	at knot//net.minecraft.client.renderer.LevelRenderer.render(LevelRenderer.java:180)
	at knot//net.minecraft.client.renderer.GameRenderer.renderLevel(GameRenderer.java:588)
	at knot//net.minecraft.client.renderer.GameRenderer.render(GameRenderer.java:428)
	at knot//net.minecraft.client.Minecraft.renderFrame(Minecraft.java:1374)
	at knot//net.minecraft.client.Minecraft.runTick(Minecraft.java:1269)
	at knot//net.minecraft.client.Minecraft.run(Minecraft.java:959)
	at knot//net.minecraft.client.main.Main.main(Main.java:292)
	at net.fabricmc.loader.impl.game.minecraft.MinecraftGameProvider.launch(MinecraftGameProvider.java:514)
	at net.fabricmc.loader.impl.launch.knot.Knot.launch(Knot.java:72)
	at net.fabricmc.loader.impl.launch.knot.KnotClient.main(KnotClient.java:23)
	at net.fabricmc.devlaunchinjector.Main.main(Main.java:86)
Caused by: java.lang.IllegalStateException: Tried to access entity ID before ID assignment
	at knot//net.minecraft.world.entity.Entity.getId(Entity.java:438)
	at knot//net.minecraft.client.renderer.item.ItemModelResolver.updateForLiving(ItemModelResolver.java:32)
	at knot//net.minecraft.client.renderer.entity.LivingEntityRenderer.extractRenderState(LivingEntityRenderer.java:309)
	at knot//net.minecraft.client.renderer.entity.CowRenderer.extractRenderState(CowRenderer.java:46)
	at knot//net.minecraft.client.renderer.entity.CowRenderer.extractRenderState(CowRenderer.java:18)
	at knot//net.minecraft.client.renderer.entity.EntityRenderer.createRenderState(EntityRenderer.java:157)
	at knot//net.minecraft.client.renderer.entity.EntityRenderDispatcher.extractEntity(EntityRenderDispatcher.java:130)
	... 19 more
[10:33:57] [Render thread/ERROR] (GrabAndGoRenderer) Failed to render carried entity
net.minecraft.ReportedException: Extracting render state for an entity in world
	at knot//net.minecraft.client.renderer.entity.EntityRenderDispatcher.extractEntity(EntityRenderDispatcher.java:139)
	at knot//org.chermew.grabandgo.client.render.CarriedObjectFeatureRenderer.renderEntity(CarriedObjectFeatureRenderer.java:272)
	at knot//org.chermew.grabandgo.client.render.CarriedObjectFeatureRenderer.submit(CarriedObjectFeatureRenderer.java:97)
	at knot//org.chermew.grabandgo.client.render.CarriedObjectFeatureRenderer.submit(CarriedObjectFeatureRenderer.java:47)
	at knot//net.minecraft.client.renderer.entity.LivingEntityRenderer.submit(LivingEntityRenderer.java:113)
	at knot//net.minecraft.client.renderer.entity.LivingEntityRenderer.submit(LivingEntityRenderer.java:40)
	at knot//net.minecraft.client.renderer.entity.EntityRenderDispatcher.submit(EntityRenderDispatcher.java:154)
	at knot//net.minecraft.client.renderer.LevelRenderer.submitEntities(LevelRenderer.java:641)
	at knot//net.minecraft.client.renderer.LevelRenderer.submitFeatures(LevelRenderer.java:289)
	at knot//net.minecraft.client.renderer.LevelRenderer.render(LevelRenderer.java:180)
	at knot//net.minecraft.client.renderer.GameRenderer.renderLevel(GameRenderer.java:588)
	at knot//net.minecraft.client.renderer.GameRenderer.render(GameRenderer.java:428)
	at knot//net.minecraft.client.Minecraft.renderFrame(Minecraft.java:1374)
	at knot//net.minecraft.client.Minecraft.runTick(Minecraft.java:1269)
	at knot//net.minecraft.client.Minecraft.run(Minecraft.java:959)
	at knot//net.minecraft.client.main.Main.main(Main.java:292)
	at net.fabricmc.loader.impl.game.minecraft.MinecraftGameProvider.launch(MinecraftGameProvider.java:514)
	at net.fabricmc.loader.impl.launch.knot.Knot.launch(Knot.java:72)
	at net.fabricmc.loader.impl.launch.knot.KnotClient.main(KnotClient.java:23)
	at net.fabricmc.devlaunchinjector.Main.main(Main.java:86)
Caused by: java.lang.IllegalStateException: Tried to access entity ID before ID assignment
	at knot//net.minecraft.world.entity.Entity.getId(Entity.java:438)
	at knot//net.minecraft.client.renderer.item.ItemModelResolver.updateForLiving(ItemModelResolver.java:32)
	at knot//net.minecraft.client.renderer.entity.LivingEntityRenderer.extractRenderState(LivingEntityRenderer.java:309)
	at knot//net.minecraft.client.renderer.entity.CowRenderer.extractRenderState(CowRenderer.java:46)
	at knot//net.minecraft.client.renderer.entity.CowRenderer.extractRenderState(CowRenderer.java:18)
	at knot//net.minecraft.client.renderer.entity.EntityRenderer.createRenderState(EntityRenderer.java:157)
	at knot//net.minecraft.client.renderer.entity.EntityRenderDispatcher.extractEntity(EntityRenderDispatcher.java:130)
	... 19 more
[10:33:57] [Render thread/ERROR] (GrabAndGoRenderer) Failed to render carried entity
net.minecraft.ReportedException: Extracting render state for an entity in world
	at knot//net.minecraft.client.renderer.entity.EntityRenderDispatcher.extractEntity(EntityRenderDispatcher.java:139)
	at knot//org.chermew.grabandgo.client.render.CarriedObjectFeatureRenderer.renderEntity(CarriedObjectFeatureRenderer.java:272)
	at knot//org.chermew.grabandgo.client.render.CarriedObjectFeatureRenderer.submit(CarriedObjectFeatureRenderer.java:97)
	at knot//org.chermew.grabandgo.client.render.CarriedObjectFeatureRenderer.submit(CarriedObjectFeatureRenderer.java:47)
	at knot//net.minecraft.client.renderer.entity.LivingEntityRenderer.submit(LivingEntityRenderer.java:113)
	at knot//net.minecraft.client.renderer.entity.LivingEntityRenderer.submit(LivingEntityRenderer.java:40)
	at knot//net.minecraft.client.renderer.entity.EntityRenderDispatcher.submit(EntityRenderDispatcher.java:154)
	at knot//net.minecraft.client.renderer.LevelRenderer.submitEntities(LevelRenderer.java:641)
	at knot//net.minecraft.client.renderer.LevelRenderer.submitFeatures(LevelRenderer.java:289)
	at knot//net.minecraft.client.renderer.LevelRenderer.render(LevelRenderer.java:180)
	at knot//net.minecraft.client.renderer.GameRenderer.renderLevel(GameRenderer.java:588)
	at knot//net.minecraft.client.renderer.GameRenderer.render(GameRenderer.java:428)
	at knot//net.minecraft.client.Minecraft.renderFrame(Minecraft.java:1374)
	at knot//net.minecraft.client.Minecraft.runTick(Minecraft.java:1269)
	at knot//net.minecraft.client.Minecraft.run(Minecraft.java:959)
	at knot//net.minecraft.client.main.Main.main(Main.java:292)
	at net.fabricmc.loader.impl.game.minecraft.MinecraftGameProvider.launch(MinecraftGameProvider.java:514)
	at net.fabricmc.loader.impl.launch.knot.Knot.launch(Knot.java:72)
	at net.fabricmc.loader.impl.launch.knot.KnotClient.main(KnotClient.java:23)
	at net.fabricmc.devlaunchinjector.Main.main(Main.java:86)
Caused by: java.lang.IllegalStateException: Tried to access entity ID before ID assignment
	at knot//net.minecraft.world.entity.Entity.getId(Entity.java:438)
	at knot//net.minecraft.client.renderer.item.ItemModelResolver.updateForLiving(ItemModelResolver.java:32)
	at knot//net.minecraft.client.renderer.entity.LivingEntityRenderer.extractRenderState(LivingEntityRenderer.java:309)
	at knot//net.minecraft.client.renderer.entity.CowRenderer.extractRenderState(CowRenderer.java:46)
	at knot//net.minecraft.client.renderer.entity.CowRenderer.extractRenderState(CowRenderer.java:18)
	at knot//net.minecraft.client.renderer.entity.EntityRenderer.createRenderState(EntityRenderer.java:157)
	at knot//net.minecraft.client.renderer.entity.EntityRenderDispatcher.extractEntity(EntityRenderDispatcher.java:130)
	... 19 more
[10:33:57] [Render thread/ERROR] (GrabAndGoRenderer) Failed to render carried entity
net.minecraft.ReportedException: Extracting render state for an entity in world
	at knot//net.minecraft.client.renderer.entity.EntityRenderDispatcher.extractEntity(EntityRenderDispatcher.java:139)
	at knot//org.chermew.grabandgo.client.render.CarriedObjectFeatureRenderer.renderEntity(CarriedObjectFeatureRenderer.java:272)
	at knot//org.chermew.grabandgo.client.render.CarriedObjectFeatureRenderer.submit(CarriedObjectFeatureRenderer.java:97)
	at knot//org.chermew.grabandgo.client.render.CarriedObjectFeatureRenderer.submit(CarriedObjectFeatureRenderer.java:47)
	at knot//net.minecraft.client.renderer.entity.LivingEntityRenderer.submit(LivingEntityRenderer.java:113)
	at knot//net.minecraft.client.renderer.entity.LivingEntityRenderer.submit(LivingEntityRenderer.java:40)
	at knot//net.minecraft.client.renderer.entity.EntityRenderDispatcher.submit(EntityRenderDispatcher.java:154)
	at knot//net.minecraft.client.renderer.LevelRenderer.submitEntities(LevelRenderer.java:641)
	at knot//net.minecraft.client.renderer.LevelRenderer.submitFeatures(LevelRenderer.java:289)
	at knot//net.minecraft.client.renderer.LevelRenderer.render(LevelRenderer.java:180)
	at knot//net.minecraft.client.renderer.GameRenderer.renderLevel(GameRenderer.java:588)
	at knot//net.minecraft.client.renderer.GameRenderer.render(GameRenderer.java:428)
	at knot//net.minecraft.client.Minecraft.renderFrame(Minecraft.java:1374)
	at knot//net.minecraft.client.Minecraft.runTick(Minecraft.java:1269)
	at knot//net.minecraft.client.Minecraft.run(Minecraft.java:959)
	at knot//net.minecraft.client.main.Main.main(Main.java:292)
	at net.fabricmc.loader.impl.game.minecraft.MinecraftGameProvider.launch(MinecraftGameProvider.java:514)
	at net.fabricmc.loader.impl.launch.knot.Knot.launch(Knot.java:72)
	at net.fabricmc.loader.impl.launch.knot.KnotClient.main(KnotClient.java:23)
	at net.fabricmc.devlaunchinjector.Main.main(Main.java:86)
Caused by: java.lang.IllegalStateException: Tried to access entity ID before ID assignment
	at knot//net.minecraft.world.entity.Entity.getId(Entity.java:438)
	at knot//net.minecraft.client.renderer.item.ItemModelResolver.updateForLiving(ItemModelResolver.java:32)
	at knot//net.minecraft.client.renderer.entity.LivingEntityRenderer.extractRenderState(LivingEntityRenderer.java:309)
	at knot//net.minecraft.client.renderer.entity.CowRenderer.extractRenderState(CowRenderer.java:46)
	at knot//net.minecraft.client.renderer.entity.CowRenderer.extractRenderState(CowRenderer.java:18)
	at knot//net.minecraft.client.renderer.entity.EntityRenderer.createRenderState(EntityRenderer.java:157)
	at knot//net.minecraft.client.renderer.entity.EntityRenderDispatcher.extractEntity(EntityRenderDispatcher.java:130)
	... 19 more
[10:34:38] [Server thread/INFO] (Minecraft) Saving and pausing game...
[10:34:38] [Server thread/INFO] (Minecraft) Saving chunks for level 'ServerLevel[New World]'/minecraft:overworld
[10:34:38] [Server thread/INFO] (Minecraft) Saving chunks for level 'ServerLevel[New World]'/minecraft:the_end
[10:34:38] [Server thread/INFO] (Minecraft) Saving chunks for level 'ServerLevel[New World]'/minecraft:the_nether
[10:34:38] [Server thread/INFO] (Minecraft) Stopping server
[10:34:38] [Server thread/INFO] (Minecraft) Saving players
[10:34:38] [Server thread/INFO] (Minecraft) Player914 lost connection: Disconnected
[10:34:38] [Server thread/INFO] (Minecraft) Player914 left the game
[10:34:38] [Server thread/INFO] (Minecraft) Stopping singleplayer server as player logged out
[10:34:38] [Server thread/INFO] (Minecraft) Saving worlds
[10:34:39] [Server thread/INFO] (Minecraft) Saving chunks for level 'ServerLevel[New World]'/minecraft:overworld
[10:34:39] [Server thread/INFO] (Minecraft) Saving chunks for level 'ServerLevel[New World]'/minecraft:the_end
[10:34:39] [Server thread/INFO] (Minecraft) Saving chunks for level 'ServerLevel[New World]'/minecraft:the_nether
[10:34:39] [Server thread/INFO] (Minecraft) ThreadedAnvilChunkStorage (world): All chunks are saved
[10:34:39] [Server thread/INFO] (Minecraft) ThreadedAnvilChunkStorage (DIM1): All chunks are saved
[10:34:39] [Server thread/INFO] (Minecraft) ThreadedAnvilChunkStorage (DIM-1): All chunks are saved
[10:34:39] [Server thread/INFO] (Minecraft) ThreadedAnvilChunkStorage: All dimensions are saved
[10:34:40] [Render thread/INFO] (Minecraft) Stopping!
