[14:29:48] [main/INFO] (FabricLoader/GameProvider) Loading Minecraft 26.1.2 with Fabric Loader 0.19.2
[14:29:48] [main/INFO] (FabricLoader/Mappings) Mappings not present!
[14:29:48] [main/INFO] (FabricLoader) Loading 51 mods:
	- fabric-api 0.146.1+26.1.2
	- fabric-api-base 2.0.3+ece063234c
	- fabric-api-lookup-api-v1 2.0.10+d5a053b64c
	- fabric-biome-api-v1 18.0.4+35c80edc4c
	- fabric-block-api-v1 3.0.2+ec56b6014c
	- fabric-block-getter-api-v2 2.0.6+ec56b6014c
	- fabric-client-gametest-api-v1 5.0.15+d9ff3dfd4c
	- fabric-command-api-v2 3.0.5+e2bdee784c
	- fabric-content-registries-v0 11.0.12+d871b99e4c
	- fabric-convention-tags-v2 4.4.0+f006eade4c
	- fabric-crash-report-info-v1 1.0.3+9f78a5a84c
	- fabric-creative-tab-api-v1 5.0.10+d871b99e4c
	- fabric-data-attachment-api-v1 2.2.4+d602a8964c
	- fabric-data-generation-api-v1 24.0.18+35c80edc4c
	- fabric-debug-api-v1 1.0.1+c792624d4c
	- fabric-dimensions-v1 5.1.4+9cbf5da54c
	- fabric-entity-events-v1 5.0.2+e2bdee784c
	- fabric-events-interaction-v0 5.1.10+c82f04614c
	- fabric-game-rule-api-v1 4.0.5+d871b99e4c
	- fabric-gametest-api-v1 4.0.13+00a1fba64c
	- fabric-item-api-v1 14.1.0+9833182c4c
	- fabric-key-binding-api-v1 1.1.8+9c919dacc9
	- fabric-key-mapping-api-v1 2.0.4+e2bdee784c
	- fabric-lifecycle-events-v1 4.0.6+a9b9c1764c
	- fabric-loot-api-v3 3.0.11+00a1fba64c
	- fabric-menu-api-v1 2.0.12+d871b99e4c
	- fabric-message-api-v1 7.0.5+dae8ce3e4c
	- fabric-model-loading-api-v1 8.0.4+c80601bb4c
	- fabric-networking-api-v1 6.3.0+50a808ce4c
	- fabric-object-builder-api-v1 23.0.14+b95dd56e4c
	- fabric-particles-v1 5.0.14+b61fef434c
	- fabric-recipe-api-v1 9.0.13+be4b75ae4c
	- fabric-registry-sync-v0 7.0.12+b61fef434c
	- fabric-renderer-api-v1 13.0.1+c80601bb4c
	- fabric-renderer-indigo 8.0.3+a6be36ef4c
	- fabric-rendering-fluids-v1 6.0.1+d871b99e4c
	- fabric-rendering-v1 23.0.5+08c26e364c
	- fabric-resource-conditions-api-v1 6.0.5+00a1fba64c
	- fabric-resource-loader-v0 3.3.16+4fc5413f4c
	- fabric-resource-loader-v1 2.0.9+d871b99e4c
	- fabric-screen-api-v1 5.0.1+d871b99e4c
	- fabric-serialization-api-v1 2.0.3+11a26f314c
	- fabric-sound-api-v1 2.0.4+11a26f314c
	- fabric-tag-api-v1 2.0.9+11a26f314c
	- fabric-transfer-api-v1 8.0.4+357ea7334c
	- fabric-transitive-access-wideners-v1 8.0.11+d871b99e4c
	- fabricloader 0.19.2
	- grapandgo 1.0.0
	- java 25
	- minecraft 26.1.2
	- mixinextras 0.5.4
[14:29:48] [main/WARN] (FabricLoader/ModRemap) Runtime mod remapping disabled due to no fabric.remapClasspathFile being specified. You may need to update loom.
[14:29:48] [main/INFO] (FabricLoader/Mixin) SpongePowered MIXIN Subsystem Version=0.8.7 Source=file:/C:/Users/copy_/.gradle/caches/modules-2/files-2.1/net.fabricmc/sponge-mixin/0.17.2+mixin.0.8.7/edf98d1d98229e46e36c61774ae2b54dcd852981/sponge-mixin-0.17.2+mixin.0.8.7.jar Service=Knot/Fabric Env=CLIENT
[14:29:48] [main/INFO] (FabricLoader/Mixin) Compatibility level set to JAVA_25
[14:29:49] [main/INFO] (FabricLoader/MixinExtras|Service) Initializing MixinExtras via com.llamalad7.mixinextras.service.MixinExtrasServiceImpl(version=0.5.4).
[14:29:50] [Datafixer Bootstrap/INFO] (Minecraft) 291 Datafixer optimizations took 251 milliseconds
[14:29:55] [Render thread/INFO] (Minecraft) Environment: Environment[sessionHost=https://sessionserver.mojang.com, servicesHost=https://api.minecraftservices.com, profilesHost=https://api.mojang.com, name=PROD]
[14:29:55] [Render thread/INFO] (Minecraft) Setting user: Player560
[14:29:55] [Render thread/INFO] (grapandgo) GrapAndGo is Initializing...
[14:29:55] [Render thread/INFO] (Indigo) [Indigo] Registering Indigo renderer!
[14:29:56] [Render thread/INFO] (Minecraft) Backend library: LWJGL version 3.4.1-snapshot
[14:29:56] [Download-2/ERROR] (Minecraft) Failed to fetch user properties
com.mojang.authlib.exceptions.InvalidCredentialsException: Status: 401
	at knot//com.mojang.authlib.exceptions.MinecraftClientHttpException.toAuthenticationException(MinecraftClientHttpException.java:59)
	at knot//com.mojang.authlib.yggdrasil.YggdrasilUserApiService.fetchProperties(YggdrasilUserApiService.java:150)
	at knot//net.minecraft.client.Minecraft.lambda$new$1(Minecraft.java:459)
	at java.base/java.util.concurrent.CompletableFuture$AsyncSupply.run(CompletableFuture.java:1789)
	at java.base/java.util.concurrent.ThreadPoolExecutor.runWorker(ThreadPoolExecutor.java:1090)
	at java.base/java.util.concurrent.ThreadPoolExecutor$Worker.run(ThreadPoolExecutor.java:614)
	at java.base/java.lang.Thread.run(Thread.java:1474)
Caused by: com.mojang.authlib.exceptions.MinecraftClientHttpException: Status: 401
	at knot//com.mojang.authlib.minecraft.client.MinecraftClient.readInputStream(MinecraftClient.java:103)
	at knot//com.mojang.authlib.minecraft.client.MinecraftClient.get(MinecraftClient.java:56)
	at knot//com.mojang.authlib.yggdrasil.YggdrasilUserApiService.fetchProperties(YggdrasilUserApiService.java:121)
	... 5 more
[14:29:56] [Render thread/INFO] (Minecraft) Using optional rendering extensions: GL_ARB_buffer_storage, GL_KHR_debug, GL_ARB_vertex_attrib_binding, GL_ARB_direct_state_access, GL_EXT_texture_filter_anisotropic
[14:29:57] [Render thread/INFO] (Minecraft) Reloading ResourceManager: vanilla, fabric-api, fabric-api-base, fabric-api-lookup-api-v1, fabric-biome-api-v1, fabric-block-api-v1, fabric-block-getter-api-v2, fabric-client-gametest-api-v1, fabric-command-api-v2, fabric-content-registries-v0, fabric-convention-tags-v2, fabric-crash-report-info-v1, fabric-creative-tab-api-v1, fabric-data-attachment-api-v1, fabric-data-generation-api-v1, fabric-debug-api-v1, fabric-dimensions-v1, fabric-entity-events-v1, fabric-events-interaction-v0, fabric-game-rule-api-v1, fabric-gametest-api-v1, fabric-item-api-v1, fabric-key-binding-api-v1, fabric-key-mapping-api-v1, fabric-lifecycle-events-v1, fabric-loot-api-v3, fabric-menu-api-v1, fabric-message-api-v1, fabric-model-loading-api-v1, fabric-networking-api-v1, fabric-object-builder-api-v1, fabric-particles-v1, fabric-recipe-api-v1, fabric-registry-sync-v0, fabric-renderer-api-v1, fabric-renderer-indigo, fabric-rendering-fluids-v1, fabric-rendering-v1, fabric-resource-conditions-api-v1, fabric-resource-loader-v0, fabric-resource-loader-v1, fabric-screen-api-v1, fabric-serialization-api-v1, fabric-sound-api-v1, fabric-tag-api-v1, fabric-transfer-api-v1, fabric-transitive-access-wideners-v1, fabricloader
[14:29:57] [Download-1/INFO] (Minecraft) Could not authorize you against Realms server: java.lang.RuntimeException: Failed to parse into SignedJWT: FabricMC
[14:29:57] [Download-1/ERROR] (Minecraft) Failed to fetch Realms feature flags
com.mojang.realmsclient.exception.RealmsServiceException: Realms authentication error with message 'java.lang.RuntimeException: Failed to parse into SignedJWT: FabricMC'
	at knot//com.mojang.realmsclient.client.RealmsClient.execute(RealmsClient.java:526)
	at knot//com.mojang.realmsclient.client.RealmsClient.fetchFeatureFlags(RealmsClient.java:186)
	at java.base/java.util.concurrent.CompletableFuture$AsyncSupply.run(CompletableFuture.java:1789)
	at java.base/java.util.concurrent.ThreadPoolExecutor.runWorker(ThreadPoolExecutor.java:1090)
	at java.base/java.util.concurrent.ThreadPoolExecutor$Worker.run(ThreadPoolExecutor.java:614)
	at java.base/java.lang.Thread.run(Thread.java:1474)
[14:29:58] [Worker-Main-15/INFO] (Minecraft) Found unifont_all_no_pua-17.0.01.hex, loading
[14:29:58] [Worker-Main-6/INFO] (Minecraft) Found unifont_pua-17.0.01.hex, loading
[14:29:58] [Worker-Main-7/INFO] (Minecraft) Found unifont_jp_patch-17.0.01.hex, loading
[14:29:59] [Render thread/INFO] (Minecraft) OpenAL initialized on device OpenAL Soft on Speakers (Sound Blaster Audigy 5/Rx)
[14:29:59] [Render thread/INFO] (Minecraft) Sound engine started
[14:29:59] [Render thread/INFO] (Minecraft) Created: 512x256x0 minecraft:textures/atlas/particles.png-atlas
[14:29:59] [Render thread/INFO] (Minecraft) Created: 128x128x0 minecraft:textures/atlas/decorated_pot.png-atlas
[14:29:59] [Render thread/INFO] (Minecraft) Created: 2048x1024x0 minecraft:textures/atlas/armor_trims.png-atlas
[14:29:59] [Render thread/INFO] (Minecraft) Created: 512x256x0 minecraft:textures/atlas/paintings.png-atlas
[14:29:59] [Render thread/INFO] (Minecraft) Created: 1024x512x0 minecraft:textures/atlas/shield_patterns.png-atlas
[14:29:59] [Render thread/INFO] (Minecraft) Created: 2048x2048x4 minecraft:textures/atlas/blocks.png-atlas
[14:29:59] [Render thread/INFO] (Minecraft) Created: 512x512x0 minecraft:textures/atlas/chest.png-atlas
[14:29:59] [Render thread/INFO] (Minecraft) Created: 256x128x0 minecraft:textures/atlas/celestials.png-atlas
[14:29:59] [Render thread/INFO] (Minecraft) Created: 1024x512x0 minecraft:textures/atlas/banner_patterns.png-atlas
[14:29:59] [Render thread/INFO] (Minecraft) Created: 512x512x0 minecraft:textures/atlas/beds.png-atlas
[14:29:59] [Render thread/INFO] (Minecraft) Created: 1024x512x0 minecraft:textures/atlas/items.png-atlas
[14:29:59] [Render thread/INFO] (Minecraft) Created: 1024x1024x0 minecraft:textures/atlas/gui.png-atlas
[14:29:59] [Render thread/INFO] (Minecraft) Created: 128x64x0 minecraft:textures/atlas/map_decorations.png-atlas
[14:29:59] [Render thread/INFO] (Minecraft) Created: 512x256x0 minecraft:textures/atlas/signs.png-atlas
[14:29:59] [Render thread/INFO] (Minecraft) Created: 512x512x0 minecraft:textures/atlas/shulker_boxes.png-atlas
[14:30:00] [IO-Worker-1/INFO] (Minecraft) Could not authorize you against Realms server: java.lang.RuntimeException: Failed to parse into SignedJWT: FabricMC
[14:30:00] [IO-Worker-1/ERROR] (Minecraft) Couldn't connect to realms
com.mojang.realmsclient.exception.RealmsServiceException: Realms authentication error with message 'java.lang.RuntimeException: Failed to parse into SignedJWT: FabricMC'
	at knot//com.mojang.realmsclient.client.RealmsClient.execute(RealmsClient.java:526)
	at knot//com.mojang.realmsclient.client.RealmsClient.clientCompatible(RealmsClient.java:307)
	at knot//com.mojang.realmsclient.RealmsAvailability.lambda$check$0(RealmsAvailability.java:48)
	at java.base/java.util.concurrent.CompletableFuture$AsyncSupply.run(CompletableFuture.java:1789)
	at java.base/java.util.concurrent.ThreadPoolExecutor.runWorker(ThreadPoolExecutor.java:1090)
	at java.base/java.util.concurrent.ThreadPoolExecutor$Worker.run(ThreadPoolExecutor.java:614)
	at java.base/java.lang.Thread.run(Thread.java:1474)
[14:30:04] [Render thread/INFO] (Minecraft) Loaded 1515 recipes
[14:30:04] [Render thread/INFO] (Minecraft) Loaded 1617 advancements
[14:30:04] [Render thread/INFO] (BiomeModificationImpl) Applied 0 biome modifications to 0 of 65 new biomes in 1.163 ms
[14:30:04] [Server thread/INFO] (Minecraft) Starting integrated minecraft server version 26.1.2
[14:30:04] [Server thread/INFO] (Minecraft) Generating keypair
[14:30:04] [Server thread/INFO] (Minecraft) Loading 0 persistent chunks...
[14:30:04] [Server thread/INFO] (Minecraft) Saving chunks for level 'ServerLevel[New World]'/minecraft:overworld
[14:30:04] [Server thread/INFO] (Minecraft) Saving chunks for level 'ServerLevel[New World]'/minecraft:the_end
[14:30:04] [Server thread/INFO] (Minecraft) Saving chunks for level 'ServerLevel[New World]'/minecraft:the_nether
[14:30:04] [Server thread/INFO] (Minecraft) ThreadedAnvilChunkStorage (world): All chunks are saved
[14:30:04] [Server thread/INFO] (Minecraft) ThreadedAnvilChunkStorage (DIM1): All chunks are saved
[14:30:04] [Server thread/INFO] (Minecraft) ThreadedAnvilChunkStorage (DIM-1): All chunks are saved
[14:30:04] [Server thread/INFO] (Minecraft) ThreadedAnvilChunkStorage: All dimensions are saved
[14:30:05] [Server thread/INFO] (Minecraft) Loading 49 chunks for player spawn...
[14:30:05] [Server thread/INFO] (Minecraft) Preparing spawn area: 16%
[14:30:05] [Server thread/INFO] (Minecraft) Preparing spawn area: 16%
[14:30:05] [Server thread/INFO] (Minecraft) Time elapsed: 1000 ms
[14:30:05] [Server thread/INFO] (Minecraft) Player560[local:E:9a5929e4] logged in with entity id 62 at (-184.35963796355801, 64.0, -69.88622709083018)
[14:30:05] [Server thread/INFO] (Minecraft) Player560 joined the game
[14:30:06] [Server thread/INFO] (Minecraft) Changing view distance to 16, from 10
[14:30:06] [Server thread/INFO] (Minecraft) Changing simulation distance to 12, from 0
[14:30:06] [Render thread/INFO] (Minecraft) Resizing Dynamic Transforms UBO, capacity limit of 2 reached during a single frame. New capacity will be 4.
[14:30:06] [Render thread/INFO] (Minecraft) Loaded 2 advancements
[14:30:06] [Render thread/INFO] (Minecraft) Resizing Dynamic Transforms UBO, capacity limit of 4 reached during a single frame. New capacity will be 8.
[14:30:06] [Render thread/INFO] (Minecraft) Resizing Chunk Sections UBO, capacity limit of 2 reached during a single frame. New capacity will be 4.
[14:30:06] [Render thread/INFO] (Minecraft) Resizing Chunk Sections UBO, capacity limit of 4 reached during a single frame. New capacity will be 16.
[14:30:06] [Render thread/INFO] (Minecraft) Resizing Chunk Sections UBO, capacity limit of 16 reached during a single frame. New capacity will be 32.
[14:30:06] [Render thread/INFO] (Minecraft) Resizing Chunk Sections UBO, capacity limit of 32 reached during a single frame. New capacity will be 64.
[14:30:06] [Render thread/INFO] (Minecraft) Resizing Chunk Sections UBO, capacity limit of 64 reached during a single frame. New capacity will be 128.
[14:30:07] [Render thread/INFO] (Minecraft) Resizing Chunk Sections UBO, capacity limit of 128 reached during a single frame. New capacity will be 256.
[14:30:07] [Render thread/INFO] (Minecraft) [STDOUT]: intitialized CarryAnimationMixin.injectCarryAnimation: net.minecraft.client.renderer.entity.state.ZombieRenderState@5ed6cfa4
[14:30:07] [Render thread/INFO] (Minecraft) [STDOUT]: intitialized CarryAnimationMixin.injectCarryAnimation: net.minecraft.client.renderer.entity.state.ZombieRenderState@5ed6cfa4
[14:30:07] [Render thread/INFO] (Minecraft) [STDOUT]: intitialized CarryAnimationMixin.injectCarryAnimation: net.minecraft.client.renderer.entity.state.ZombieRenderState@57bd44bc
[14:30:07] [Render thread/INFO] (Minecraft) [STDOUT]: intitialized CarryAnimationMixin.injectCarryAnimation: net.minecraft.client.renderer.entity.state.ZombieRenderState@57bd44bc
[14:30:07] [Render thread/INFO] (Minecraft) [STDOUT]: intitialized CarryAnimationMixin.injectCarryAnimation: net.minecraft.client.renderer.entity.state.ZombieRenderState@6e46961
[14:30:07] [Render thread/INFO] (Minecraft) [STDOUT]: intitialized CarryAnimationMixin.injectCarryAnimation: net.minecraft.client.renderer.entity.state.ZombieRenderState@6e46961
[14:30:07] [Render thread/INFO] (Minecraft) [STDOUT]: intitialized CarryAnimationMixin.injectCarryAnimation: net.minecraft.client.renderer.entity.state.ZombieRenderState@5eea5b84
[14:30:07] [Render thread/INFO] (Minecraft) [STDOUT]: intitialized CarryAnimationMixin.injectCarryAnimation: net.minecraft.client.renderer.entity.state.ZombieRenderState@5eea5b84
[14:30:07] [Render thread/INFO] (Minecraft) [STDOUT]: intitialized CarryAnimationMixin.injectCarryAnimation: net.minecraft.client.renderer.entity.state.ZombieRenderState@1d9825aa
[14:30:07] [Render thread/INFO] (Minecraft) [STDOUT]: intitialized CarryAnimationMixin.injectCarryAnimation: net.minecraft.client.renderer.entity.state.ZombieRenderState@1d9825aa
[14:30:07] [Render thread/INFO] (Minecraft) [STDOUT]: intitialized CarryAnimationMixin.injectCarryAnimation: net.minecraft.client.renderer.entity.state.ZombieRenderState@21953099
[14:30:07] [Render thread/INFO] (Minecraft) [STDOUT]: intitialized CarryAnimationMixin.injectCarryAnimation: net.minecraft.client.renderer.entity.state.ZombieRenderState@21953099
[14:30:07] [Render thread/INFO] (Minecraft) [STDOUT]: intitialized CarryAnimationMixin.injectCarryAnimation: net.minecraft.client.renderer.entity.state.ZombieRenderState@33337e92
[14:30:07] [Render thread/INFO] (Minecraft) [STDOUT]: intitialized CarryAnimationMixin.injectCarryAnimation: net.minecraft.client.renderer.entity.state.ZombieRenderState@33337e92
[14:30:07] [Render thread/INFO] (Minecraft) [STDOUT]: intitialized CarryAnimationMixin.injectCarryAnimation: net.minecraft.client.renderer.entity.state.ZombieRenderState@63e0f235
[14:30:07] [Render thread/INFO] (Minecraft) [STDOUT]: intitialized CarryAnimationMixin.injectCarryAnimation: net.minecraft.client.renderer.entity.state.ZombieRenderState@63e0f235
[14:30:07] [Render thread/INFO] (Minecraft) [STDOUT]: intitialized CarryAnimationMixin.injectCarryAnimation: net.minecraft.client.renderer.entity.state.ZombieRenderState@6bf90728
[14:30:07] [Render thread/INFO] (Minecraft) [STDOUT]: intitialized CarryAnimationMixin.injectCarryAnimation: net.minecraft.client.renderer.entity.state.ZombieRenderState@6bf90728
[14:30:07] [Render thread/INFO] (Minecraft) [STDOUT]: intitialized CarryAnimationMixin.injectCarryAnimation: net.minecraft.client.renderer.entity.state.ZombieRenderState@4316332b
[14:30:07] [Render thread/INFO] (Minecraft) [STDOUT]: intitialized CarryAnimationMixin.injectCarryAnimation: net.minecraft.client.renderer.entity.state.ZombieRenderState@4316332b
[14:30:07] [Render thread/INFO] (Minecraft) [STDOUT]: intitialized CarryAnimationMixin.injectCarryAnimation: net.minecraft.client.renderer.entity.state.ZombieRenderState@35c1773f
[14:30:07] [Render thread/INFO] (Minecraft) [STDOUT]: intitialized CarryAnimationMixin.injectCarryAnimation: net.minecraft.client.renderer.entity.state.ZombieRenderState@35c1773f
[14:30:07] [Render thread/INFO] (Minecraft) [STDOUT]: intitialized CarryAnimationMixin.injectCarryAnimation: net.minecraft.client.renderer.entity.state.ZombieRenderState@51545ae8
[14:30:07] [Render thread/INFO] (Minecraft) [STDOUT]: intitialized CarryAnimationMixin.injectCarryAnimation: net.minecraft.client.renderer.entity.state.ZombieRenderState@51545ae8
[14:30:07] [Render thread/INFO] (Minecraft) [STDOUT]: intitialized CarryAnimationMixin.injectCarryAnimation: net.minecraft.client.renderer.entity.state.ZombieRenderState@34e5046e
[14:30:07] [Render thread/INFO] (Minecraft) [STDOUT]: intitialized CarryAnimationMixin.injectCarryAnimation: net.minecraft.client.renderer.entity.state.ZombieRenderState@34e5046e
[14:30:07] [Render thread/INFO] (Minecraft) [STDOUT]: intitialized CarryAnimationMixin.injectCarryAnimation: net.minecraft.client.renderer.entity.state.ZombieRenderState@697423d6
[14:30:07] [Render thread/INFO] (Minecraft) [STDOUT]: intitialized CarryAnimationMixin.injectCarryAnimation: net.minecraft.client.renderer.entity.state.ZombieRenderState@697423d6
[14:30:07] [Render thread/INFO] (Minecraft) [STDOUT]: intitialized CarryAnimationMixin.injectCarryAnimation: net.minecraft.client.renderer.entity.state.ZombieRenderState@2c4dc865
[14:30:07] [Render thread/INFO] (Minecraft) [STDOUT]: intitialized CarryAnimationMixin.injectCarryAnimation: net.minecraft.client.renderer.entity.state.ZombieRenderState@2c4dc865
[14:30:07] [Render thread/INFO] (Minecraft) [STDOUT]: intitialized CarryAnimationMixin.injectCarryAnimation: net.minecraft.client.renderer.entity.state.ZombieRenderState@7bc73224
[14:30:07] [Render thread/INFO] (Minecraft) [STDOUT]: intitialized CarryAnimationMixin.injectCarryAnimation: net.minecraft.client.renderer.entity.state.ZombieRenderState@7bc73224
[14:30:07] [Render thread/INFO] (Minecraft) [STDOUT]: intitialized CarryAnimationMixin.injectCarryAnimation: net.minecraft.client.renderer.entity.state.ZombieRenderState@59de315b
[14:30:07] [Render thread/INFO] (Minecraft) [STDOUT]: intitialized CarryAnimationMixin.injectCarryAnimation: net.minecraft.client.renderer.entity.state.ZombieRenderState@59de315b
[14:30:07] [Render thread/INFO] (Minecraft) [STDOUT]: intitialized CarryAnimationMixin.injectCarryAnimation: net.minecraft.client.renderer.entity.state.ZombieRenderState@2cda64dd
[14:30:07] [Render thread/INFO] (Minecraft) [STDOUT]: intitialized CarryAnimationMixin.injectCarryAnimation: net.minecraft.client.renderer.entity.state.ZombieRenderState@2cda64dd
[14:30:07] [Render thread/INFO] (Minecraft) [STDOUT]: intitialized CarryAnimationMixin.injectCarryAnimation: net.minecraft.client.renderer.entity.state.ZombieRenderState@2e45fcb5
[14:30:07] [Render thread/INFO] (Minecraft) [STDOUT]: intitialized CarryAnimationMixin.injectCarryAnimation: net.minecraft.client.renderer.entity.state.ZombieRenderState@2e45fcb5
[14:30:07] [Render thread/INFO] (Minecraft) [STDOUT]: intitialized CarryAnimationMixin.injectCarryAnimation: net.minecraft.client.renderer.entity.state.ZombieRenderState@6c060848
[14:30:07] [Render thread/INFO] (Minecraft) [STDOUT]: intitialized CarryAnimationMixin.injectCarryAnimation: net.minecraft.client.renderer.entity.state.ZombieRenderState@6c060848
[14:30:07] [Render thread/INFO] (Minecraft) [STDOUT]: intitialized CarryAnimationMixin.injectCarryAnimation: net.minecraft.client.renderer.entity.state.ZombieRenderState@1eef4756
[14:30:07] [Render thread/INFO] (Minecraft) [STDOUT]: intitialized CarryAnimationMixin.injectCarryAnimation: net.minecraft.client.renderer.entity.state.ZombieRenderState@1eef4756
[14:30:07] [Render thread/INFO] (Minecraft) [STDOUT]: intitialized CarryAnimationMixin.injectCarryAnimation: net.minecraft.client.renderer.entity.state.ZombieRenderState@2038d725
[14:30:07] [Render thread/INFO] (Minecraft) [STDOUT]: intitialized CarryAnimationMixin.injectCarryAnimation: net.minecraft.client.renderer.entity.state.ZombieRenderState@2038d725
[14:30:07] [Render thread/INFO] (Minecraft) [STDOUT]: intitialized CarryAnimationMixin.injectCarryAnimation: net.minecraft.client.renderer.entity.state.ZombieRenderState@7027f480
[14:30:07] [Render thread/INFO] (Minecraft) [STDOUT]: intitialized CarryAnimationMixin.injectCarryAnimation: net.minecraft.client.renderer.entity.state.ZombieRenderState@7027f480
[14:30:07] [Render thread/INFO] (Minecraft) [STDOUT]: intitialized CarryAnimationMixin.injectCarryAnimation: net.minecraft.client.renderer.entity.state.ZombieRenderState@73a7f09
[14:30:07] [Render thread/INFO] (Minecraft) [STDOUT]: intitialized CarryAnimationMixin.injectCarryAnimation: net.minecraft.client.renderer.entity.state.ZombieRenderState@73a7f09
[14:30:07] [Render thread/INFO] (Minecraft) [STDOUT]: intitialized CarryAnimationMixin.injectCarryAnimation: net.minecraft.client.renderer.entity.state.ZombieRenderState@7817714f
[14:30:07] [Render thread/INFO] (Minecraft) [STDOUT]: intitialized CarryAnimationMixin.injectCarryAnimation: net.minecraft.client.renderer.entity.state.ZombieRenderState@7817714f
[14:30:07] [Render thread/INFO] (Minecraft) [STDOUT]: intitialized CarryAnimationMixin.injectCarryAnimation: net.minecraft.client.renderer.entity.state.ZombieRenderState@37fba0d1
[14:30:07] [Render thread/INFO] (Minecraft) [STDOUT]: intitialized CarryAnimationMixin.injectCarryAnimation: net.minecraft.client.renderer.entity.state.ZombieRenderState@37fba0d1
[14:30:07] [Render thread/INFO] (Minecraft) [STDOUT]: intitialized CarryAnimationMixin.injectCarryAnimation: net.minecraft.client.renderer.entity.state.ZombieRenderState@1faaa6b4
[14:30:07] [Render thread/INFO] (Minecraft) [STDOUT]: intitialized CarryAnimationMixin.injectCarryAnimation: net.minecraft.client.renderer.entity.state.ZombieRenderState@1faaa6b4
[14:30:07] [Render thread/INFO] (Minecraft) [STDOUT]: intitialized CarryAnimationMixin.injectCarryAnimation: net.minecraft.client.renderer.entity.state.ZombieRenderState@48be580b
[14:30:07] [Render thread/INFO] (Minecraft) [STDOUT]: intitialized CarryAnimationMixin.injectCarryAnimation: net.minecraft.client.renderer.entity.state.ZombieRenderState@48be580b
[14:30:07] [Render thread/INFO] (Minecraft) [STDOUT]: intitialized CarryAnimationMixin.injectCarryAnimation: net.minecraft.client.renderer.entity.state.ZombieRenderState@2ea81c9b
[14:30:07] [Render thread/INFO] (Minecraft) [STDOUT]: intitialized CarryAnimationMixin.injectCarryAnimation: net.minecraft.client.renderer.entity.state.ZombieRenderState@2ea81c9b
[14:30:07] [Render thread/INFO] (Minecraft) [STDOUT]: intitialized CarryAnimationMixin.injectCarryAnimation: net.minecraft.client.renderer.entity.state.ZombieRenderState@4c98ccea
[14:30:07] [Render thread/INFO] (Minecraft) [STDOUT]: intitialized CarryAnimationMixin.injectCarryAnimation: net.minecraft.client.renderer.entity.state.ZombieRenderState@4c98ccea
[14:30:07] [Render thread/INFO] (Minecraft) [STDOUT]: intitialized CarryAnimationMixin.injectCarryAnimation: net.minecraft.client.renderer.entity.state.ZombieRenderState@13f21027
[14:30:07] [Render thread/INFO] (Minecraft) [STDOUT]: intitialized CarryAnimationMixin.injectCarryAnimation: net.minecraft.client.renderer.entity.state.ZombieRenderState@13f21027
[14:30:07] [Render thread/INFO] (Minecraft) [STDOUT]: intitialized CarryAnimationMixin.injectCarryAnimation: net.minecraft.client.renderer.entity.state.ZombieRenderState@77731b4f
[14:30:07] [Render thread/INFO] (Minecraft) [STDOUT]: intitialized CarryAnimationMixin.injectCarryAnimation: net.minecraft.client.renderer.entity.state.ZombieRenderState@77731b4f
[14:30:07] [Render thread/INFO] (Minecraft) [STDOUT]: intitialized CarryAnimationMixin.injectCarryAnimation: net.minecraft.client.renderer.entity.state.ZombieRenderState@7a74da6f
[14:30:07] [Render thread/INFO] (Minecraft) [STDOUT]: intitialized CarryAnimationMixin.injectCarryAnimation: net.minecraft.client.renderer.entity.state.ZombieRenderState@7a74da6f
[14:30:07] [Render thread/INFO] (Minecraft) [STDOUT]: intitialized CarryAnimationMixin.injectCarryAnimation: net.minecraft.client.renderer.entity.state.ZombieRenderState@762bdb37
[14:30:07] [Render thread/INFO] (Minecraft) [STDOUT]: intitialized CarryAnimationMixin.injectCarryAnimation: net.minecraft.client.renderer.entity.state.ZombieRenderState@762bdb37
[14:30:07] [Render thread/INFO] (Minecraft) [STDOUT]: intitialized CarryAnimationMixin.injectCarryAnimation: net.minecraft.client.renderer.entity.state.ZombieRenderState@4cdcb16d
[14:30:07] [Render thread/INFO] (Minecraft) [STDOUT]: intitialized CarryAnimationMixin.injectCarryAnimation: net.minecraft.client.renderer.entity.state.ZombieRenderState@4cdcb16d
[14:30:07] [Render thread/INFO] (Minecraft) [STDOUT]: intitialized CarryAnimationMixin.injectCarryAnimation: net.minecraft.client.renderer.entity.state.ZombieRenderState@6cd2838d
[14:30:07] [Render thread/INFO] (Minecraft) [STDOUT]: intitialized CarryAnimationMixin.injectCarryAnimation: net.minecraft.client.renderer.entity.state.ZombieRenderState@6cd2838d
[14:30:07] [Render thread/INFO] (Minecraft) [STDOUT]: intitialized CarryAnimationMixin.injectCarryAnimation: net.minecraft.client.renderer.entity.state.ZombieRenderState@4d1777dd
[14:30:07] [Render thread/INFO] (Minecraft) [STDOUT]: intitialized CarryAnimationMixin.injectCarryAnimation: net.minecraft.client.renderer.entity.state.ZombieRenderState@4d1777dd
[14:30:07] [Render thread/INFO] (Minecraft) [STDOUT]: intitialized CarryAnimationMixin.injectCarryAnimation: net.minecraft.client.renderer.entity.state.ZombieRenderState@5c98eb25
[14:30:07] [Render thread/INFO] (Minecraft) [STDOUT]: intitialized CarryAnimationMixin.injectCarryAnimation: net.minecraft.client.renderer.entity.state.ZombieRenderState@5c98eb25
[14:30:07] [Render thread/INFO] (Minecraft) [STDOUT]: intitialized CarryAnimationMixin.injectCarryAnimation: net.minecraft.client.renderer.entity.state.ZombieRenderState@367144e7
[14:30:07] [Render thread/INFO] (Minecraft) [STDOUT]: intitialized CarryAnimationMixin.injectCarryAnimation: net.minecraft.client.renderer.entity.state.ZombieRenderState@367144e7
[14:30:07] [Render thread/INFO] (Minecraft) [STDOUT]: intitialized CarryAnimationMixin.injectCarryAnimation: net.minecraft.client.renderer.entity.state.ZombieRenderState@3a744374
[14:30:07] [Render thread/INFO] (Minecraft) [STDOUT]: intitialized CarryAnimationMixin.injectCarryAnimation: net.minecraft.client.renderer.entity.state.ZombieRenderState@3a744374
[14:30:07] [Render thread/INFO] (Minecraft) [STDOUT]: intitialized CarryAnimationMixin.injectCarryAnimation: net.minecraft.client.renderer.entity.state.ZombieRenderState@477764f2
[14:30:07] [Render thread/INFO] (Minecraft) [STDOUT]: intitialized CarryAnimationMixin.injectCarryAnimation: net.minecraft.client.renderer.entity.state.ZombieRenderState@477764f2
[14:30:07] [Render thread/INFO] (Minecraft) Resizing Dynamic Transforms UBO, capacity limit of 8 reached during a single frame. New capacity will be 16.
[14:30:07] [Render thread/INFO] (Minecraft) [STDOUT]: intitialized CarryAnimationMixin.injectCarryAnimation: net.minecraft.client.renderer.entity.state.ZombieRenderState@522a3c6d
[14:30:07] [Render thread/INFO] (Minecraft) [STDOUT]: intitialized CarryAnimationMixin.injectCarryAnimation: net.minecraft.client.renderer.entity.state.ZombieRenderState@522a3c6d
[14:30:07] [Render thread/INFO] (Minecraft) [STDOUT]: intitialized CarryAnimationMixin.injectCarryAnimation: net.minecraft.client.renderer.entity.state.ZombieRenderState@20b29cdf
[14:30:07] [Render thread/INFO] (Minecraft) [STDOUT]: intitialized CarryAnimationMixin.injectCarryAnimation: net.minecraft.client.renderer.entity.state.ZombieRenderState@20b29cdf
[14:30:07] [Render thread/INFO] (Minecraft) [STDOUT]: intitialized CarryAnimationMixin.injectCarryAnimation: net.minecraft.client.renderer.entity.state.ZombieRenderState@4a858176
[14:30:07] [Render thread/INFO] (Minecraft) [STDOUT]: intitialized CarryAnimationMixin.injectCarryAnimation: net.minecraft.client.renderer.entity.state.ZombieRenderState@4a858176
[14:30:07] [Render thread/INFO] (Minecraft) Resizing Chunk Sections UBO, capacity limit of 256 reached during a single frame. New capacity will be 512.
[14:30:08] [Render thread/INFO] (Minecraft) Resizing Chunk Sections UBO, capacity limit of 512 reached during a single frame. New capacity will be 1024.
[14:30:08] [Render thread/INFO] (Minecraft) [STDOUT]: DEBUG: เจอแล้ว! GLFW บอกว่าพี่ปอกดคลิกขวาอยู่จ้าาา!
[14:30:08] [Render thread/INFO] (Minecraft) [System] [CHAT] พี่ปออุ้ม Sheep เข้ากระเป๋าแล้วจ้า!
[14:30:08] [Render thread/INFO] (Minecraft) [System] [CHAT] GrapAndGo: Received Entity ID 1
[14:30:08] [Render thread/INFO] (Minecraft) [STDOUT]: DEBUG: เจอแล้ว! GLFW บอกว่าพี่ปอกดคลิกขวาอยู่จ้าาา!
[14:30:08] [Render thread/INFO] (Minecraft) [STDOUT]: DEBUG: เจอแล้ว! GLFW บอกว่าพี่ปอกดคลิกขวาอยู่จ้าาา!
[14:30:10] [Render thread/INFO] (Minecraft) [STDOUT]: DEBUG: เจอแล้ว! GLFW บอกว่าพี่ปอกดคลิกขวาอยู่จ้าาา!
[14:30:10] [Render thread/INFO] (Minecraft) [System] [CHAT] พี่ปอวาง Sheep ลงพื้นแล้วค่ะ!
[14:30:10] [Render thread/INFO] (Minecraft) [System] [CHAT] GrapAndGo: Received Entity ID -1
[14:30:10] [Render thread/INFO] (Minecraft) [STDOUT]: DEBUG: เจอแล้ว! GLFW บอกว่าพี่ปอกดคลิกขวาอยู่จ้าาา!
[14:30:10] [Render thread/INFO] (Minecraft) [STDOUT]: intitialized CarryAnimationMixin.injectCarryAnimation: net.minecraft.client.renderer.entity.state.SkeletonRenderState@6106579d
[14:30:10] [Render thread/INFO] (Minecraft) [STDOUT]: intitialized CarryAnimationMixin.injectCarryAnimation: net.minecraft.client.renderer.entity.state.SkeletonRenderState@5285b674
[14:30:10] [Render thread/INFO] (Minecraft) [STDOUT]: intitialized CarryAnimationMixin.injectCarryAnimation: net.minecraft.client.renderer.entity.state.SkeletonRenderState@6106579d
[14:30:10] [Render thread/INFO] (Minecraft) [STDOUT]: intitialized CarryAnimationMixin.injectCarryAnimation: net.minecraft.client.renderer.entity.state.SkeletonRenderState@5285b674
[14:30:10] [Render thread/INFO] (Minecraft) [STDOUT]: intitialized CarryAnimationMixin.injectCarryAnimation: net.minecraft.client.renderer.entity.state.SkeletonRenderState@7915d61d
[14:30:10] [Render thread/INFO] (Minecraft) [STDOUT]: intitialized CarryAnimationMixin.injectCarryAnimation: net.minecraft.client.renderer.entity.state.SkeletonRenderState@54a54e84
[14:30:10] [Render thread/INFO] (Minecraft) [STDOUT]: intitialized CarryAnimationMixin.injectCarryAnimation: net.minecraft.client.renderer.entity.state.SkeletonRenderState@7915d61d
[14:30:10] [Render thread/INFO] (Minecraft) [STDOUT]: intitialized CarryAnimationMixin.injectCarryAnimation: net.minecraft.client.renderer.entity.state.SkeletonRenderState@54a54e84
[14:30:10] [Render thread/INFO] (Minecraft) [STDOUT]: intitialized CarryAnimationMixin.injectCarryAnimation: net.minecraft.client.renderer.entity.state.SkeletonRenderState@358609ab
[14:30:10] [Render thread/INFO] (Minecraft) [STDOUT]: intitialized CarryAnimationMixin.injectCarryAnimation: net.minecraft.client.renderer.entity.state.SkeletonRenderState@4b29b0f1
[14:30:10] [Render thread/INFO] (Minecraft) [STDOUT]: intitialized CarryAnimationMixin.injectCarryAnimation: net.minecraft.client.renderer.entity.state.SkeletonRenderState@358609ab
[14:30:10] [Render thread/INFO] (Minecraft) [STDOUT]: intitialized CarryAnimationMixin.injectCarryAnimation: net.minecraft.client.renderer.entity.state.SkeletonRenderState@4b29b0f1
[14:30:10] [Render thread/INFO] (Minecraft) [STDOUT]: intitialized CarryAnimationMixin.injectCarryAnimation: net.minecraft.client.renderer.entity.state.SkeletonRenderState@7560825f
[14:30:10] [Render thread/INFO] (Minecraft) [STDOUT]: intitialized CarryAnimationMixin.injectCarryAnimation: net.minecraft.client.renderer.entity.state.SkeletonRenderState@3324b09b
[14:30:10] [Render thread/INFO] (Minecraft) [STDOUT]: intitialized CarryAnimationMixin.injectCarryAnimation: net.minecraft.client.renderer.entity.state.SkeletonRenderState@7560825f
[14:30:10] [Render thread/INFO] (Minecraft) [STDOUT]: intitialized CarryAnimationMixin.injectCarryAnimation: net.minecraft.client.renderer.entity.state.SkeletonRenderState@3324b09b
[14:30:10] [Render thread/INFO] (Minecraft) [STDOUT]: intitialized CarryAnimationMixin.injectCarryAnimation: net.minecraft.client.renderer.entity.state.SkeletonRenderState@36ea2c05
[14:30:10] [Render thread/INFO] (Minecraft) [STDOUT]: intitialized CarryAnimationMixin.injectCarryAnimation: net.minecraft.client.renderer.entity.state.SkeletonRenderState@3042bc11
[14:30:10] [Render thread/INFO] (Minecraft) [STDOUT]: intitialized CarryAnimationMixin.injectCarryAnimation: net.minecraft.client.renderer.entity.state.SkeletonRenderState@36ea2c05
[14:30:10] [Render thread/INFO] (Minecraft) [STDOUT]: intitialized CarryAnimationMixin.injectCarryAnimation: net.minecraft.client.renderer.entity.state.SkeletonRenderState@3042bc11
[14:30:10] [Render thread/INFO] (Minecraft) [STDOUT]: intitialized CarryAnimationMixin.injectCarryAnimation: net.minecraft.client.renderer.entity.state.SkeletonRenderState@41c1b23c
[14:30:10] [Render thread/INFO] (Minecraft) [STDOUT]: intitialized CarryAnimationMixin.injectCarryAnimation: net.minecraft.client.renderer.entity.state.SkeletonRenderState@577762f7
[14:30:10] [Render thread/INFO] (Minecraft) [STDOUT]: intitialized CarryAnimationMixin.injectCarryAnimation: net.minecraft.client.renderer.entity.state.SkeletonRenderState@41c1b23c
[14:30:10] [Render thread/INFO] (Minecraft) [STDOUT]: intitialized CarryAnimationMixin.injectCarryAnimation: net.minecraft.client.renderer.entity.state.SkeletonRenderState@577762f7
[14:30:10] [Render thread/INFO] (Minecraft) [STDOUT]: intitialized CarryAnimationMixin.injectCarryAnimation: net.minecraft.client.renderer.entity.state.SkeletonRenderState@309af618
[14:30:10] [Render thread/INFO] (Minecraft) [STDOUT]: intitialized CarryAnimationMixin.injectCarryAnimation: net.minecraft.client.renderer.entity.state.SkeletonRenderState@151d762e
[14:30:10] [Render thread/INFO] (Minecraft) [STDOUT]: intitialized CarryAnimationMixin.injectCarryAnimation: net.minecraft.client.renderer.entity.state.SkeletonRenderState@309af618
[14:30:10] [Render thread/INFO] (Minecraft) [STDOUT]: intitialized CarryAnimationMixin.injectCarryAnimation: net.minecraft.client.renderer.entity.state.SkeletonRenderState@151d762e
[14:30:10] [Render thread/INFO] (Minecraft) [STDOUT]: intitialized CarryAnimationMixin.injectCarryAnimation: net.minecraft.client.renderer.entity.state.SkeletonRenderState@52c0cd61
[14:30:10] [Render thread/INFO] (Minecraft) [STDOUT]: intitialized CarryAnimationMixin.injectCarryAnimation: net.minecraft.client.renderer.entity.state.SkeletonRenderState@2c126d11
[14:30:10] [Render thread/INFO] (Minecraft) [STDOUT]: intitialized CarryAnimationMixin.injectCarryAnimation: net.minecraft.client.renderer.entity.state.SkeletonRenderState@52c0cd61
[14:30:10] [Render thread/INFO] (Minecraft) [STDOUT]: intitialized CarryAnimationMixin.injectCarryAnimation: net.minecraft.client.renderer.entity.state.SkeletonRenderState@2c126d11
[14:30:10] [Render thread/INFO] (Minecraft) [STDOUT]: intitialized CarryAnimationMixin.injectCarryAnimation: net.minecraft.client.renderer.entity.state.SkeletonRenderState@7ef6a00e
[14:30:10] [Render thread/INFO] (Minecraft) [STDOUT]: intitialized CarryAnimationMixin.injectCarryAnimation: net.minecraft.client.renderer.entity.state.SkeletonRenderState@259fba09
[14:30:10] [Render thread/INFO] (Minecraft) [STDOUT]: intitialized CarryAnimationMixin.injectCarryAnimation: net.minecraft.client.renderer.entity.state.SkeletonRenderState@7ef6a00e
[14:30:10] [Render thread/INFO] (Minecraft) [STDOUT]: intitialized CarryAnimationMixin.injectCarryAnimation: net.minecraft.client.renderer.entity.state.SkeletonRenderState@259fba09
[14:30:10] [Render thread/INFO] (Minecraft) [STDOUT]: intitialized CarryAnimationMixin.injectCarryAnimation: net.minecraft.client.renderer.entity.state.SkeletonRenderState@7160d01e
[14:30:10] [Render thread/INFO] (Minecraft) [STDOUT]: intitialized CarryAnimationMixin.injectCarryAnimation: net.minecraft.client.renderer.entity.state.SkeletonRenderState@4ea541c6
[14:30:10] [Render thread/INFO] (Minecraft) [STDOUT]: intitialized CarryAnimationMixin.injectCarryAnimation: net.minecraft.client.renderer.entity.state.SkeletonRenderState@7160d01e
[14:30:10] [Render thread/INFO] (Minecraft) [STDOUT]: intitialized CarryAnimationMixin.injectCarryAnimation: net.minecraft.client.renderer.entity.state.SkeletonRenderState@4ea541c6
[14:30:10] [Render thread/INFO] (Minecraft) [STDOUT]: intitialized CarryAnimationMixin.injectCarryAnimation: net.minecraft.client.renderer.entity.state.SkeletonRenderState@5987ecc
[14:30:10] [Render thread/INFO] (Minecraft) [STDOUT]: intitialized CarryAnimationMixin.injectCarryAnimation: net.minecraft.client.renderer.entity.state.SkeletonRenderState@5d0fc384
[14:30:10] [Render thread/INFO] (Minecraft) [STDOUT]: intitialized CarryAnimationMixin.injectCarryAnimation: net.minecraft.client.renderer.entity.state.SkeletonRenderState@5987ecc
[14:30:10] [Render thread/INFO] (Minecraft) [STDOUT]: intitialized CarryAnimationMixin.injectCarryAnimation: net.minecraft.client.renderer.entity.state.SkeletonRenderState@5d0fc384
[14:30:10] [Render thread/INFO] (Minecraft) [STDOUT]: intitialized CarryAnimationMixin.injectCarryAnimation: net.minecraft.client.renderer.entity.state.SkeletonRenderState@2a98181b
[14:30:10] [Render thread/INFO] (Minecraft) [STDOUT]: intitialized CarryAnimationMixin.injectCarryAnimation: net.minecraft.client.renderer.entity.state.SkeletonRenderState@4ed7d7ff
[14:30:10] [Render thread/INFO] (Minecraft) [STDOUT]: intitialized CarryAnimationMixin.injectCarryAnimation: net.minecraft.client.renderer.entity.state.SkeletonRenderState@2a98181b
[14:30:10] [Render thread/INFO] (Minecraft) [STDOUT]: intitialized CarryAnimationMixin.injectCarryAnimation: net.minecraft.client.renderer.entity.state.SkeletonRenderState@4ed7d7ff
[14:30:10] [Render thread/INFO] (Minecraft) [STDOUT]: intitialized CarryAnimationMixin.injectCarryAnimation: net.minecraft.client.renderer.entity.state.SkeletonRenderState@41fdd23d
[14:30:10] [Render thread/INFO] (Minecraft) [STDOUT]: intitialized CarryAnimationMixin.injectCarryAnimation: net.minecraft.client.renderer.entity.state.SkeletonRenderState@31659dd2
[14:30:10] [Render thread/INFO] (Minecraft) [STDOUT]: intitialized CarryAnimationMixin.injectCarryAnimation: net.minecraft.client.renderer.entity.state.SkeletonRenderState@41fdd23d
[14:30:10] [Render thread/INFO] (Minecraft) [STDOUT]: intitialized CarryAnimationMixin.injectCarryAnimation: net.minecraft.client.renderer.entity.state.SkeletonRenderState@31659dd2
[14:30:10] [Render thread/INFO] (Minecraft) [STDOUT]: intitialized CarryAnimationMixin.injectCarryAnimation: net.minecraft.client.renderer.entity.state.SkeletonRenderState@4418951f
[14:30:10] [Render thread/INFO] (Minecraft) [STDOUT]: intitialized CarryAnimationMixin.injectCarryAnimation: net.minecraft.client.renderer.entity.state.SkeletonRenderState@15fa89b4
[14:30:10] [Render thread/INFO] (Minecraft) [STDOUT]: intitialized CarryAnimationMixin.injectCarryAnimation: net.minecraft.client.renderer.entity.state.SkeletonRenderState@4418951f
[14:30:10] [Render thread/INFO] (Minecraft) [STDOUT]: intitialized CarryAnimationMixin.injectCarryAnimation: net.minecraft.client.renderer.entity.state.SkeletonRenderState@15fa89b4
[14:30:10] [Render thread/INFO] (Minecraft) [STDOUT]: intitialized CarryAnimationMixin.injectCarryAnimation: net.minecraft.client.renderer.entity.state.SkeletonRenderState@3a39cd0c
[14:30:10] [Render thread/INFO] (Minecraft) [STDOUT]: intitialized CarryAnimationMixin.injectCarryAnimation: net.minecraft.client.renderer.entity.state.SkeletonRenderState@272f4c94
[14:30:10] [Render thread/INFO] (Minecraft) [STDOUT]: intitialized CarryAnimationMixin.injectCarryAnimation: net.minecraft.client.renderer.entity.state.SkeletonRenderState@3a39cd0c
[14:30:10] [Render thread/INFO] (Minecraft) [STDOUT]: intitialized CarryAnimationMixin.injectCarryAnimation: net.minecraft.client.renderer.entity.state.SkeletonRenderState@272f4c94
[14:30:10] [Render thread/INFO] (Minecraft) [STDOUT]: intitialized CarryAnimationMixin.injectCarryAnimation: net.minecraft.client.renderer.entity.state.SkeletonRenderState@279f8503
[14:30:10] [Render thread/INFO] (Minecraft) [STDOUT]: intitialized CarryAnimationMixin.injectCarryAnimation: net.minecraft.client.renderer.entity.state.SkeletonRenderState@66690f6d
[14:30:10] [Render thread/INFO] (Minecraft) [STDOUT]: intitialized CarryAnimationMixin.injectCarryAnimation: net.minecraft.client.renderer.entity.state.SkeletonRenderState@279f8503
[14:30:10] [Render thread/INFO] (Minecraft) [STDOUT]: intitialized CarryAnimationMixin.injectCarryAnimation: net.minecraft.client.renderer.entity.state.SkeletonRenderState@66690f6d
[14:30:10] [Render thread/INFO] (Minecraft) [STDOUT]: intitialized CarryAnimationMixin.injectCarryAnimation: net.minecraft.client.renderer.entity.state.SkeletonRenderState@12ccef01
[14:30:10] [Render thread/INFO] (Minecraft) [STDOUT]: intitialized CarryAnimationMixin.injectCarryAnimation: net.minecraft.client.renderer.entity.state.SkeletonRenderState@4f5a4a20
[14:30:10] [Render thread/INFO] (Minecraft) [STDOUT]: intitialized CarryAnimationMixin.injectCarryAnimation: net.minecraft.client.renderer.entity.state.SkeletonRenderState@12ccef01
[14:30:10] [Render thread/INFO] (Minecraft) [STDOUT]: intitialized CarryAnimationMixin.injectCarryAnimation: net.minecraft.client.renderer.entity.state.SkeletonRenderState@4f5a4a20
[14:30:10] [Render thread/INFO] (Minecraft) [STDOUT]: intitialized CarryAnimationMixin.injectCarryAnimation: net.minecraft.client.renderer.entity.state.SkeletonRenderState@14b67955
[14:30:10] [Render thread/INFO] (Minecraft) [STDOUT]: intitialized CarryAnimationMixin.injectCarryAnimation: net.minecraft.client.renderer.entity.state.SkeletonRenderState@3a0a1ec9
[14:30:10] [Render thread/INFO] (Minecraft) [STDOUT]: intitialized CarryAnimationMixin.injectCarryAnimation: net.minecraft.client.renderer.entity.state.SkeletonRenderState@14b67955
[14:30:10] [Render thread/INFO] (Minecraft) [STDOUT]: intitialized CarryAnimationMixin.injectCarryAnimation: net.minecraft.client.renderer.entity.state.SkeletonRenderState@3a0a1ec9
[14:30:10] [Render thread/INFO] (Minecraft) [STDOUT]: intitialized CarryAnimationMixin.injectCarryAnimation: net.minecraft.client.renderer.entity.state.SkeletonRenderState@4fcb4a6e
[14:30:10] [Render thread/INFO] (Minecraft) [STDOUT]: intitialized CarryAnimationMixin.injectCarryAnimation: net.minecraft.client.renderer.entity.state.SkeletonRenderState@52dd02fd
[14:30:10] [Render thread/INFO] (Minecraft) [STDOUT]: intitialized CarryAnimationMixin.injectCarryAnimation: net.minecraft.client.renderer.entity.state.SkeletonRenderState@4fcb4a6e
[14:30:10] [Render thread/INFO] (Minecraft) [STDOUT]: intitialized CarryAnimationMixin.injectCarryAnimation: net.minecraft.client.renderer.entity.state.SkeletonRenderState@52dd02fd
[14:30:10] [Render thread/INFO] (Minecraft) [STDOUT]: intitialized CarryAnimationMixin.injectCarryAnimation: net.minecraft.client.renderer.entity.state.SkeletonRenderState@7586a522
[14:30:10] [Render thread/INFO] (Minecraft) [STDOUT]: intitialized CarryAnimationMixin.injectCarryAnimation: net.minecraft.client.renderer.entity.state.SkeletonRenderState@1f10010d
[14:30:10] [Render thread/INFO] (Minecraft) [STDOUT]: intitialized CarryAnimationMixin.injectCarryAnimation: net.minecraft.client.renderer.entity.state.SkeletonRenderState@7586a522
[14:30:10] [Render thread/INFO] (Minecraft) [STDOUT]: intitialized CarryAnimationMixin.injectCarryAnimation: net.minecraft.client.renderer.entity.state.SkeletonRenderState@1f10010d
[14:30:10] [Render thread/INFO] (Minecraft) [STDOUT]: intitialized CarryAnimationMixin.injectCarryAnimation: net.minecraft.client.renderer.entity.state.SkeletonRenderState@a9da0bb
[14:30:10] [Render thread/INFO] (Minecraft) [STDOUT]: intitialized CarryAnimationMixin.injectCarryAnimation: net.minecraft.client.renderer.entity.state.SkeletonRenderState@30ed81ff
[14:30:10] [Render thread/INFO] (Minecraft) [STDOUT]: intitialized CarryAnimationMixin.injectCarryAnimation: net.minecraft.client.renderer.entity.state.SkeletonRenderState@a9da0bb
[14:30:10] [Render thread/INFO] (Minecraft) [STDOUT]: intitialized CarryAnimationMixin.injectCarryAnimation: net.minecraft.client.renderer.entity.state.SkeletonRenderState@30ed81ff
[14:30:10] [Render thread/INFO] (Minecraft) [STDOUT]: intitialized CarryAnimationMixin.injectCarryAnimation: net.minecraft.client.renderer.entity.state.SkeletonRenderState@70028d75
[14:30:10] [Render thread/INFO] (Minecraft) [STDOUT]: intitialized CarryAnimationMixin.injectCarryAnimation: net.minecraft.client.renderer.entity.state.SkeletonRenderState@6f85e211
[14:30:10] [Render thread/INFO] (Minecraft) [STDOUT]: intitialized CarryAnimationMixin.injectCarryAnimation: net.minecraft.client.renderer.entity.state.SkeletonRenderState@70028d75
[14:30:10] [Render thread/INFO] (Minecraft) [STDOUT]: intitialized CarryAnimationMixin.injectCarryAnimation: net.minecraft.client.renderer.entity.state.SkeletonRenderState@6f85e211
[14:30:10] [Render thread/INFO] (Minecraft) [STDOUT]: intitialized CarryAnimationMixin.injectCarryAnimation: net.minecraft.client.renderer.entity.state.SkeletonRenderState@8fa0f22
[14:30:10] [Render thread/INFO] (Minecraft) [STDOUT]: intitialized CarryAnimationMixin.injectCarryAnimation: net.minecraft.client.renderer.entity.state.SkeletonRenderState@54c485bb
[14:30:10] [Render thread/INFO] (Minecraft) [STDOUT]: intitialized CarryAnimationMixin.injectCarryAnimation: net.minecraft.client.renderer.entity.state.SkeletonRenderState@8fa0f22
[14:30:10] [Render thread/INFO] (Minecraft) [STDOUT]: intitialized CarryAnimationMixin.injectCarryAnimation: net.minecraft.client.renderer.entity.state.SkeletonRenderState@54c485bb
[14:30:10] [Render thread/INFO] (Minecraft) [STDOUT]: intitialized CarryAnimationMixin.injectCarryAnimation: net.minecraft.client.renderer.entity.state.SkeletonRenderState@3049c373
[14:30:10] [Render thread/INFO] (Minecraft) [STDOUT]: intitialized CarryAnimationMixin.injectCarryAnimation: net.minecraft.client.renderer.entity.state.SkeletonRenderState@709c2a01
[14:30:10] [Render thread/INFO] (Minecraft) [STDOUT]: intitialized CarryAnimationMixin.injectCarryAnimation: net.minecraft.client.renderer.entity.state.SkeletonRenderState@3049c373
[14:30:10] [Render thread/INFO] (Minecraft) [STDOUT]: intitialized CarryAnimationMixin.injectCarryAnimation: net.minecraft.client.renderer.entity.state.SkeletonRenderState@709c2a01
[14:30:11] [Render thread/INFO] (Minecraft) [STDOUT]: intitialized CarryAnimationMixin.injectCarryAnimation: net.minecraft.client.renderer.entity.state.SkeletonRenderState@2847a82f
[14:30:11] [Render thread/INFO] (Minecraft) [STDOUT]: intitialized CarryAnimationMixin.injectCarryAnimation: net.minecraft.client.renderer.entity.state.SkeletonRenderState@58de09c1
[14:30:11] [Render thread/INFO] (Minecraft) [STDOUT]: intitialized CarryAnimationMixin.injectCarryAnimation: net.minecraft.client.renderer.entity.state.SkeletonRenderState@2847a82f
[14:30:11] [Render thread/INFO] (Minecraft) [STDOUT]: intitialized CarryAnimationMixin.injectCarryAnimation: net.minecraft.client.renderer.entity.state.SkeletonRenderState@58de09c1
[14:30:11] [Render thread/INFO] (Minecraft) [STDOUT]: intitialized CarryAnimationMixin.injectCarryAnimation: net.minecraft.client.renderer.entity.state.SkeletonRenderState@26721bf2
[14:30:11] [Render thread/INFO] (Minecraft) [STDOUT]: intitialized CarryAnimationMixin.injectCarryAnimation: net.minecraft.client.renderer.entity.state.SkeletonRenderState@37aff11f
[14:30:11] [Render thread/INFO] (Minecraft) [STDOUT]: intitialized CarryAnimationMixin.injectCarryAnimation: net.minecraft.client.renderer.entity.state.SkeletonRenderState@26721bf2
[14:30:11] [Render thread/INFO] (Minecraft) [STDOUT]: intitialized CarryAnimationMixin.injectCarryAnimation: net.minecraft.client.renderer.entity.state.SkeletonRenderState@37aff11f
[14:30:11] [Render thread/INFO] (Minecraft) [STDOUT]: intitialized CarryAnimationMixin.injectCarryAnimation: net.minecraft.client.renderer.entity.state.SkeletonRenderState@223c2115
[14:30:11] [Render thread/INFO] (Minecraft) [STDOUT]: intitialized CarryAnimationMixin.injectCarryAnimation: net.minecraft.client.renderer.entity.state.SkeletonRenderState@a84a492
[14:30:11] [Render thread/INFO] (Minecraft) [STDOUT]: intitialized CarryAnimationMixin.injectCarryAnimation: net.minecraft.client.renderer.entity.state.SkeletonRenderState@223c2115
[14:30:11] [Render thread/INFO] (Minecraft) [STDOUT]: intitialized CarryAnimationMixin.injectCarryAnimation: net.minecraft.client.renderer.entity.state.SkeletonRenderState@a84a492
[14:30:11] [Render thread/INFO] (Minecraft) [STDOUT]: intitialized CarryAnimationMixin.injectCarryAnimation: net.minecraft.client.renderer.entity.state.SkeletonRenderState@74f0ba3e
[14:30:11] [Render thread/INFO] (Minecraft) [STDOUT]: intitialized CarryAnimationMixin.injectCarryAnimation: net.minecraft.client.renderer.entity.state.SkeletonRenderState@3787093c
[14:30:11] [Render thread/INFO] (Minecraft) [STDOUT]: intitialized CarryAnimationMixin.injectCarryAnimation: net.minecraft.client.renderer.entity.state.SkeletonRenderState@74f0ba3e
[14:30:11] [Render thread/INFO] (Minecraft) [STDOUT]: intitialized CarryAnimationMixin.injectCarryAnimation: net.minecraft.client.renderer.entity.state.SkeletonRenderState@3787093c
[14:30:11] [Render thread/INFO] (Minecraft) [STDOUT]: intitialized CarryAnimationMixin.injectCarryAnimation: net.minecraft.client.renderer.entity.state.SkeletonRenderState@18889b6a
[14:30:11] [Render thread/INFO] (Minecraft) [STDOUT]: intitialized CarryAnimationMixin.injectCarryAnimation: net.minecraft.client.renderer.entity.state.SkeletonRenderState@584ac18b
[14:30:11] [Render thread/INFO] (Minecraft) [STDOUT]: intitialized CarryAnimationMixin.injectCarryAnimation: net.minecraft.client.renderer.entity.state.SkeletonRenderState@18889b6a
[14:30:11] [Render thread/INFO] (Minecraft) [STDOUT]: intitialized CarryAnimationMixin.injectCarryAnimation: net.minecraft.client.renderer.entity.state.SkeletonRenderState@584ac18b
[14:30:11] [Render thread/INFO] (Minecraft) [STDOUT]: intitialized CarryAnimationMixin.injectCarryAnimation: net.minecraft.client.renderer.entity.state.SkeletonRenderState@299aa1f6
[14:30:11] [Render thread/INFO] (Minecraft) [STDOUT]: intitialized CarryAnimationMixin.injectCarryAnimation: net.minecraft.client.renderer.entity.state.SkeletonRenderState@265b9310
[14:30:11] [Render thread/INFO] (Minecraft) [STDOUT]: intitialized CarryAnimationMixin.injectCarryAnimation: net.minecraft.client.renderer.entity.state.SkeletonRenderState@299aa1f6
[14:30:11] [Render thread/INFO] (Minecraft) [STDOUT]: intitialized CarryAnimationMixin.injectCarryAnimation: net.minecraft.client.renderer.entity.state.SkeletonRenderState@265b9310
[14:30:11] [Render thread/INFO] (Minecraft) [STDOUT]: intitialized CarryAnimationMixin.injectCarryAnimation: net.minecraft.client.renderer.entity.state.SkeletonRenderState@7ad41f7a
[14:30:11] [Render thread/INFO] (Minecraft) [STDOUT]: intitialized CarryAnimationMixin.injectCarryAnimation: net.minecraft.client.renderer.entity.state.SkeletonRenderState@749ccf32
[14:30:11] [Render thread/INFO] (Minecraft) [STDOUT]: intitialized CarryAnimationMixin.injectCarryAnimation: net.minecraft.client.renderer.entity.state.SkeletonRenderState@7ad41f7a
[14:30:11] [Render thread/INFO] (Minecraft) [STDOUT]: intitialized CarryAnimationMixin.injectCarryAnimation: net.minecraft.client.renderer.entity.state.SkeletonRenderState@749ccf32
[14:30:11] [Render thread/INFO] (Minecraft) [STDOUT]: intitialized CarryAnimationMixin.injectCarryAnimation: net.minecraft.client.renderer.entity.state.SkeletonRenderState@8754546
[14:30:11] [Render thread/INFO] (Minecraft) [STDOUT]: intitialized CarryAnimationMixin.injectCarryAnimation: net.minecraft.client.renderer.entity.state.SkeletonRenderState@72cc944b
[14:30:11] [Render thread/INFO] (Minecraft) [STDOUT]: intitialized CarryAnimationMixin.injectCarryAnimation: net.minecraft.client.renderer.entity.state.SkeletonRenderState@8754546
[14:30:11] [Render thread/INFO] (Minecraft) [STDOUT]: intitialized CarryAnimationMixin.injectCarryAnimation: net.minecraft.client.renderer.entity.state.SkeletonRenderState@72cc944b
[14:30:11] [Render thread/INFO] (Minecraft) [STDOUT]: intitialized CarryAnimationMixin.injectCarryAnimation: net.minecraft.client.renderer.entity.state.SkeletonRenderState@28397aa7
[14:30:11] [Render thread/INFO] (Minecraft) [STDOUT]: intitialized CarryAnimationMixin.injectCarryAnimation: net.minecraft.client.renderer.entity.state.SkeletonRenderState@3a4ed5cd
[14:30:11] [Render thread/INFO] (Minecraft) [STDOUT]: intitialized CarryAnimationMixin.injectCarryAnimation: net.minecraft.client.renderer.entity.state.SkeletonRenderState@28397aa7
[14:30:11] [Render thread/INFO] (Minecraft) [STDOUT]: intitialized CarryAnimationMixin.injectCarryAnimation: net.minecraft.client.renderer.entity.state.SkeletonRenderState@3a4ed5cd
[14:30:11] [Render thread/INFO] (Minecraft) [STDOUT]: intitialized CarryAnimationMixin.injectCarryAnimation: net.minecraft.client.renderer.entity.state.SkeletonRenderState@18b3f8b7
[14:30:11] [Render thread/INFO] (Minecraft) [STDOUT]: intitialized CarryAnimationMixin.injectCarryAnimation: net.minecraft.client.renderer.entity.state.SkeletonRenderState@ecb4926
[14:30:11] [Render thread/INFO] (Minecraft) [STDOUT]: intitialized CarryAnimationMixin.injectCarryAnimation: net.minecraft.client.renderer.entity.state.SkeletonRenderState@18b3f8b7
[14:30:11] [Render thread/INFO] (Minecraft) [STDOUT]: intitialized CarryAnimationMixin.injectCarryAnimation: net.minecraft.client.renderer.entity.state.SkeletonRenderState@ecb4926
[14:30:11] [Render thread/INFO] (Minecraft) [STDOUT]: intitialized CarryAnimationMixin.injectCarryAnimation: net.minecraft.client.renderer.entity.state.SkeletonRenderState@6d44f61a
[14:30:11] [Render thread/INFO] (Minecraft) [STDOUT]: intitialized CarryAnimationMixin.injectCarryAnimation: net.minecraft.client.renderer.entity.state.SkeletonRenderState@21e8b6c2
[14:30:11] [Render thread/INFO] (Minecraft) [STDOUT]: intitialized CarryAnimationMixin.injectCarryAnimation: net.minecraft.client.renderer.entity.state.SkeletonRenderState@6d44f61a
[14:30:11] [Render thread/INFO] (Minecraft) [STDOUT]: intitialized CarryAnimationMixin.injectCarryAnimation: net.minecraft.client.renderer.entity.state.SkeletonRenderState@21e8b6c2
[14:30:11] [Render thread/INFO] (Minecraft) [STDOUT]: intitialized CarryAnimationMixin.injectCarryAnimation: net.minecraft.client.renderer.entity.state.SkeletonRenderState@26999408
[14:30:11] [Render thread/INFO] (Minecraft) [STDOUT]: intitialized CarryAnimationMixin.injectCarryAnimation: net.minecraft.client.renderer.entity.state.SkeletonRenderState@72cf7b84
[14:30:11] [Render thread/INFO] (Minecraft) [STDOUT]: intitialized CarryAnimationMixin.injectCarryAnimation: net.minecraft.client.renderer.entity.state.SkeletonRenderState@26999408
[14:30:11] [Render thread/INFO] (Minecraft) [STDOUT]: intitialized CarryAnimationMixin.injectCarryAnimation: net.minecraft.client.renderer.entity.state.SkeletonRenderState@72cf7b84
[14:30:11] [Render thread/INFO] (Minecraft) [STDOUT]: intitialized CarryAnimationMixin.injectCarryAnimation: net.minecraft.client.renderer.entity.state.SkeletonRenderState@38f1a7e1
[14:30:11] [Render thread/INFO] (Minecraft) [STDOUT]: intitialized CarryAnimationMixin.injectCarryAnimation: net.minecraft.client.renderer.entity.state.SkeletonRenderState@5c4b489b
[14:30:11] [Render thread/INFO] (Minecraft) [STDOUT]: intitialized CarryAnimationMixin.injectCarryAnimation: net.minecraft.client.renderer.entity.state.SkeletonRenderState@38f1a7e1
[14:30:11] [Render thread/INFO] (Minecraft) [STDOUT]: intitialized CarryAnimationMixin.injectCarryAnimation: net.minecraft.client.renderer.entity.state.SkeletonRenderState@5c4b489b
[14:30:11] [Render thread/INFO] (Minecraft) [STDOUT]: intitialized CarryAnimationMixin.injectCarryAnimation: net.minecraft.client.renderer.entity.state.SkeletonRenderState@af9867c
[14:30:11] [Render thread/INFO] (Minecraft) [STDOUT]: intitialized CarryAnimationMixin.injectCarryAnimation: net.minecraft.client.renderer.entity.state.SkeletonRenderState@cf01828
[14:30:11] [Render thread/INFO] (Minecraft) [STDOUT]: intitialized CarryAnimationMixin.injectCarryAnimation: net.minecraft.client.renderer.entity.state.SkeletonRenderState@af9867c
[14:30:11] [Render thread/INFO] (Minecraft) [STDOUT]: intitialized CarryAnimationMixin.injectCarryAnimation: net.minecraft.client.renderer.entity.state.SkeletonRenderState@cf01828
[14:30:11] [Render thread/INFO] (Minecraft) [STDOUT]: intitialized CarryAnimationMixin.injectCarryAnimation: net.minecraft.client.renderer.entity.state.SkeletonRenderState@7f6da9a6
[14:30:11] [Render thread/INFO] (Minecraft) [STDOUT]: intitialized CarryAnimationMixin.injectCarryAnimation: net.minecraft.client.renderer.entity.state.SkeletonRenderState@5741c2e9
[14:30:11] [Render thread/INFO] (Minecraft) [STDOUT]: intitialized CarryAnimationMixin.injectCarryAnimation: net.minecraft.client.renderer.entity.state.SkeletonRenderState@7f6da9a6
[14:30:11] [Render thread/INFO] (Minecraft) [STDOUT]: intitialized CarryAnimationMixin.injectCarryAnimation: net.minecraft.client.renderer.entity.state.SkeletonRenderState@5741c2e9
[14:30:11] [Render thread/INFO] (Minecraft) [STDOUT]: intitialized CarryAnimationMixin.injectCarryAnimation: net.minecraft.client.renderer.entity.state.SkeletonRenderState@114d741b
[14:30:11] [Render thread/INFO] (Minecraft) [STDOUT]: intitialized CarryAnimationMixin.injectCarryAnimation: net.minecraft.client.renderer.entity.state.SkeletonRenderState@1df01f42
[14:30:11] [Render thread/INFO] (Minecraft) [STDOUT]: intitialized CarryAnimationMixin.injectCarryAnimation: net.minecraft.client.renderer.entity.state.SkeletonRenderState@114d741b
[14:30:11] [Render thread/INFO] (Minecraft) [STDOUT]: intitialized CarryAnimationMixin.injectCarryAnimation: net.minecraft.client.renderer.entity.state.SkeletonRenderState@1df01f42
[14:30:11] [Render thread/INFO] (Minecraft) [STDOUT]: intitialized CarryAnimationMixin.injectCarryAnimation: net.minecraft.client.renderer.entity.state.SkeletonRenderState@f42b5c3
[14:30:11] [Render thread/INFO] (Minecraft) [STDOUT]: intitialized CarryAnimationMixin.injectCarryAnimation: net.minecraft.client.renderer.entity.state.SkeletonRenderState@56cd6848
[14:30:11] [Render thread/INFO] (Minecraft) [STDOUT]: intitialized CarryAnimationMixin.injectCarryAnimation: net.minecraft.client.renderer.entity.state.SkeletonRenderState@f42b5c3
[14:30:11] [Render thread/INFO] (Minecraft) [STDOUT]: intitialized CarryAnimationMixin.injectCarryAnimation: net.minecraft.client.renderer.entity.state.SkeletonRenderState@56cd6848
[14:30:11] [Render thread/INFO] (Minecraft) [STDOUT]: intitialized CarryAnimationMixin.injectCarryAnimation: net.minecraft.client.renderer.entity.state.SkeletonRenderState@2c5a3326
[14:30:11] [Render thread/INFO] (Minecraft) [STDOUT]: intitialized CarryAnimationMixin.injectCarryAnimation: net.minecraft.client.renderer.entity.state.SkeletonRenderState@314d23e0
[14:30:11] [Render thread/INFO] (Minecraft) [STDOUT]: intitialized CarryAnimationMixin.injectCarryAnimation: net.minecraft.client.renderer.entity.state.SkeletonRenderState@2c5a3326
[14:30:11] [Render thread/INFO] (Minecraft) [STDOUT]: intitialized CarryAnimationMixin.injectCarryAnimation: net.minecraft.client.renderer.entity.state.SkeletonRenderState@314d23e0
[14:30:11] [Render thread/INFO] (Minecraft) [STDOUT]: intitialized CarryAnimationMixin.injectCarryAnimation: net.minecraft.client.renderer.entity.state.SkeletonRenderState@1689c6b0
[14:30:11] [Render thread/INFO] (Minecraft) [STDOUT]: intitialized CarryAnimationMixin.injectCarryAnimation: net.minecraft.client.renderer.entity.state.SkeletonRenderState@6b370444
[14:30:11] [Render thread/INFO] (Minecraft) [STDOUT]: intitialized CarryAnimationMixin.injectCarryAnimation: net.minecraft.client.renderer.entity.state.SkeletonRenderState@1689c6b0
[14:30:11] [Render thread/INFO] (Minecraft) [STDOUT]: intitialized CarryAnimationMixin.injectCarryAnimation: net.minecraft.client.renderer.entity.state.SkeletonRenderState@6b370444
[14:30:11] [Render thread/INFO] (Minecraft) [STDOUT]: intitialized CarryAnimationMixin.injectCarryAnimation: net.minecraft.client.renderer.entity.state.SkeletonRenderState@33bd78e1
[14:30:11] [Render thread/INFO] (Minecraft) [STDOUT]: intitialized CarryAnimationMixin.injectCarryAnimation: net.minecraft.client.renderer.entity.state.SkeletonRenderState@43d33c7d
[14:30:11] [Render thread/INFO] (Minecraft) [STDOUT]: intitialized CarryAnimationMixin.injectCarryAnimation: net.minecraft.client.renderer.entity.state.SkeletonRenderState@33bd78e1
[14:30:11] [Render thread/INFO] (Minecraft) [STDOUT]: intitialized CarryAnimationMixin.injectCarryAnimation: net.minecraft.client.renderer.entity.state.SkeletonRenderState@43d33c7d
[14:30:11] [Render thread/INFO] (Minecraft) [STDOUT]: intitialized CarryAnimationMixin.injectCarryAnimation: net.minecraft.client.renderer.entity.state.SkeletonRenderState@1b37def1
[14:30:11] [Render thread/INFO] (Minecraft) [STDOUT]: intitialized CarryAnimationMixin.injectCarryAnimation: net.minecraft.client.renderer.entity.state.SkeletonRenderState@48f1fcf7
[14:30:11] [Render thread/INFO] (Minecraft) [STDOUT]: intitialized CarryAnimationMixin.injectCarryAnimation: net.minecraft.client.renderer.entity.state.SkeletonRenderState@1b37def1
[14:30:11] [Render thread/INFO] (Minecraft) [STDOUT]: intitialized CarryAnimationMixin.injectCarryAnimation: net.minecraft.client.renderer.entity.state.SkeletonRenderState@48f1fcf7
[14:30:11] [Render thread/INFO] (Minecraft) [STDOUT]: intitialized CarryAnimationMixin.injectCarryAnimation: net.minecraft.client.renderer.entity.state.SkeletonRenderState@10d3ff78
[14:30:11] [Render thread/INFO] (Minecraft) [STDOUT]: intitialized CarryAnimationMixin.injectCarryAnimation: net.minecraft.client.renderer.entity.state.SkeletonRenderState@4ab919cb
[14:30:11] [Render thread/INFO] (Minecraft) [STDOUT]: intitialized CarryAnimationMixin.injectCarryAnimation: net.minecraft.client.renderer.entity.state.SkeletonRenderState@10d3ff78
[14:30:11] [Render thread/INFO] (Minecraft) [STDOUT]: intitialized CarryAnimationMixin.injectCarryAnimation: net.minecraft.client.renderer.entity.state.SkeletonRenderState@4ab919cb
[14:30:11] [Render thread/INFO] (Minecraft) [STDOUT]: intitialized CarryAnimationMixin.injectCarryAnimation: net.minecraft.client.renderer.entity.state.SkeletonRenderState@6f5c863b
[14:30:11] [Render thread/INFO] (Minecraft) [STDOUT]: intitialized CarryAnimationMixin.injectCarryAnimation: net.minecraft.client.renderer.entity.state.SkeletonRenderState@288dd963
[14:30:11] [Render thread/INFO] (Minecraft) [STDOUT]: intitialized CarryAnimationMixin.injectCarryAnimation: net.minecraft.client.renderer.entity.state.SkeletonRenderState@6f5c863b
[14:30:11] [Render thread/INFO] (Minecraft) [STDOUT]: intitialized CarryAnimationMixin.injectCarryAnimation: net.minecraft.client.renderer.entity.state.SkeletonRenderState@288dd963
[14:30:11] [Render thread/INFO] (Minecraft) [STDOUT]: intitialized CarryAnimationMixin.injectCarryAnimation: net.minecraft.client.renderer.entity.state.SkeletonRenderState@272adb35
[14:30:11] [Render thread/INFO] (Minecraft) [STDOUT]: intitialized CarryAnimationMixin.injectCarryAnimation: net.minecraft.client.renderer.entity.state.SkeletonRenderState@25dfe95a
[14:30:11] [Render thread/INFO] (Minecraft) [STDOUT]: intitialized CarryAnimationMixin.injectCarryAnimation: net.minecraft.client.renderer.entity.state.SkeletonRenderState@272adb35
[14:30:11] [Render thread/INFO] (Minecraft) [STDOUT]: intitialized CarryAnimationMixin.injectCarryAnimation: net.minecraft.client.renderer.entity.state.SkeletonRenderState@25dfe95a
[14:30:11] [Render thread/INFO] (Minecraft) [STDOUT]: intitialized CarryAnimationMixin.injectCarryAnimation: net.minecraft.client.renderer.entity.state.SkeletonRenderState@2e39ce84
[14:30:11] [Render thread/INFO] (Minecraft) [STDOUT]: intitialized CarryAnimationMixin.injectCarryAnimation: net.minecraft.client.renderer.entity.state.SkeletonRenderState@68b94ce1
[14:30:11] [Render thread/INFO] (Minecraft) [STDOUT]: intitialized CarryAnimationMixin.injectCarryAnimation: net.minecraft.client.renderer.entity.state.SkeletonRenderState@2e39ce84
[14:30:11] [Render thread/INFO] (Minecraft) [STDOUT]: intitialized CarryAnimationMixin.injectCarryAnimation: net.minecraft.client.renderer.entity.state.SkeletonRenderState@68b94ce1
[14:30:11] [Render thread/INFO] (Minecraft) [STDOUT]: intitialized CarryAnimationMixin.injectCarryAnimation: net.minecraft.client.renderer.entity.state.SkeletonRenderState@43f46ef4
[14:30:11] [Render thread/INFO] (Minecraft) [STDOUT]: intitialized CarryAnimationMixin.injectCarryAnimation: net.minecraft.client.renderer.entity.state.SkeletonRenderState@2359d5e0
[14:30:11] [Render thread/INFO] (Minecraft) [STDOUT]: intitialized CarryAnimationMixin.injectCarryAnimation: net.minecraft.client.renderer.entity.state.SkeletonRenderState@43f46ef4
[14:30:11] [Render thread/INFO] (Minecraft) [STDOUT]: intitialized CarryAnimationMixin.injectCarryAnimation: net.minecraft.client.renderer.entity.state.SkeletonRenderState@2359d5e0
[14:30:11] [Render thread/INFO] (Minecraft) [STDOUT]: intitialized CarryAnimationMixin.injectCarryAnimation: net.minecraft.client.renderer.entity.state.SkeletonRenderState@1a54b2e
[14:30:11] [Render thread/INFO] (Minecraft) [STDOUT]: intitialized CarryAnimationMixin.injectCarryAnimation: net.minecraft.client.renderer.entity.state.SkeletonRenderState@4654acfb
[14:30:11] [Render thread/INFO] (Minecraft) [STDOUT]: intitialized CarryAnimationMixin.injectCarryAnimation: net.minecraft.client.renderer.entity.state.SkeletonRenderState@1a54b2e
[14:30:11] [Render thread/INFO] (Minecraft) [STDOUT]: intitialized CarryAnimationMixin.injectCarryAnimation: net.minecraft.client.renderer.entity.state.SkeletonRenderState@4654acfb
[14:30:11] [Render thread/INFO] (Minecraft) [STDOUT]: intitialized CarryAnimationMixin.injectCarryAnimation: net.minecraft.client.renderer.entity.state.SkeletonRenderState@26b7e90b
[14:30:11] [Render thread/INFO] (Minecraft) [STDOUT]: intitialized CarryAnimationMixin.injectCarryAnimation: net.minecraft.client.renderer.entity.state.SkeletonRenderState@4baccee8
[14:30:11] [Render thread/INFO] (Minecraft) [STDOUT]: intitialized CarryAnimationMixin.injectCarryAnimation: net.minecraft.client.renderer.entity.state.SkeletonRenderState@26b7e90b
[14:30:11] [Render thread/INFO] (Minecraft) [STDOUT]: intitialized CarryAnimationMixin.injectCarryAnimation: net.minecraft.client.renderer.entity.state.SkeletonRenderState@4baccee8
[14:30:11] [Render thread/INFO] (Minecraft) [STDOUT]: intitialized CarryAnimationMixin.injectCarryAnimation: net.minecraft.client.renderer.entity.state.SkeletonRenderState@3ab4b08
[14:30:11] [Render thread/INFO] (Minecraft) [STDOUT]: intitialized CarryAnimationMixin.injectCarryAnimation: net.minecraft.client.renderer.entity.state.SkeletonRenderState@1acd05c7
[14:30:11] [Render thread/INFO] (Minecraft) [STDOUT]: intitialized CarryAnimationMixin.injectCarryAnimation: net.minecraft.client.renderer.entity.state.SkeletonRenderState@3ab4b08
[14:30:11] [Render thread/INFO] (Minecraft) [STDOUT]: intitialized CarryAnimationMixin.injectCarryAnimation: net.minecraft.client.renderer.entity.state.SkeletonRenderState@1acd05c7
[14:30:11] [Render thread/INFO] (Minecraft) [STDOUT]: intitialized CarryAnimationMixin.injectCarryAnimation: net.minecraft.client.renderer.entity.state.SkeletonRenderState@37bb43f8
[14:30:11] [Render thread/INFO] (Minecraft) [STDOUT]: intitialized CarryAnimationMixin.injectCarryAnimation: net.minecraft.client.renderer.entity.state.SkeletonRenderState@f7cead7
[14:30:11] [Render thread/INFO] (Minecraft) [STDOUT]: intitialized CarryAnimationMixin.injectCarryAnimation: net.minecraft.client.renderer.entity.state.SkeletonRenderState@37bb43f8
[14:30:11] [Render thread/INFO] (Minecraft) [STDOUT]: intitialized CarryAnimationMixin.injectCarryAnimation: net.minecraft.client.renderer.entity.state.SkeletonRenderState@f7cead7
[14:30:11] [Render thread/INFO] (Minecraft) [STDOUT]: intitialized CarryAnimationMixin.injectCarryAnimation: net.minecraft.client.renderer.entity.state.SkeletonRenderState@56d6133b
[14:30:11] [Render thread/INFO] (Minecraft) [STDOUT]: intitialized CarryAnimationMixin.injectCarryAnimation: net.minecraft.client.renderer.entity.state.SkeletonRenderState@24c7c71b
[14:30:11] [Render thread/INFO] (Minecraft) [STDOUT]: intitialized CarryAnimationMixin.injectCarryAnimation: net.minecraft.client.renderer.entity.state.SkeletonRenderState@56d6133b
[14:30:11] [Render thread/INFO] (Minecraft) [STDOUT]: intitialized CarryAnimationMixin.injectCarryAnimation: net.minecraft.client.renderer.entity.state.SkeletonRenderState@24c7c71b
[14:30:11] [Render thread/INFO] (Minecraft) [STDOUT]: intitialized CarryAnimationMixin.injectCarryAnimation: net.minecraft.client.renderer.entity.state.SkeletonRenderState@498ef4f8
[14:30:11] [Render thread/INFO] (Minecraft) [STDOUT]: intitialized CarryAnimationMixin.injectCarryAnimation: net.minecraft.client.renderer.entity.state.SkeletonRenderState@214c854c
[14:30:11] [Render thread/INFO] (Minecraft) [STDOUT]: intitialized CarryAnimationMixin.injectCarryAnimation: net.minecraft.client.renderer.entity.state.SkeletonRenderState@498ef4f8
[14:30:11] [Render thread/INFO] (Minecraft) [STDOUT]: intitialized CarryAnimationMixin.injectCarryAnimation: net.minecraft.client.renderer.entity.state.SkeletonRenderState@214c854c
[14:30:11] [Render thread/INFO] (Minecraft) [STDOUT]: intitialized CarryAnimationMixin.injectCarryAnimation: net.minecraft.client.renderer.entity.state.SkeletonRenderState@47e51595
[14:30:11] [Render thread/INFO] (Minecraft) [STDOUT]: intitialized CarryAnimationMixin.injectCarryAnimation: net.minecraft.client.renderer.entity.state.SkeletonRenderState@5d80fd6d
[14:30:11] [Render thread/INFO] (Minecraft) [STDOUT]: intitialized CarryAnimationMixin.injectCarryAnimation: net.minecraft.client.renderer.entity.state.SkeletonRenderState@47e51595
[14:30:11] [Render thread/INFO] (Minecraft) [STDOUT]: intitialized CarryAnimationMixin.injectCarryAnimation: net.minecraft.client.renderer.entity.state.SkeletonRenderState@5d80fd6d
[14:30:11] [Render thread/INFO] (Minecraft) [STDOUT]: intitialized CarryAnimationMixin.injectCarryAnimation: net.minecraft.client.renderer.entity.state.SkeletonRenderState@6397fb11
[14:30:11] [Render thread/INFO] (Minecraft) [STDOUT]: intitialized CarryAnimationMixin.injectCarryAnimation: net.minecraft.client.renderer.entity.state.SkeletonRenderState@263464ca
[14:30:11] [Render thread/INFO] (Minecraft) [STDOUT]: intitialized CarryAnimationMixin.injectCarryAnimation: net.minecraft.client.renderer.entity.state.SkeletonRenderState@6397fb11
[14:30:11] [Render thread/INFO] (Minecraft) [STDOUT]: intitialized CarryAnimationMixin.injectCarryAnimation: net.minecraft.client.renderer.entity.state.SkeletonRenderState@263464ca
[14:30:11] [Render thread/INFO] (Minecraft) [STDOUT]: intitialized CarryAnimationMixin.injectCarryAnimation: net.minecraft.client.renderer.entity.state.SkeletonRenderState@49129424
[14:30:11] [Render thread/INFO] (Minecraft) [STDOUT]: intitialized CarryAnimationMixin.injectCarryAnimation: net.minecraft.client.renderer.entity.state.SkeletonRenderState@13a363fe
[14:30:11] [Render thread/INFO] (Minecraft) [STDOUT]: intitialized CarryAnimationMixin.injectCarryAnimation: net.minecraft.client.renderer.entity.state.SkeletonRenderState@49129424
[14:30:11] [Render thread/INFO] (Minecraft) [STDOUT]: intitialized CarryAnimationMixin.injectCarryAnimation: net.minecraft.client.renderer.entity.state.SkeletonRenderState@13a363fe
[14:30:11] [Render thread/INFO] (Minecraft) [STDOUT]: intitialized CarryAnimationMixin.injectCarryAnimation: net.minecraft.client.renderer.entity.state.SkeletonRenderState@4fb04de8
[14:30:11] [Render thread/INFO] (Minecraft) [STDOUT]: intitialized CarryAnimationMixin.injectCarryAnimation: net.minecraft.client.renderer.entity.state.SkeletonRenderState@4a2772e0
[14:30:11] [Render thread/INFO] (Minecraft) [STDOUT]: intitialized CarryAnimationMixin.injectCarryAnimation: net.minecraft.client.renderer.entity.state.SkeletonRenderState@4fb04de8
[14:30:11] [Render thread/INFO] (Minecraft) [STDOUT]: intitialized CarryAnimationMixin.injectCarryAnimation: net.minecraft.client.renderer.entity.state.SkeletonRenderState@4a2772e0
[14:30:11] [Render thread/INFO] (Minecraft) [STDOUT]: intitialized CarryAnimationMixin.injectCarryAnimation: net.minecraft.client.renderer.entity.state.SkeletonRenderState@17497c34
[14:30:11] [Render thread/INFO] (Minecraft) [STDOUT]: intitialized CarryAnimationMixin.injectCarryAnimation: net.minecraft.client.renderer.entity.state.SkeletonRenderState@1f7d41b0
[14:30:11] [Render thread/INFO] (Minecraft) [STDOUT]: intitialized CarryAnimationMixin.injectCarryAnimation: net.minecraft.client.renderer.entity.state.SkeletonRenderState@17497c34
[14:30:11] [Render thread/INFO] (Minecraft) [STDOUT]: intitialized CarryAnimationMixin.injectCarryAnimation: net.minecraft.client.renderer.entity.state.SkeletonRenderState@1f7d41b0
[14:30:11] [Render thread/INFO] (Minecraft) [STDOUT]: intitialized CarryAnimationMixin.injectCarryAnimation: net.minecraft.client.renderer.entity.state.SkeletonRenderState@52ef90ba
[14:30:11] [Render thread/INFO] (Minecraft) [STDOUT]: intitialized CarryAnimationMixin.injectCarryAnimation: net.minecraft.client.renderer.entity.state.SkeletonRenderState@232e5875
[14:30:11] [Render thread/INFO] (Minecraft) [STDOUT]: intitialized CarryAnimationMixin.injectCarryAnimation: net.minecraft.client.renderer.entity.state.SkeletonRenderState@52ef90ba
[14:30:11] [Render thread/INFO] (Minecraft) [STDOUT]: intitialized CarryAnimationMixin.injectCarryAnimation: net.minecraft.client.renderer.entity.state.SkeletonRenderState@232e5875
[14:30:11] [Render thread/INFO] (Minecraft) [STDOUT]: intitialized CarryAnimationMixin.injectCarryAnimation: net.minecraft.client.renderer.entity.state.SkeletonRenderState@adf8662
[14:30:11] [Render thread/INFO] (Minecraft) [STDOUT]: intitialized CarryAnimationMixin.injectCarryAnimation: net.minecraft.client.renderer.entity.state.SkeletonRenderState@249badc3
[14:30:11] [Render thread/INFO] (Minecraft) [STDOUT]: intitialized CarryAnimationMixin.injectCarryAnimation: net.minecraft.client.renderer.entity.state.SkeletonRenderState@adf8662
[14:30:11] [Render thread/INFO] (Minecraft) [STDOUT]: intitialized CarryAnimationMixin.injectCarryAnimation: net.minecraft.client.renderer.entity.state.SkeletonRenderState@249badc3
[14:30:11] [Render thread/INFO] (Minecraft) [STDOUT]: intitialized CarryAnimationMixin.injectCarryAnimation: net.minecraft.client.renderer.entity.state.SkeletonRenderState@7527b4d5
[14:30:11] [Render thread/INFO] (Minecraft) [STDOUT]: intitialized CarryAnimationMixin.injectCarryAnimation: net.minecraft.client.renderer.entity.state.SkeletonRenderState@5b144f61
[14:30:11] [Render thread/INFO] (Minecraft) [STDOUT]: intitialized CarryAnimationMixin.injectCarryAnimation: net.minecraft.client.renderer.entity.state.SkeletonRenderState@7527b4d5
[14:30:11] [Render thread/INFO] (Minecraft) [STDOUT]: intitialized CarryAnimationMixin.injectCarryAnimation: net.minecraft.client.renderer.entity.state.SkeletonRenderState@5b144f61
[14:30:11] [Render thread/INFO] (Minecraft) [STDOUT]: intitialized CarryAnimationMixin.injectCarryAnimation: net.minecraft.client.renderer.entity.state.SkeletonRenderState@2d0e3ef7
[14:30:11] [Render thread/INFO] (Minecraft) [STDOUT]: intitialized CarryAnimationMixin.injectCarryAnimation: net.minecraft.client.renderer.entity.state.SkeletonRenderState@54026b20
[14:30:11] [Render thread/INFO] (Minecraft) [STDOUT]: intitialized CarryAnimationMixin.injectCarryAnimation: net.minecraft.client.renderer.entity.state.SkeletonRenderState@2d0e3ef7
[14:30:11] [Render thread/INFO] (Minecraft) [STDOUT]: intitialized CarryAnimationMixin.injectCarryAnimation: net.minecraft.client.renderer.entity.state.SkeletonRenderState@54026b20
[14:30:11] [Render thread/INFO] (Minecraft) [STDOUT]: intitialized CarryAnimationMixin.injectCarryAnimation: net.minecraft.client.renderer.entity.state.SkeletonRenderState@1ccbfc69
[14:30:11] [Render thread/INFO] (Minecraft) [STDOUT]: intitialized CarryAnimationMixin.injectCarryAnimation: net.minecraft.client.renderer.entity.state.SkeletonRenderState@655dd7d6
[14:30:11] [Render thread/INFO] (Minecraft) [STDOUT]: intitialized CarryAnimationMixin.injectCarryAnimation: net.minecraft.client.renderer.entity.state.SkeletonRenderState@1ccbfc69
[14:30:11] [Render thread/INFO] (Minecraft) [STDOUT]: intitialized CarryAnimationMixin.injectCarryAnimation: net.minecraft.client.renderer.entity.state.SkeletonRenderState@655dd7d6
[14:30:11] [Render thread/INFO] (Minecraft) [STDOUT]: intitialized CarryAnimationMixin.injectCarryAnimation: net.minecraft.client.renderer.entity.state.SkeletonRenderState@3978b40c
[14:30:11] [Render thread/INFO] (Minecraft) [STDOUT]: intitialized CarryAnimationMixin.injectCarryAnimation: net.minecraft.client.renderer.entity.state.SkeletonRenderState@7e648368
[14:30:11] [Render thread/INFO] (Minecraft) [STDOUT]: intitialized CarryAnimationMixin.injectCarryAnimation: net.minecraft.client.renderer.entity.state.SkeletonRenderState@3978b40c
[14:30:11] [Render thread/INFO] (Minecraft) [STDOUT]: intitialized CarryAnimationMixin.injectCarryAnimation: net.minecraft.client.renderer.entity.state.SkeletonRenderState@7e648368
[14:30:11] [Render thread/INFO] (Minecraft) [STDOUT]: intitialized CarryAnimationMixin.injectCarryAnimation: net.minecraft.client.renderer.entity.state.SkeletonRenderState@3d0f1079
[14:30:11] [Render thread/INFO] (Minecraft) [STDOUT]: intitialized CarryAnimationMixin.injectCarryAnimation: net.minecraft.client.renderer.entity.state.SkeletonRenderState@36e79369
[14:30:11] [Render thread/INFO] (Minecraft) [STDOUT]: intitialized CarryAnimationMixin.injectCarryAnimation: net.minecraft.client.renderer.entity.state.SkeletonRenderState@3d0f1079
[14:30:11] [Render thread/INFO] (Minecraft) [STDOUT]: intitialized CarryAnimationMixin.injectCarryAnimation: net.minecraft.client.renderer.entity.state.SkeletonRenderState@36e79369
[14:30:11] [Render thread/INFO] (Minecraft) [STDOUT]: intitialized CarryAnimationMixin.injectCarryAnimation: net.minecraft.client.renderer.entity.state.SkeletonRenderState@4ac3996d
[14:30:11] [Render thread/INFO] (Minecraft) [STDOUT]: intitialized CarryAnimationMixin.injectCarryAnimation: net.minecraft.client.renderer.entity.state.SkeletonRenderState@10e63c9e
[14:30:11] [Render thread/INFO] (Minecraft) [STDOUT]: intitialized CarryAnimationMixin.injectCarryAnimation: net.minecraft.client.renderer.entity.state.SkeletonRenderState@4ac3996d
[14:30:11] [Render thread/INFO] (Minecraft) [STDOUT]: intitialized CarryAnimationMixin.injectCarryAnimation: net.minecraft.client.renderer.entity.state.SkeletonRenderState@10e63c9e
[14:30:11] [Render thread/INFO] (Minecraft) [STDOUT]: intitialized CarryAnimationMixin.injectCarryAnimation: net.minecraft.client.renderer.entity.state.SkeletonRenderState@552f7a23
[14:30:11] [Render thread/INFO] (Minecraft) [STDOUT]: intitialized CarryAnimationMixin.injectCarryAnimation: net.minecraft.client.renderer.entity.state.SkeletonRenderState@5f59c734
[14:30:11] [Render thread/INFO] (Minecraft) [STDOUT]: intitialized CarryAnimationMixin.injectCarryAnimation: net.minecraft.client.renderer.entity.state.SkeletonRenderState@552f7a23
[14:30:11] [Render thread/INFO] (Minecraft) [STDOUT]: intitialized CarryAnimationMixin.injectCarryAnimation: net.minecraft.client.renderer.entity.state.SkeletonRenderState@5f59c734
[14:30:11] [Render thread/INFO] (Minecraft) [STDOUT]: intitialized CarryAnimationMixin.injectCarryAnimation: net.minecraft.client.renderer.entity.state.SkeletonRenderState@9872543
[14:30:11] [Render thread/INFO] (Minecraft) [STDOUT]: intitialized CarryAnimationMixin.injectCarryAnimation: net.minecraft.client.renderer.entity.state.SkeletonRenderState@2824ea21
[14:30:11] [Render thread/INFO] (Minecraft) [STDOUT]: intitialized CarryAnimationMixin.injectCarryAnimation: net.minecraft.client.renderer.entity.state.SkeletonRenderState@9872543
[14:30:11] [Render thread/INFO] (Minecraft) [STDOUT]: intitialized CarryAnimationMixin.injectCarryAnimation: net.minecraft.client.renderer.entity.state.SkeletonRenderState@2824ea21
[14:30:11] [Render thread/INFO] (Minecraft) [STDOUT]: intitialized CarryAnimationMixin.injectCarryAnimation: net.minecraft.client.renderer.entity.state.SkeletonRenderState@6746364
[14:30:11] [Render thread/INFO] (Minecraft) [STDOUT]: intitialized CarryAnimationMixin.injectCarryAnimation: net.minecraft.client.renderer.entity.state.SkeletonRenderState@170564f9
[14:30:11] [Render thread/INFO] (Minecraft) [STDOUT]: intitialized CarryAnimationMixin.injectCarryAnimation: net.minecraft.client.renderer.entity.state.SkeletonRenderState@6746364
[14:30:11] [Render thread/INFO] (Minecraft) [STDOUT]: intitialized CarryAnimationMixin.injectCarryAnimation: net.minecraft.client.renderer.entity.state.SkeletonRenderState@170564f9
[14:30:11] [Render thread/INFO] (Minecraft) [STDOUT]: intitialized CarryAnimationMixin.injectCarryAnimation: net.minecraft.client.renderer.entity.state.SkeletonRenderState@28626557
[14:30:11] [Render thread/INFO] (Minecraft) [STDOUT]: intitialized CarryAnimationMixin.injectCarryAnimation: net.minecraft.client.renderer.entity.state.SkeletonRenderState@da85c7c
[14:30:11] [Render thread/INFO] (Minecraft) [STDOUT]: intitialized CarryAnimationMixin.injectCarryAnimation: net.minecraft.client.renderer.entity.state.SkeletonRenderState@28626557
[14:30:11] [Render thread/INFO] (Minecraft) [STDOUT]: intitialized CarryAnimationMixin.injectCarryAnimation: net.minecraft.client.renderer.entity.state.SkeletonRenderState@da85c7c
[14:30:11] [Render thread/INFO] (Minecraft) [STDOUT]: intitialized CarryAnimationMixin.injectCarryAnimation: net.minecraft.client.renderer.entity.state.SkeletonRenderState@31b6d39c
[14:30:11] [Render thread/INFO] (Minecraft) [STDOUT]: intitialized CarryAnimationMixin.injectCarryAnimation: net.minecraft.client.renderer.entity.state.SkeletonRenderState@517d3003
[14:30:11] [Render thread/INFO] (Minecraft) [STDOUT]: intitialized CarryAnimationMixin.injectCarryAnimation: net.minecraft.client.renderer.entity.state.SkeletonRenderState@31b6d39c
[14:30:11] [Render thread/INFO] (Minecraft) [STDOUT]: intitialized CarryAnimationMixin.injectCarryAnimation: net.minecraft.client.renderer.entity.state.SkeletonRenderState@517d3003
[14:30:11] [Render thread/INFO] (Minecraft) [STDOUT]: intitialized CarryAnimationMixin.injectCarryAnimation: net.minecraft.client.renderer.entity.state.SkeletonRenderState@6a8ebfa6
[14:30:11] [Render thread/INFO] (Minecraft) [STDOUT]: intitialized CarryAnimationMixin.injectCarryAnimation: net.minecraft.client.renderer.entity.state.SkeletonRenderState@258a4537
[14:30:11] [Render thread/INFO] (Minecraft) [STDOUT]: intitialized CarryAnimationMixin.injectCarryAnimation: net.minecraft.client.renderer.entity.state.SkeletonRenderState@6a8ebfa6
[14:30:11] [Render thread/INFO] (Minecraft) [STDOUT]: intitialized CarryAnimationMixin.injectCarryAnimation: net.minecraft.client.renderer.entity.state.SkeletonRenderState@258a4537
[14:30:11] [Render thread/INFO] (Minecraft) [STDOUT]: intitialized CarryAnimationMixin.injectCarryAnimation: net.minecraft.client.renderer.entity.state.SkeletonRenderState@22275829
[14:30:11] [Render thread/INFO] (Minecraft) [STDOUT]: intitialized CarryAnimationMixin.injectCarryAnimation: net.minecraft.client.renderer.entity.state.SkeletonRenderState@1ae29946
[14:30:11] [Render thread/INFO] (Minecraft) [STDOUT]: intitialized CarryAnimationMixin.injectCarryAnimation: net.minecraft.client.renderer.entity.state.SkeletonRenderState@22275829
[14:30:11] [Render thread/INFO] (Minecraft) [STDOUT]: intitialized CarryAnimationMixin.injectCarryAnimation: net.minecraft.client.renderer.entity.state.SkeletonRenderState@1ae29946
[14:30:11] [Render thread/INFO] (Minecraft) [STDOUT]: intitialized CarryAnimationMixin.injectCarryAnimation: net.minecraft.client.renderer.entity.state.SkeletonRenderState@58e7633
[14:30:11] [Render thread/INFO] (Minecraft) [STDOUT]: intitialized CarryAnimationMixin.injectCarryAnimation: net.minecraft.client.renderer.entity.state.SkeletonRenderState@725a3848
[14:30:11] [Render thread/INFO] (Minecraft) [STDOUT]: intitialized CarryAnimationMixin.injectCarryAnimation: net.minecraft.client.renderer.entity.state.SkeletonRenderState@58e7633
[14:30:11] [Render thread/INFO] (Minecraft) [STDOUT]: intitialized CarryAnimationMixin.injectCarryAnimation: net.minecraft.client.renderer.entity.state.SkeletonRenderState@725a3848
[14:30:11] [Render thread/INFO] (Minecraft) [STDOUT]: intitialized CarryAnimationMixin.injectCarryAnimation: net.minecraft.client.renderer.entity.state.SkeletonRenderState@31f073a5
[14:30:11] [Render thread/INFO] (Minecraft) [STDOUT]: intitialized CarryAnimationMixin.injectCarryAnimation: net.minecraft.client.renderer.entity.state.SkeletonRenderState@7d19d0a1
[14:30:11] [Render thread/INFO] (Minecraft) [STDOUT]: intitialized CarryAnimationMixin.injectCarryAnimation: net.minecraft.client.renderer.entity.state.SkeletonRenderState@31f073a5
[14:30:11] [Render thread/INFO] (Minecraft) [STDOUT]: intitialized CarryAnimationMixin.injectCarryAnimation: net.minecraft.client.renderer.entity.state.SkeletonRenderState@7d19d0a1
[14:30:11] [Render thread/INFO] (Minecraft) [STDOUT]: intitialized CarryAnimationMixin.injectCarryAnimation: net.minecraft.client.renderer.entity.state.SkeletonRenderState@b896d47
[14:30:11] [Render thread/INFO] (Minecraft) [STDOUT]: intitialized CarryAnimationMixin.injectCarryAnimation: net.minecraft.client.renderer.entity.state.SkeletonRenderState@4502c89b
[14:30:11] [Render thread/INFO] (Minecraft) [STDOUT]: intitialized CarryAnimationMixin.injectCarryAnimation: net.minecraft.client.renderer.entity.state.SkeletonRenderState@b896d47
[14:30:11] [Render thread/INFO] (Minecraft) [STDOUT]: intitialized CarryAnimationMixin.injectCarryAnimation: net.minecraft.client.renderer.entity.state.SkeletonRenderState@4502c89b
[14:30:11] [Render thread/INFO] (Minecraft) [STDOUT]: intitialized CarryAnimationMixin.injectCarryAnimation: net.minecraft.client.renderer.entity.state.SkeletonRenderState@77dde6c5
[14:30:11] [Render thread/INFO] (Minecraft) [STDOUT]: intitialized CarryAnimationMixin.injectCarryAnimation: net.minecraft.client.renderer.entity.state.SkeletonRenderState@44f2ac47
[14:30:11] [Render thread/INFO] (Minecraft) [STDOUT]: intitialized CarryAnimationMixin.injectCarryAnimation: net.minecraft.client.renderer.entity.state.SkeletonRenderState@77dde6c5
[14:30:11] [Render thread/INFO] (Minecraft) [STDOUT]: intitialized CarryAnimationMixin.injectCarryAnimation: net.minecraft.client.renderer.entity.state.SkeletonRenderState@44f2ac47
[14:30:11] [Render thread/INFO] (Minecraft) [STDOUT]: intitialized CarryAnimationMixin.injectCarryAnimation: net.minecraft.client.renderer.entity.state.SkeletonRenderState@4d102cb
[14:30:11] [Render thread/INFO] (Minecraft) [STDOUT]: intitialized CarryAnimationMixin.injectCarryAnimation: net.minecraft.client.renderer.entity.state.SkeletonRenderState@574454da
[14:30:11] [Render thread/INFO] (Minecraft) [STDOUT]: intitialized CarryAnimationMixin.injectCarryAnimation: net.minecraft.client.renderer.entity.state.SkeletonRenderState@4d102cb
[14:30:11] [Render thread/INFO] (Minecraft) [STDOUT]: intitialized CarryAnimationMixin.injectCarryAnimation: net.minecraft.client.renderer.entity.state.SkeletonRenderState@574454da
[14:30:11] [Render thread/INFO] (Minecraft) [STDOUT]: intitialized CarryAnimationMixin.injectCarryAnimation: net.minecraft.client.renderer.entity.state.SkeletonRenderState@4f376b39
[14:30:11] [Render thread/INFO] (Minecraft) [STDOUT]: intitialized CarryAnimationMixin.injectCarryAnimation: net.minecraft.client.renderer.entity.state.SkeletonRenderState@1ef6660c
[14:30:11] [Render thread/INFO] (Minecraft) [STDOUT]: intitialized CarryAnimationMixin.injectCarryAnimation: net.minecraft.client.renderer.entity.state.SkeletonRenderState@4f376b39
[14:30:11] [Render thread/INFO] (Minecraft) [STDOUT]: intitialized CarryAnimationMixin.injectCarryAnimation: net.minecraft.client.renderer.entity.state.SkeletonRenderState@1ef6660c
[14:30:11] [Render thread/INFO] (Minecraft) [STDOUT]: intitialized CarryAnimationMixin.injectCarryAnimation: net.minecraft.client.renderer.entity.state.SkeletonRenderState@12bdf843
[14:30:11] [Render thread/INFO] (Minecraft) [STDOUT]: intitialized CarryAnimationMixin.injectCarryAnimation: net.minecraft.client.renderer.entity.state.SkeletonRenderState@67aa8c4a
[14:30:11] [Render thread/INFO] (Minecraft) [STDOUT]: intitialized CarryAnimationMixin.injectCarryAnimation: net.minecraft.client.renderer.entity.state.SkeletonRenderState@12bdf843
[14:30:11] [Render thread/INFO] (Minecraft) [STDOUT]: intitialized CarryAnimationMixin.injectCarryAnimation: net.minecraft.client.renderer.entity.state.SkeletonRenderState@67aa8c4a
[14:30:11] [Render thread/INFO] (Minecraft) [STDOUT]: intitialized CarryAnimationMixin.injectCarryAnimation: net.minecraft.client.renderer.entity.state.SkeletonRenderState@13304d25
[14:30:11] [Render thread/INFO] (Minecraft) [STDOUT]: intitialized CarryAnimationMixin.injectCarryAnimation: net.minecraft.client.renderer.entity.state.SkeletonRenderState@3e5b9f49
[14:30:11] [Render thread/INFO] (Minecraft) [STDOUT]: intitialized CarryAnimationMixin.injectCarryAnimation: net.minecraft.client.renderer.entity.state.SkeletonRenderState@13304d25
[14:30:11] [Render thread/INFO] (Minecraft) [STDOUT]: intitialized CarryAnimationMixin.injectCarryAnimation: net.minecraft.client.renderer.entity.state.SkeletonRenderState@3e5b9f49
[14:30:11] [Render thread/INFO] (Minecraft) [STDOUT]: intitialized CarryAnimationMixin.injectCarryAnimation: net.minecraft.client.renderer.entity.state.SkeletonRenderState@43590721
[14:30:11] [Render thread/INFO] (Minecraft) [STDOUT]: intitialized CarryAnimationMixin.injectCarryAnimation: net.minecraft.client.renderer.entity.state.SkeletonRenderState@70a21bdc
[14:30:11] [Render thread/INFO] (Minecraft) [STDOUT]: intitialized CarryAnimationMixin.injectCarryAnimation: net.minecraft.client.renderer.entity.state.SkeletonRenderState@43590721
[14:30:11] [Render thread/INFO] (Minecraft) [STDOUT]: intitialized CarryAnimationMixin.injectCarryAnimation: net.minecraft.client.renderer.entity.state.SkeletonRenderState@70a21bdc
[14:30:11] [Render thread/INFO] (Minecraft) [STDOUT]: intitialized CarryAnimationMixin.injectCarryAnimation: net.minecraft.client.renderer.entity.state.SkeletonRenderState@61ea2988
[14:30:11] [Render thread/INFO] (Minecraft) [STDOUT]: intitialized CarryAnimationMixin.injectCarryAnimation: net.minecraft.client.renderer.entity.state.SkeletonRenderState@3a9532b
[14:30:11] [Render thread/INFO] (Minecraft) [STDOUT]: intitialized CarryAnimationMixin.injectCarryAnimation: net.minecraft.client.renderer.entity.state.SkeletonRenderState@61ea2988
[14:30:11] [Render thread/INFO] (Minecraft) [STDOUT]: intitialized CarryAnimationMixin.injectCarryAnimation: net.minecraft.client.renderer.entity.state.SkeletonRenderState@3a9532b
[14:30:11] [Render thread/INFO] (Minecraft) [STDOUT]: intitialized CarryAnimationMixin.injectCarryAnimation: net.minecraft.client.renderer.entity.state.SkeletonRenderState@8422c70
[14:30:11] [Render thread/INFO] (Minecraft) [STDOUT]: intitialized CarryAnimationMixin.injectCarryAnimation: net.minecraft.client.renderer.entity.state.SkeletonRenderState@685eaa5f
[14:30:11] [Render thread/INFO] (Minecraft) [STDOUT]: intitialized CarryAnimationMixin.injectCarryAnimation: net.minecraft.client.renderer.entity.state.SkeletonRenderState@8422c70
[14:30:11] [Render thread/INFO] (Minecraft) [STDOUT]: intitialized CarryAnimationMixin.injectCarryAnimation: net.minecraft.client.renderer.entity.state.SkeletonRenderState@685eaa5f
[14:30:11] [Render thread/INFO] (Minecraft) [STDOUT]: intitialized CarryAnimationMixin.injectCarryAnimation: net.minecraft.client.renderer.entity.state.SkeletonRenderState@1131588c
[14:30:11] [Render thread/INFO] (Minecraft) [STDOUT]: intitialized CarryAnimationMixin.injectCarryAnimation: net.minecraft.client.renderer.entity.state.SkeletonRenderState@809c776
[14:30:11] [Render thread/INFO] (Minecraft) [STDOUT]: intitialized CarryAnimationMixin.injectCarryAnimation: net.minecraft.client.renderer.entity.state.SkeletonRenderState@1131588c
[14:30:11] [Render thread/INFO] (Minecraft) [STDOUT]: intitialized CarryAnimationMixin.injectCarryAnimation: net.minecraft.client.renderer.entity.state.SkeletonRenderState@809c776
[14:30:11] [Render thread/INFO] (Minecraft) [STDOUT]: intitialized CarryAnimationMixin.injectCarryAnimation: net.minecraft.client.renderer.entity.state.SkeletonRenderState@1598887a
[14:30:11] [Render thread/INFO] (Minecraft) [STDOUT]: intitialized CarryAnimationMixin.injectCarryAnimation: net.minecraft.client.renderer.entity.state.SkeletonRenderState@e0ec7bc
[14:30:11] [Render thread/INFO] (Minecraft) [STDOUT]: intitialized CarryAnimationMixin.injectCarryAnimation: net.minecraft.client.renderer.entity.state.SkeletonRenderState@1598887a
[14:30:11] [Render thread/INFO] (Minecraft) [STDOUT]: intitialized CarryAnimationMixin.injectCarryAnimation: net.minecraft.client.renderer.entity.state.SkeletonRenderState@e0ec7bc
[14:30:11] [Render thread/INFO] (Minecraft) [STDOUT]: intitialized CarryAnimationMixin.injectCarryAnimation: net.minecraft.client.renderer.entity.state.SkeletonRenderState@53144c74
[14:30:11] [Render thread/INFO] (Minecraft) [STDOUT]: intitialized CarryAnimationMixin.injectCarryAnimation: net.minecraft.client.renderer.entity.state.SkeletonRenderState@21ed534
[14:30:11] [Render thread/INFO] (Minecraft) [STDOUT]: intitialized CarryAnimationMixin.injectCarryAnimation: net.minecraft.client.renderer.entity.state.SkeletonRenderState@53144c74
[14:30:11] [Render thread/INFO] (Minecraft) [STDOUT]: intitialized CarryAnimationMixin.injectCarryAnimation: net.minecraft.client.renderer.entity.state.SkeletonRenderState@21ed534
[14:30:11] [Render thread/INFO] (Minecraft) [STDOUT]: intitialized CarryAnimationMixin.injectCarryAnimation: net.minecraft.client.renderer.entity.state.SkeletonRenderState@7a55c1ec
[14:30:11] [Render thread/INFO] (Minecraft) [STDOUT]: intitialized CarryAnimationMixin.injectCarryAnimation: net.minecraft.client.renderer.entity.state.SkeletonRenderState@6ffe332c
[14:30:11] [Render thread/INFO] (Minecraft) [STDOUT]: intitialized CarryAnimationMixin.injectCarryAnimation: net.minecraft.client.renderer.entity.state.SkeletonRenderState@7a55c1ec
[14:30:11] [Render thread/INFO] (Minecraft) [STDOUT]: intitialized CarryAnimationMixin.injectCarryAnimation: net.minecraft.client.renderer.entity.state.SkeletonRenderState@6ffe332c
[14:30:11] [Render thread/INFO] (Minecraft) [STDOUT]: intitialized CarryAnimationMixin.injectCarryAnimation: net.minecraft.client.renderer.entity.state.SkeletonRenderState@1ef8a54b
[14:30:11] [Render thread/INFO] (Minecraft) [STDOUT]: intitialized CarryAnimationMixin.injectCarryAnimation: net.minecraft.client.renderer.entity.state.SkeletonRenderState@6abb64d5
[14:30:11] [Render thread/INFO] (Minecraft) [STDOUT]: intitialized CarryAnimationMixin.injectCarryAnimation: net.minecraft.client.renderer.entity.state.SkeletonRenderState@1ef8a54b
[14:30:11] [Render thread/INFO] (Minecraft) [STDOUT]: intitialized CarryAnimationMixin.injectCarryAnimation: net.minecraft.client.renderer.entity.state.SkeletonRenderState@6abb64d5
[14:30:11] [Render thread/INFO] (Minecraft) [STDOUT]: intitialized CarryAnimationMixin.injectCarryAnimation: net.minecraft.client.renderer.entity.state.SkeletonRenderState@20ccb176
[14:30:11] [Render thread/INFO] (Minecraft) [STDOUT]: intitialized CarryAnimationMixin.injectCarryAnimation: net.minecraft.client.renderer.entity.state.SkeletonRenderState@7bc58ad9
[14:30:11] [Render thread/INFO] (Minecraft) [STDOUT]: intitialized CarryAnimationMixin.injectCarryAnimation: net.minecraft.client.renderer.entity.state.SkeletonRenderState@20ccb176
[14:30:11] [Render thread/INFO] (Minecraft) [STDOUT]: intitialized CarryAnimationMixin.injectCarryAnimation: net.minecraft.client.renderer.entity.state.SkeletonRenderState@7bc58ad9
[14:30:11] [Render thread/INFO] (Minecraft) [STDOUT]: intitialized CarryAnimationMixin.injectCarryAnimation: net.minecraft.client.renderer.entity.state.SkeletonRenderState@4a69d4b8
[14:30:11] [Render thread/INFO] (Minecraft) [STDOUT]: intitialized CarryAnimationMixin.injectCarryAnimation: net.minecraft.client.renderer.entity.state.SkeletonRenderState@58d804c0
[14:30:11] [Render thread/INFO] (Minecraft) [STDOUT]: intitialized CarryAnimationMixin.injectCarryAnimation: net.minecraft.client.renderer.entity.state.SkeletonRenderState@4a69d4b8
[14:30:11] [Render thread/INFO] (Minecraft) [STDOUT]: intitialized CarryAnimationMixin.injectCarryAnimation: net.minecraft.client.renderer.entity.state.SkeletonRenderState@58d804c0
[14:30:11] [Render thread/INFO] (Minecraft) [STDOUT]: intitialized CarryAnimationMixin.injectCarryAnimation: net.minecraft.client.renderer.entity.state.SkeletonRenderState@1d5a59ac
[14:30:11] [Render thread/INFO] (Minecraft) [STDOUT]: intitialized CarryAnimationMixin.injectCarryAnimation: net.minecraft.client.renderer.entity.state.SkeletonRenderState@4a9e8b9c
[14:30:11] [Render thread/INFO] (Minecraft) [STDOUT]: intitialized CarryAnimationMixin.injectCarryAnimation: net.minecraft.client.renderer.entity.state.SkeletonRenderState@1d5a59ac
[14:30:11] [Render thread/INFO] (Minecraft) [STDOUT]: intitialized CarryAnimationMixin.injectCarryAnimation: net.minecraft.client.renderer.entity.state.SkeletonRenderState@4a9e8b9c
[14:30:11] [Render thread/INFO] (Minecraft) [STDOUT]: intitialized CarryAnimationMixin.injectCarryAnimation: net.minecraft.client.renderer.entity.state.SkeletonRenderState@4e565a63
[14:30:11] [Render thread/INFO] (Minecraft) [STDOUT]: intitialized CarryAnimationMixin.injectCarryAnimation: net.minecraft.client.renderer.entity.state.SkeletonRenderState@56b0a96d
[14:30:11] [Render thread/INFO] (Minecraft) [STDOUT]: intitialized CarryAnimationMixin.injectCarryAnimation: net.minecraft.client.renderer.entity.state.SkeletonRenderState@4e565a63
[14:30:11] [Render thread/INFO] (Minecraft) [STDOUT]: intitialized CarryAnimationMixin.injectCarryAnimation: net.minecraft.client.renderer.entity.state.SkeletonRenderState@56b0a96d
[14:30:11] [Render thread/INFO] (Minecraft) [STDOUT]: intitialized CarryAnimationMixin.injectCarryAnimation: net.minecraft.client.renderer.entity.state.SkeletonRenderState@19e80d2e
[14:30:11] [Render thread/INFO] (Minecraft) [STDOUT]: intitialized CarryAnimationMixin.injectCarryAnimation: net.minecraft.client.renderer.entity.state.SkeletonRenderState@2794b7e4
[14:30:11] [Render thread/INFO] (Minecraft) [STDOUT]: intitialized CarryAnimationMixin.injectCarryAnimation: net.minecraft.client.renderer.entity.state.SkeletonRenderState@19e80d2e
[14:30:11] [Render thread/INFO] (Minecraft) [STDOUT]: intitialized CarryAnimationMixin.injectCarryAnimation: net.minecraft.client.renderer.entity.state.SkeletonRenderState@2794b7e4
[14:30:11] [Render thread/INFO] (Minecraft) [STDOUT]: intitialized CarryAnimationMixin.injectCarryAnimation: net.minecraft.client.renderer.entity.state.SkeletonRenderState@8c555e6
[14:30:11] [Render thread/INFO] (Minecraft) [STDOUT]: intitialized CarryAnimationMixin.injectCarryAnimation: net.minecraft.client.renderer.entity.state.SkeletonRenderState@519da8ad
[14:30:11] [Render thread/INFO] (Minecraft) [STDOUT]: intitialized CarryAnimationMixin.injectCarryAnimation: net.minecraft.client.renderer.entity.state.SkeletonRenderState@8c555e6
[14:30:11] [Render thread/INFO] (Minecraft) [STDOUT]: intitialized CarryAnimationMixin.injectCarryAnimation: net.minecraft.client.renderer.entity.state.SkeletonRenderState@519da8ad
[14:30:11] [Render thread/INFO] (Minecraft) [STDOUT]: intitialized CarryAnimationMixin.injectCarryAnimation: net.minecraft.client.renderer.entity.state.SkeletonRenderState@53340eed
[14:30:11] [Render thread/INFO] (Minecraft) [STDOUT]: intitialized CarryAnimationMixin.injectCarryAnimation: net.minecraft.client.renderer.entity.state.SkeletonRenderState@63c88470
[14:30:11] [Render thread/INFO] (Minecraft) [STDOUT]: intitialized CarryAnimationMixin.injectCarryAnimation: net.minecraft.client.renderer.entity.state.SkeletonRenderState@53340eed
[14:30:11] [Render thread/INFO] (Minecraft) [STDOUT]: intitialized CarryAnimationMixin.injectCarryAnimation: net.minecraft.client.renderer.entity.state.SkeletonRenderState@63c88470
[14:30:11] [Render thread/INFO] (Minecraft) [STDOUT]: intitialized CarryAnimationMixin.injectCarryAnimation: net.minecraft.client.renderer.entity.state.SkeletonRenderState@4180978a
[14:30:11] [Render thread/INFO] (Minecraft) [STDOUT]: intitialized CarryAnimationMixin.injectCarryAnimation: net.minecraft.client.renderer.entity.state.SkeletonRenderState@7d6497d7
[14:30:11] [Render thread/INFO] (Minecraft) [STDOUT]: intitialized CarryAnimationMixin.injectCarryAnimation: net.minecraft.client.renderer.entity.state.SkeletonRenderState@4180978a
[14:30:11] [Render thread/INFO] (Minecraft) [STDOUT]: intitialized CarryAnimationMixin.injectCarryAnimation: net.minecraft.client.renderer.entity.state.SkeletonRenderState@7d6497d7
[14:30:11] [Render thread/INFO] (Minecraft) [STDOUT]: intitialized CarryAnimationMixin.injectCarryAnimation: net.minecraft.client.renderer.entity.state.SkeletonRenderState@ed4adf0
[14:30:11] [Render thread/INFO] (Minecraft) [STDOUT]: intitialized CarryAnimationMixin.injectCarryAnimation: net.minecraft.client.renderer.entity.state.SkeletonRenderState@2998435e
[14:30:11] [Render thread/INFO] (Minecraft) [STDOUT]: intitialized CarryAnimationMixin.injectCarryAnimation: net.minecraft.client.renderer.entity.state.SkeletonRenderState@ed4adf0
[14:30:11] [Render thread/INFO] (Minecraft) [STDOUT]: intitialized CarryAnimationMixin.injectCarryAnimation: net.minecraft.client.renderer.entity.state.SkeletonRenderState@2998435e
[14:30:11] [Render thread/INFO] (Minecraft) [STDOUT]: intitialized CarryAnimationMixin.injectCarryAnimation: net.minecraft.client.renderer.entity.state.SkeletonRenderState@6c61ad20
[14:30:11] [Render thread/INFO] (Minecraft) [STDOUT]: intitialized CarryAnimationMixin.injectCarryAnimation: net.minecraft.client.renderer.entity.state.SkeletonRenderState@35625554
[14:30:11] [Render thread/INFO] (Minecraft) [STDOUT]: intitialized CarryAnimationMixin.injectCarryAnimation: net.minecraft.client.renderer.entity.state.SkeletonRenderState@6c61ad20
[14:30:11] [Render thread/INFO] (Minecraft) [STDOUT]: intitialized CarryAnimationMixin.injectCarryAnimation: net.minecraft.client.renderer.entity.state.SkeletonRenderState@35625554
[14:30:11] [Render thread/INFO] (Minecraft) [STDOUT]: intitialized CarryAnimationMixin.injectCarryAnimation: net.minecraft.client.renderer.entity.state.SkeletonRenderState@14f24c38
[14:30:11] [Render thread/INFO] (Minecraft) [STDOUT]: intitialized CarryAnimationMixin.injectCarryAnimation: net.minecraft.client.renderer.entity.state.SkeletonRenderState@339d7307
[14:30:11] [Render thread/INFO] (Minecraft) [STDOUT]: intitialized CarryAnimationMixin.injectCarryAnimation: net.minecraft.client.renderer.entity.state.SkeletonRenderState@14f24c38
[14:30:11] [Render thread/INFO] (Minecraft) [STDOUT]: intitialized CarryAnimationMixin.injectCarryAnimation: net.minecraft.client.renderer.entity.state.SkeletonRenderState@339d7307
[14:30:11] [Render thread/INFO] (Minecraft) [STDOUT]: intitialized CarryAnimationMixin.injectCarryAnimation: net.minecraft.client.renderer.entity.state.SkeletonRenderState@3bce43ac
[14:30:11] [Render thread/INFO] (Minecraft) [STDOUT]: intitialized CarryAnimationMixin.injectCarryAnimation: net.minecraft.client.renderer.entity.state.SkeletonRenderState@11c73004
[14:30:11] [Render thread/INFO] (Minecraft) [STDOUT]: intitialized CarryAnimationMixin.injectCarryAnimation: net.minecraft.client.renderer.entity.state.SkeletonRenderState@3bce43ac
[14:30:11] [Render thread/INFO] (Minecraft) [STDOUT]: intitialized CarryAnimationMixin.injectCarryAnimation: net.minecraft.client.renderer.entity.state.SkeletonRenderState@11c73004
[14:30:11] [Render thread/INFO] (Minecraft) [STDOUT]: intitialized CarryAnimationMixin.injectCarryAnimation: net.minecraft.client.renderer.entity.state.SkeletonRenderState@17d23d88
[14:30:11] [Render thread/INFO] (Minecraft) [STDOUT]: intitialized CarryAnimationMixin.injectCarryAnimation: net.minecraft.client.renderer.entity.state.SkeletonRenderState@4f8f713e
[14:30:11] [Render thread/INFO] (Minecraft) [STDOUT]: intitialized CarryAnimationMixin.injectCarryAnimation: net.minecraft.client.renderer.entity.state.SkeletonRenderState@17d23d88
[14:30:11] [Render thread/INFO] (Minecraft) [STDOUT]: intitialized CarryAnimationMixin.injectCarryAnimation: net.minecraft.client.renderer.entity.state.SkeletonRenderState@4f8f713e
[14:30:11] [Render thread/INFO] (Minecraft) [STDOUT]: intitialized CarryAnimationMixin.injectCarryAnimation: net.minecraft.client.renderer.entity.state.SkeletonRenderState@2efadf96
[14:30:11] [Render thread/INFO] (Minecraft) [STDOUT]: intitialized CarryAnimationMixin.injectCarryAnimation: net.minecraft.client.renderer.entity.state.SkeletonRenderState@284289bc
[14:30:11] [Render thread/INFO] (Minecraft) [STDOUT]: intitialized CarryAnimationMixin.injectCarryAnimation: net.minecraft.client.renderer.entity.state.SkeletonRenderState@2efadf96
[14:30:11] [Render thread/INFO] (Minecraft) [STDOUT]: intitialized CarryAnimationMixin.injectCarryAnimation: net.minecraft.client.renderer.entity.state.SkeletonRenderState@284289bc
[14:30:11] [Render thread/INFO] (Minecraft) [STDOUT]: intitialized CarryAnimationMixin.injectCarryAnimation: net.minecraft.client.renderer.entity.state.SkeletonRenderState@1c700b0b
[14:30:11] [Render thread/INFO] (Minecraft) [STDOUT]: intitialized CarryAnimationMixin.injectCarryAnimation: net.minecraft.client.renderer.entity.state.SkeletonRenderState@368dd74d
[14:30:11] [Render thread/INFO] (Minecraft) [STDOUT]: intitialized CarryAnimationMixin.injectCarryAnimation: net.minecraft.client.renderer.entity.state.SkeletonRenderState@1c700b0b
[14:30:11] [Render thread/INFO] (Minecraft) [STDOUT]: intitialized CarryAnimationMixin.injectCarryAnimation: net.minecraft.client.renderer.entity.state.SkeletonRenderState@368dd74d
[14:30:11] [Render thread/INFO] (Minecraft) [STDOUT]: intitialized CarryAnimationMixin.injectCarryAnimation: net.minecraft.client.renderer.entity.state.SkeletonRenderState@72c0d76e
[14:30:11] [Render thread/INFO] (Minecraft) [STDOUT]: intitialized CarryAnimationMixin.injectCarryAnimation: net.minecraft.client.renderer.entity.state.SkeletonRenderState@6e74b26e
[14:30:11] [Render thread/INFO] (Minecraft) [STDOUT]: intitialized CarryAnimationMixin.injectCarryAnimation: net.minecraft.client.renderer.entity.state.SkeletonRenderState@72c0d76e
[14:30:11] [Render thread/INFO] (Minecraft) [STDOUT]: intitialized CarryAnimationMixin.injectCarryAnimation: net.minecraft.client.renderer.entity.state.SkeletonRenderState@6e74b26e
[14:30:11] [Render thread/INFO] (Minecraft) [STDOUT]: intitialized CarryAnimationMixin.injectCarryAnimation: net.minecraft.client.renderer.entity.state.SkeletonRenderState@369b3752
[14:30:11] [Render thread/INFO] (Minecraft) [STDOUT]: intitialized CarryAnimationMixin.injectCarryAnimation: net.minecraft.client.renderer.entity.state.SkeletonRenderState@65781164
[14:30:11] [Render thread/INFO] (Minecraft) [STDOUT]: intitialized CarryAnimationMixin.injectCarryAnimation: net.minecraft.client.renderer.entity.state.SkeletonRenderState@369b3752
[14:30:11] [Render thread/INFO] (Minecraft) [STDOUT]: intitialized CarryAnimationMixin.injectCarryAnimation: net.minecraft.client.renderer.entity.state.SkeletonRenderState@65781164
[14:30:11] [Render thread/INFO] (Minecraft) [STDOUT]: intitialized CarryAnimationMixin.injectCarryAnimation: net.minecraft.client.renderer.entity.state.SkeletonRenderState@11f7d102
[14:30:11] [Render thread/INFO] (Minecraft) [STDOUT]: intitialized CarryAnimationMixin.injectCarryAnimation: net.minecraft.client.renderer.entity.state.SkeletonRenderState@5adbf690
[14:30:11] [Render thread/INFO] (Minecraft) [STDOUT]: intitialized CarryAnimationMixin.injectCarryAnimation: net.minecraft.client.renderer.entity.state.SkeletonRenderState@11f7d102
[14:30:11] [Render thread/INFO] (Minecraft) [STDOUT]: intitialized CarryAnimationMixin.injectCarryAnimation: net.minecraft.client.renderer.entity.state.SkeletonRenderState@5adbf690
[14:30:11] [Render thread/INFO] (Minecraft) [STDOUT]: intitialized CarryAnimationMixin.injectCarryAnimation: net.minecraft.client.renderer.entity.state.SkeletonRenderState@35956b3e
[14:30:11] [Render thread/INFO] (Minecraft) [STDOUT]: intitialized CarryAnimationMixin.injectCarryAnimation: net.minecraft.client.renderer.entity.state.SkeletonRenderState@1043bfd9
[14:30:11] [Render thread/INFO] (Minecraft) [STDOUT]: intitialized CarryAnimationMixin.injectCarryAnimation: net.minecraft.client.renderer.entity.state.SkeletonRenderState@35956b3e
[14:30:11] [Render thread/INFO] (Minecraft) [STDOUT]: intitialized CarryAnimationMixin.injectCarryAnimation: net.minecraft.client.renderer.entity.state.SkeletonRenderState@1043bfd9
[14:30:11] [Render thread/INFO] (Minecraft) [STDOUT]: intitialized CarryAnimationMixin.injectCarryAnimation: net.minecraft.client.renderer.entity.state.SkeletonRenderState@3f931312
[14:30:11] [Render thread/INFO] (Minecraft) [STDOUT]: intitialized CarryAnimationMixin.injectCarryAnimation: net.minecraft.client.renderer.entity.state.SkeletonRenderState@3af90d06
[14:30:11] [Render thread/INFO] (Minecraft) [STDOUT]: intitialized CarryAnimationMixin.injectCarryAnimation: net.minecraft.client.renderer.entity.state.SkeletonRenderState@3f931312
[14:30:11] [Render thread/INFO] (Minecraft) [STDOUT]: intitialized CarryAnimationMixin.injectCarryAnimation: net.minecraft.client.renderer.entity.state.SkeletonRenderState@3af90d06
[14:30:11] [Render thread/INFO] (Minecraft) [STDOUT]: intitialized CarryAnimationMixin.injectCarryAnimation: net.minecraft.client.renderer.entity.state.SkeletonRenderState@242b5dfc
[14:30:11] [Render thread/INFO] (Minecraft) [STDOUT]: intitialized CarryAnimationMixin.injectCarryAnimation: net.minecraft.client.renderer.entity.state.SkeletonRenderState@291b93d7
[14:30:11] [Render thread/INFO] (Minecraft) [STDOUT]: intitialized CarryAnimationMixin.injectCarryAnimation: net.minecraft.client.renderer.entity.state.SkeletonRenderState@242b5dfc
[14:30:11] [Render thread/INFO] (Minecraft) [STDOUT]: intitialized CarryAnimationMixin.injectCarryAnimation: net.minecraft.client.renderer.entity.state.SkeletonRenderState@291b93d7
[14:30:11] [Render thread/INFO] (Minecraft) [STDOUT]: intitialized CarryAnimationMixin.injectCarryAnimation: net.minecraft.client.renderer.entity.state.SkeletonRenderState@eb70e65
[14:30:11] [Render thread/INFO] (Minecraft) [STDOUT]: intitialized CarryAnimationMixin.injectCarryAnimation: net.minecraft.client.renderer.entity.state.SkeletonRenderState@7cd4a388
[14:30:11] [Render thread/INFO] (Minecraft) [STDOUT]: intitialized CarryAnimationMixin.injectCarryAnimation: net.minecraft.client.renderer.entity.state.SkeletonRenderState@eb70e65
[14:30:11] [Render thread/INFO] (Minecraft) [STDOUT]: intitialized CarryAnimationMixin.injectCarryAnimation: net.minecraft.client.renderer.entity.state.SkeletonRenderState@7cd4a388
[14:30:11] [Render thread/INFO] (Minecraft) [STDOUT]: intitialized CarryAnimationMixin.injectCarryAnimation: net.minecraft.client.renderer.entity.state.SkeletonRenderState@26ec553
[14:30:11] [Render thread/INFO] (Minecraft) [STDOUT]: intitialized CarryAnimationMixin.injectCarryAnimation: net.minecraft.client.renderer.entity.state.SkeletonRenderState@779e7be2
[14:30:11] [Render thread/INFO] (Minecraft) [STDOUT]: intitialized CarryAnimationMixin.injectCarryAnimation: net.minecraft.client.renderer.entity.state.SkeletonRenderState@26ec553
[14:30:11] [Render thread/INFO] (Minecraft) [STDOUT]: intitialized CarryAnimationMixin.injectCarryAnimation: net.minecraft.client.renderer.entity.state.SkeletonRenderState@779e7be2
[14:30:11] [Render thread/INFO] (Minecraft) [STDOUT]: intitialized CarryAnimationMixin.injectCarryAnimation: net.minecraft.client.renderer.entity.state.SkeletonRenderState@41ec8752
[14:30:11] [Render thread/INFO] (Minecraft) [STDOUT]: intitialized CarryAnimationMixin.injectCarryAnimation: net.minecraft.client.renderer.entity.state.SkeletonRenderState@187da404
[14:30:11] [Render thread/INFO] (Minecraft) [STDOUT]: intitialized CarryAnimationMixin.injectCarryAnimation: net.minecraft.client.renderer.entity.state.SkeletonRenderState@41ec8752
[14:30:11] [Render thread/INFO] (Minecraft) [STDOUT]: intitialized CarryAnimationMixin.injectCarryAnimation: net.minecraft.client.renderer.entity.state.SkeletonRenderState@187da404
[14:30:11] [Render thread/INFO] (Minecraft) [STDOUT]: intitialized CarryAnimationMixin.injectCarryAnimation: net.minecraft.client.renderer.entity.state.SkeletonRenderState@6ccdbe05
[14:30:11] [Render thread/INFO] (Minecraft) [STDOUT]: intitialized CarryAnimationMixin.injectCarryAnimation: net.minecraft.client.renderer.entity.state.SkeletonRenderState@68888915
[14:30:11] [Render thread/INFO] (Minecraft) [STDOUT]: intitialized CarryAnimationMixin.injectCarryAnimation: net.minecraft.client.renderer.entity.state.SkeletonRenderState@6ccdbe05
[14:30:11] [Render thread/INFO] (Minecraft) [STDOUT]: intitialized CarryAnimationMixin.injectCarryAnimation: net.minecraft.client.renderer.entity.state.SkeletonRenderState@68888915
[14:30:11] [Render thread/INFO] (Minecraft) [STDOUT]: intitialized CarryAnimationMixin.injectCarryAnimation: net.minecraft.client.renderer.entity.state.SkeletonRenderState@396f39e7
[14:30:11] [Render thread/INFO] (Minecraft) [STDOUT]: intitialized CarryAnimationMixin.injectCarryAnimation: net.minecraft.client.renderer.entity.state.SkeletonRenderState@1503cffe
[14:30:11] [Render thread/INFO] (Minecraft) [STDOUT]: intitialized CarryAnimationMixin.injectCarryAnimation: net.minecraft.client.renderer.entity.state.SkeletonRenderState@396f39e7
[14:30:11] [Render thread/INFO] (Minecraft) [STDOUT]: intitialized CarryAnimationMixin.injectCarryAnimation: net.minecraft.client.renderer.entity.state.SkeletonRenderState@1503cffe
[14:30:11] [Render thread/INFO] (Minecraft) [STDOUT]: intitialized CarryAnimationMixin.injectCarryAnimation: net.minecraft.client.renderer.entity.state.SkeletonRenderState@2c54142
[14:30:11] [Render thread/INFO] (Minecraft) [STDOUT]: intitialized CarryAnimationMixin.injectCarryAnimation: net.minecraft.client.renderer.entity.state.SkeletonRenderState@2619dc91
[14:30:11] [Render thread/INFO] (Minecraft) [STDOUT]: intitialized CarryAnimationMixin.injectCarryAnimation: net.minecraft.client.renderer.entity.state.SkeletonRenderState@2c54142
[14:30:11] [Render thread/INFO] (Minecraft) [STDOUT]: intitialized CarryAnimationMixin.injectCarryAnimation: net.minecraft.client.renderer.entity.state.SkeletonRenderState@2619dc91
[14:30:11] [Render thread/INFO] (Minecraft) [STDOUT]: intitialized CarryAnimationMixin.injectCarryAnimation: net.minecraft.client.renderer.entity.state.SkeletonRenderState@667969b4
[14:30:11] [Render thread/INFO] (Minecraft) [STDOUT]: intitialized CarryAnimationMixin.injectCarryAnimation: net.minecraft.client.renderer.entity.state.SkeletonRenderState@6d0e26ba
[14:30:11] [Render thread/INFO] (Minecraft) [STDOUT]: intitialized CarryAnimationMixin.injectCarryAnimation: net.minecraft.client.renderer.entity.state.SkeletonRenderState@667969b4
[14:30:11] [Render thread/INFO] (Minecraft) [STDOUT]: intitialized CarryAnimationMixin.injectCarryAnimation: net.minecraft.client.renderer.entity.state.SkeletonRenderState@6d0e26ba
[14:30:11] [Render thread/INFO] (Minecraft) [STDOUT]: intitialized CarryAnimationMixin.injectCarryAnimation: net.minecraft.client.renderer.entity.state.SkeletonRenderState@45e9b508
[14:30:11] [Render thread/INFO] (Minecraft) [STDOUT]: intitialized CarryAnimationMixin.injectCarryAnimation: net.minecraft.client.renderer.entity.state.SkeletonRenderState@2d7c1470
[14:30:11] [Render thread/INFO] (Minecraft) [STDOUT]: intitialized CarryAnimationMixin.injectCarryAnimation: net.minecraft.client.renderer.entity.state.SkeletonRenderState@45e9b508
[14:30:11] [Render thread/INFO] (Minecraft) [STDOUT]: intitialized CarryAnimationMixin.injectCarryAnimation: net.minecraft.client.renderer.entity.state.SkeletonRenderState@2d7c1470
[14:30:11] [Render thread/INFO] (Minecraft) [STDOUT]: intitialized CarryAnimationMixin.injectCarryAnimation: net.minecraft.client.renderer.entity.state.SkeletonRenderState@e5eca2
[14:30:11] [Render thread/INFO] (Minecraft) [STDOUT]: intitialized CarryAnimationMixin.injectCarryAnimation: net.minecraft.client.renderer.entity.state.SkeletonRenderState@1cc231f2
[14:30:11] [Render thread/INFO] (Minecraft) [STDOUT]: intitialized CarryAnimationMixin.injectCarryAnimation: net.minecraft.client.renderer.entity.state.SkeletonRenderState@e5eca2
[14:30:11] [Render thread/INFO] (Minecraft) [STDOUT]: intitialized CarryAnimationMixin.injectCarryAnimation: net.minecraft.client.renderer.entity.state.SkeletonRenderState@1cc231f2
[14:30:11] [Render thread/INFO] (Minecraft) [STDOUT]: intitialized CarryAnimationMixin.injectCarryAnimation: net.minecraft.client.renderer.entity.state.SkeletonRenderState@5999cfe2
[14:30:11] [Render thread/INFO] (Minecraft) [STDOUT]: intitialized CarryAnimationMixin.injectCarryAnimation: net.minecraft.client.renderer.entity.state.SkeletonRenderState@76b6b88f
[14:30:11] [Render thread/INFO] (Minecraft) [STDOUT]: intitialized CarryAnimationMixin.injectCarryAnimation: net.minecraft.client.renderer.entity.state.SkeletonRenderState@5999cfe2
[14:30:11] [Render thread/INFO] (Minecraft) [STDOUT]: intitialized CarryAnimationMixin.injectCarryAnimation: net.minecraft.client.renderer.entity.state.SkeletonRenderState@76b6b88f
[14:30:11] [Render thread/INFO] (Minecraft) [STDOUT]: intitialized CarryAnimationMixin.injectCarryAnimation: net.minecraft.client.renderer.entity.state.SkeletonRenderState@7b764a0a
[14:30:11] [Render thread/INFO] (Minecraft) [STDOUT]: intitialized CarryAnimationMixin.injectCarryAnimation: net.minecraft.client.renderer.entity.state.SkeletonRenderState@338154dd
[14:30:11] [Render thread/INFO] (Minecraft) [STDOUT]: intitialized CarryAnimationMixin.injectCarryAnimation: net.minecraft.client.renderer.entity.state.SkeletonRenderState@7b764a0a
[14:30:11] [Render thread/INFO] (Minecraft) [STDOUT]: intitialized CarryAnimationMixin.injectCarryAnimation: net.minecraft.client.renderer.entity.state.SkeletonRenderState@338154dd
[14:30:12] [Render thread/INFO] (Minecraft) [STDOUT]: intitialized CarryAnimationMixin.injectCarryAnimation: net.minecraft.client.renderer.entity.state.SkeletonRenderState@67c1cd41
[14:30:12] [Render thread/INFO] (Minecraft) [STDOUT]: intitialized CarryAnimationMixin.injectCarryAnimation: net.minecraft.client.renderer.entity.state.SkeletonRenderState@2e2efda9
[14:30:12] [Render thread/INFO] (Minecraft) [STDOUT]: intitialized CarryAnimationMixin.injectCarryAnimation: net.minecraft.client.renderer.entity.state.SkeletonRenderState@67c1cd41
[14:30:12] [Render thread/INFO] (Minecraft) [STDOUT]: intitialized CarryAnimationMixin.injectCarryAnimation: net.minecraft.client.renderer.entity.state.SkeletonRenderState@2e2efda9
[14:30:12] [Render thread/INFO] (Minecraft) [STDOUT]: intitialized CarryAnimationMixin.injectCarryAnimation: net.minecraft.client.renderer.entity.state.SkeletonRenderState@17b0730d
[14:30:12] [Render thread/INFO] (Minecraft) [STDOUT]: intitialized CarryAnimationMixin.injectCarryAnimation: net.minecraft.client.renderer.entity.state.SkeletonRenderState@303ba690
[14:30:12] [Render thread/INFO] (Minecraft) [STDOUT]: intitialized CarryAnimationMixin.injectCarryAnimation: net.minecraft.client.renderer.entity.state.SkeletonRenderState@17b0730d
[14:30:12] [Render thread/INFO] (Minecraft) [STDOUT]: intitialized CarryAnimationMixin.injectCarryAnimation: net.minecraft.client.renderer.entity.state.SkeletonRenderState@303ba690
[14:30:12] [Render thread/INFO] (Minecraft) [STDOUT]: intitialized CarryAnimationMixin.injectCarryAnimation: net.minecraft.client.renderer.entity.state.SkeletonRenderState@59f9de13
[14:30:12] [Render thread/INFO] (Minecraft) [STDOUT]: intitialized CarryAnimationMixin.injectCarryAnimation: net.minecraft.client.renderer.entity.state.SkeletonRenderState@e3b330
[14:30:12] [Render thread/INFO] (Minecraft) [STDOUT]: intitialized CarryAnimationMixin.injectCarryAnimation: net.minecraft.client.renderer.entity.state.SkeletonRenderState@59f9de13
[14:30:12] [Render thread/INFO] (Minecraft) [STDOUT]: intitialized CarryAnimationMixin.injectCarryAnimation: net.minecraft.client.renderer.entity.state.SkeletonRenderState@e3b330
[14:30:12] [Render thread/INFO] (Minecraft) [STDOUT]: intitialized CarryAnimationMixin.injectCarryAnimation: net.minecraft.client.renderer.entity.state.SkeletonRenderState@793dbb07
[14:30:12] [Render thread/INFO] (Minecraft) [STDOUT]: intitialized CarryAnimationMixin.injectCarryAnimation: net.minecraft.client.renderer.entity.state.SkeletonRenderState@6e23eb75
[14:30:12] [Render thread/INFO] (Minecraft) [STDOUT]: intitialized CarryAnimationMixin.injectCarryAnimation: net.minecraft.client.renderer.entity.state.SkeletonRenderState@793dbb07
[14:30:12] [Render thread/INFO] (Minecraft) [STDOUT]: intitialized CarryAnimationMixin.injectCarryAnimation: net.minecraft.client.renderer.entity.state.SkeletonRenderState@6e23eb75
[14:30:12] [Render thread/INFO] (Minecraft) [STDOUT]: intitialized CarryAnimationMixin.injectCarryAnimation: net.minecraft.client.renderer.entity.state.SkeletonRenderState@7344bfb2
[14:30:12] [Render thread/INFO] (Minecraft) [STDOUT]: intitialized CarryAnimationMixin.injectCarryAnimation: net.minecraft.client.renderer.entity.state.SkeletonRenderState@1b72afb0
[14:30:12] [Render thread/INFO] (Minecraft) [STDOUT]: intitialized CarryAnimationMixin.injectCarryAnimation: net.minecraft.client.renderer.entity.state.SkeletonRenderState@7344bfb2
[14:30:12] [Render thread/INFO] (Minecraft) [STDOUT]: intitialized CarryAnimationMixin.injectCarryAnimation: net.minecraft.client.renderer.entity.state.SkeletonRenderState@1b72afb0
[14:30:12] [Render thread/INFO] (Minecraft) [STDOUT]: intitialized CarryAnimationMixin.injectCarryAnimation: net.minecraft.client.renderer.entity.state.SkeletonRenderState@f83da5a
[14:30:12] [Render thread/INFO] (Minecraft) [STDOUT]: intitialized CarryAnimationMixin.injectCarryAnimation: net.minecraft.client.renderer.entity.state.SkeletonRenderState@7e0af09c
[14:30:12] [Render thread/INFO] (Minecraft) [STDOUT]: intitialized CarryAnimationMixin.injectCarryAnimation: net.minecraft.client.renderer.entity.state.SkeletonRenderState@f83da5a
[14:30:12] [Render thread/INFO] (Minecraft) [STDOUT]: intitialized CarryAnimationMixin.injectCarryAnimation: net.minecraft.client.renderer.entity.state.SkeletonRenderState@7e0af09c
[14:30:12] [Render thread/INFO] (Minecraft) [STDOUT]: intitialized CarryAnimationMixin.injectCarryAnimation: net.minecraft.client.renderer.entity.state.SkeletonRenderState@286569c0
[14:30:12] [Render thread/INFO] (Minecraft) [STDOUT]: intitialized CarryAnimationMixin.injectCarryAnimation: net.minecraft.client.renderer.entity.state.SkeletonRenderState@26645c53
[14:30:12] [Render thread/INFO] (Minecraft) [STDOUT]: intitialized CarryAnimationMixin.injectCarryAnimation: net.minecraft.client.renderer.entity.state.SkeletonRenderState@286569c0
[14:30:12] [Render thread/INFO] (Minecraft) [STDOUT]: intitialized CarryAnimationMixin.injectCarryAnimation: net.minecraft.client.renderer.entity.state.SkeletonRenderState@26645c53
[14:30:12] [Render thread/INFO] (Minecraft) [STDOUT]: intitialized CarryAnimationMixin.injectCarryAnimation: net.minecraft.client.renderer.entity.state.SkeletonRenderState@37a413cf
[14:30:12] [Render thread/INFO] (Minecraft) [STDOUT]: intitialized CarryAnimationMixin.injectCarryAnimation: net.minecraft.client.renderer.entity.state.SkeletonRenderState@1e038bb7
[14:30:12] [Render thread/INFO] (Minecraft) [STDOUT]: intitialized CarryAnimationMixin.injectCarryAnimation: net.minecraft.client.renderer.entity.state.SkeletonRenderState@37a413cf
[14:30:12] [Render thread/INFO] (Minecraft) [STDOUT]: intitialized CarryAnimationMixin.injectCarryAnimation: net.minecraft.client.renderer.entity.state.SkeletonRenderState@1e038bb7
[14:30:12] [Render thread/INFO] (Minecraft) [STDOUT]: intitialized CarryAnimationMixin.injectCarryAnimation: net.minecraft.client.renderer.entity.state.SkeletonRenderState@1dabcade
[14:30:12] [Render thread/INFO] (Minecraft) [STDOUT]: intitialized CarryAnimationMixin.injectCarryAnimation: net.minecraft.client.renderer.entity.state.SkeletonRenderState@19a99bfc
[14:30:12] [Render thread/INFO] (Minecraft) [STDOUT]: intitialized CarryAnimationMixin.injectCarryAnimation: net.minecraft.client.renderer.entity.state.SkeletonRenderState@1dabcade
[14:30:12] [Render thread/INFO] (Minecraft) [STDOUT]: intitialized CarryAnimationMixin.injectCarryAnimation: net.minecraft.client.renderer.entity.state.SkeletonRenderState@19a99bfc
[14:30:12] [Render thread/INFO] (Minecraft) [STDOUT]: intitialized CarryAnimationMixin.injectCarryAnimation: net.minecraft.client.renderer.entity.state.SkeletonRenderState@e84c96d
[14:30:12] [Render thread/INFO] (Minecraft) [STDOUT]: intitialized CarryAnimationMixin.injectCarryAnimation: net.minecraft.client.renderer.entity.state.SkeletonRenderState@cd8a539
[14:30:12] [Render thread/INFO] (Minecraft) [STDOUT]: intitialized CarryAnimationMixin.injectCarryAnimation: net.minecraft.client.renderer.entity.state.SkeletonRenderState@e84c96d
[14:30:12] [Render thread/INFO] (Minecraft) [STDOUT]: intitialized CarryAnimationMixin.injectCarryAnimation: net.minecraft.client.renderer.entity.state.SkeletonRenderState@cd8a539
[14:30:12] [Render thread/INFO] (Minecraft) [STDOUT]: intitialized CarryAnimationMixin.injectCarryAnimation: net.minecraft.client.renderer.entity.state.SkeletonRenderState@4fe66346
[14:30:12] [Render thread/INFO] (Minecraft) [STDOUT]: intitialized CarryAnimationMixin.injectCarryAnimation: net.minecraft.client.renderer.entity.state.SkeletonRenderState@1ac5773d
[14:30:12] [Render thread/INFO] (Minecraft) [STDOUT]: intitialized CarryAnimationMixin.injectCarryAnimation: net.minecraft.client.renderer.entity.state.SkeletonRenderState@4fe66346
[14:30:12] [Render thread/INFO] (Minecraft) [STDOUT]: intitialized CarryAnimationMixin.injectCarryAnimation: net.minecraft.client.renderer.entity.state.SkeletonRenderState@1ac5773d
[14:30:12] [Render thread/INFO] (Minecraft) [STDOUT]: intitialized CarryAnimationMixin.injectCarryAnimation: net.minecraft.client.renderer.entity.state.ZombieRenderState@256831
[14:30:12] [Render thread/INFO] (Minecraft) [STDOUT]: intitialized CarryAnimationMixin.injectCarryAnimation: net.minecraft.client.renderer.entity.state.ZombieRenderState@256831
[14:30:12] [Render thread/INFO] (Minecraft) [STDOUT]: intitialized CarryAnimationMixin.injectCarryAnimation: net.minecraft.client.renderer.entity.state.ZombieRenderState@4d22295f
[14:30:12] [Render thread/INFO] (Minecraft) [STDOUT]: intitialized CarryAnimationMixin.injectCarryAnimation: net.minecraft.client.renderer.entity.state.ZombieRenderState@4d22295f
[14:30:12] [Render thread/INFO] (Minecraft) [STDOUT]: intitialized CarryAnimationMixin.injectCarryAnimation: net.minecraft.client.renderer.entity.state.ZombieRenderState@13cba54
[14:30:12] [Render thread/INFO] (Minecraft) [STDOUT]: intitialized CarryAnimationMixin.injectCarryAnimation: net.minecraft.client.renderer.entity.state.ZombieRenderState@13cba54
[14:30:12] [Render thread/INFO] (Minecraft) [STDOUT]: intitialized CarryAnimationMixin.injectCarryAnimation: net.minecraft.client.renderer.entity.state.ZombieRenderState@4e7a148b
[14:30:12] [Render thread/INFO] (Minecraft) [STDOUT]: intitialized CarryAnimationMixin.injectCarryAnimation: net.minecraft.client.renderer.entity.state.ZombieRenderState@4e7a148b
[14:30:12] [Render thread/INFO] (Minecraft) [STDOUT]: intitialized CarryAnimationMixin.injectCarryAnimation: net.minecraft.client.renderer.entity.state.ZombieRenderState@65b58995
[14:30:12] [Render thread/INFO] (Minecraft) [STDOUT]: intitialized CarryAnimationMixin.injectCarryAnimation: net.minecraft.client.renderer.entity.state.ZombieRenderState@65b58995
[14:30:12] [Render thread/INFO] (Minecraft) [STDOUT]: intitialized CarryAnimationMixin.injectCarryAnimation: net.minecraft.client.renderer.entity.state.ZombieRenderState@5d0bdfc3
[14:30:12] [Render thread/INFO] (Minecraft) [STDOUT]: intitialized CarryAnimationMixin.injectCarryAnimation: net.minecraft.client.renderer.entity.state.ZombieRenderState@5d0bdfc3
[14:30:12] [Render thread/INFO] (Minecraft) [STDOUT]: intitialized CarryAnimationMixin.injectCarryAnimation: net.minecraft.client.renderer.entity.state.ZombieRenderState@43cb46a5
[14:30:12] [Render thread/INFO] (Minecraft) [STDOUT]: intitialized CarryAnimationMixin.injectCarryAnimation: net.minecraft.client.renderer.entity.state.ZombieRenderState@43cb46a5
[14:30:13] [Render thread/INFO] (Minecraft) [STDOUT]: intitialized CarryAnimationMixin.injectCarryAnimation: net.minecraft.client.renderer.entity.state.ZombieRenderState@afb9668
[14:30:13] [Render thread/INFO] (Minecraft) [STDOUT]: intitialized CarryAnimationMixin.injectCarryAnimation: net.minecraft.client.renderer.entity.state.ZombieRenderState@afb9668
[14:30:13] [Render thread/INFO] (Minecraft) [STDOUT]: intitialized CarryAnimationMixin.injectCarryAnimation: net.minecraft.client.renderer.entity.state.ZombieRenderState@3aaf37ce
[14:30:13] [Render thread/INFO] (Minecraft) [STDOUT]: intitialized CarryAnimationMixin.injectCarryAnimation: net.minecraft.client.renderer.entity.state.ZombieRenderState@3aaf37ce
[14:30:13] [Render thread/INFO] (Minecraft) [STDOUT]: intitialized CarryAnimationMixin.injectCarryAnimation: net.minecraft.client.renderer.entity.state.ZombieRenderState@3959029f
[14:30:13] [Render thread/INFO] (Minecraft) [STDOUT]: intitialized CarryAnimationMixin.injectCarryAnimation: net.minecraft.client.renderer.entity.state.ZombieRenderState@3959029f
[14:30:13] [Render thread/INFO] (Minecraft) [STDOUT]: intitialized CarryAnimationMixin.injectCarryAnimation: net.minecraft.client.renderer.entity.state.ZombieRenderState@20be957f
[14:30:13] [Render thread/INFO] (Minecraft) [STDOUT]: intitialized CarryAnimationMixin.injectCarryAnimation: net.minecraft.client.renderer.entity.state.ZombieRenderState@20be957f
[14:30:13] [Render thread/INFO] (Minecraft) [STDOUT]: intitialized CarryAnimationMixin.injectCarryAnimation: net.minecraft.client.renderer.entity.state.ZombieRenderState@76a00fd6
[14:30:13] [Render thread/INFO] (Minecraft) [STDOUT]: intitialized CarryAnimationMixin.injectCarryAnimation: net.minecraft.client.renderer.entity.state.ZombieRenderState@76a00fd6
[14:30:13] [Render thread/INFO] (Minecraft) [STDOUT]: intitialized CarryAnimationMixin.injectCarryAnimation: net.minecraft.client.renderer.entity.state.ZombieRenderState@35f2578b
[14:30:13] [Render thread/INFO] (Minecraft) [STDOUT]: intitialized CarryAnimationMixin.injectCarryAnimation: net.minecraft.client.renderer.entity.state.ZombieRenderState@35f2578b
[14:30:13] [Render thread/INFO] (Minecraft) [STDOUT]: intitialized CarryAnimationMixin.injectCarryAnimation: net.minecraft.client.renderer.entity.state.ZombieRenderState@444ee650
[14:30:13] [Render thread/INFO] (Minecraft) [STDOUT]: intitialized CarryAnimationMixin.injectCarryAnimation: net.minecraft.client.renderer.entity.state.ZombieRenderState@444ee650
[14:30:13] [Render thread/INFO] (Minecraft) [STDOUT]: intitialized CarryAnimationMixin.injectCarryAnimation: net.minecraft.client.renderer.entity.state.ZombieRenderState@108f86cb
[14:30:13] [Render thread/INFO] (Minecraft) [STDOUT]: intitialized CarryAnimationMixin.injectCarryAnimation: net.minecraft.client.renderer.entity.state.ZombieRenderState@108f86cb
[14:30:13] [Render thread/INFO] (Minecraft) [STDOUT]: intitialized CarryAnimationMixin.injectCarryAnimation: net.minecraft.client.renderer.entity.state.ZombieRenderState@7201aafc
[14:30:13] [Render thread/INFO] (Minecraft) [STDOUT]: intitialized CarryAnimationMixin.injectCarryAnimation: net.minecraft.client.renderer.entity.state.ZombieRenderState@7201aafc
[14:30:13] [Render thread/INFO] (Minecraft) [STDOUT]: intitialized CarryAnimationMixin.injectCarryAnimation: net.minecraft.client.renderer.entity.state.ZombieRenderState@1ed4c3a9
[14:30:13] [Render thread/INFO] (Minecraft) [STDOUT]: intitialized CarryAnimationMixin.injectCarryAnimation: net.minecraft.client.renderer.entity.state.ZombieRenderState@1ed4c3a9
[14:30:13] [Render thread/INFO] (Minecraft) [STDOUT]: intitialized CarryAnimationMixin.injectCarryAnimation: net.minecraft.client.renderer.entity.state.ZombieRenderState@4787b7bd
[14:30:13] [Render thread/INFO] (Minecraft) [STDOUT]: intitialized CarryAnimationMixin.injectCarryAnimation: net.minecraft.client.renderer.entity.state.ZombieRenderState@4787b7bd
[14:30:13] [Render thread/INFO] (Minecraft) [STDOUT]: intitialized CarryAnimationMixin.injectCarryAnimation: net.minecraft.client.renderer.entity.state.ZombieRenderState@73ba068e
[14:30:13] [Render thread/INFO] (Minecraft) [STDOUT]: intitialized CarryAnimationMixin.injectCarryAnimation: net.minecraft.client.renderer.entity.state.ZombieRenderState@73ba068e
[14:30:13] [Render thread/INFO] (Minecraft) [STDOUT]: intitialized CarryAnimationMixin.injectCarryAnimation: net.minecraft.client.renderer.entity.state.ZombieRenderState@c93044f
[14:30:13] [Render thread/INFO] (Minecraft) [STDOUT]: intitialized CarryAnimationMixin.injectCarryAnimation: net.minecraft.client.renderer.entity.state.ZombieRenderState@c93044f
[14:30:13] [Render thread/INFO] (Minecraft) [STDOUT]: intitialized CarryAnimationMixin.injectCarryAnimation: net.minecraft.client.renderer.entity.state.ZombieRenderState@34e257ff
[14:30:13] [Render thread/INFO] (Minecraft) [STDOUT]: intitialized CarryAnimationMixin.injectCarryAnimation: net.minecraft.client.renderer.entity.state.ZombieRenderState@34e257ff
[14:30:13] [Render thread/INFO] (Minecraft) [STDOUT]: intitialized CarryAnimationMixin.injectCarryAnimation: net.minecraft.client.renderer.entity.state.ZombieRenderState@4ea23481
[14:30:13] [Render thread/INFO] (Minecraft) [STDOUT]: intitialized CarryAnimationMixin.injectCarryAnimation: net.minecraft.client.renderer.entity.state.ZombieRenderState@4ea23481
[14:30:13] [Render thread/INFO] (Minecraft) [STDOUT]: intitialized CarryAnimationMixin.injectCarryAnimation: net.minecraft.client.renderer.entity.state.ZombieRenderState@6d0fc5ad
[14:30:13] [Render thread/INFO] (Minecraft) [STDOUT]: intitialized CarryAnimationMixin.injectCarryAnimation: net.minecraft.client.renderer.entity.state.ZombieRenderState@6d0fc5ad
[14:30:13] [Render thread/INFO] (Minecraft) [STDOUT]: intitialized CarryAnimationMixin.injectCarryAnimation: net.minecraft.client.renderer.entity.state.ZombieRenderState@79aa053f
[14:30:13] [Render thread/INFO] (Minecraft) [STDOUT]: intitialized CarryAnimationMixin.injectCarryAnimation: net.minecraft.client.renderer.entity.state.ZombieRenderState@79aa053f
[14:30:13] [Render thread/INFO] (Minecraft) [STDOUT]: intitialized CarryAnimationMixin.injectCarryAnimation: net.minecraft.client.renderer.entity.state.ZombieRenderState@5fd1f85a
[14:30:13] [Render thread/INFO] (Minecraft) [STDOUT]: intitialized CarryAnimationMixin.injectCarryAnimation: net.minecraft.client.renderer.entity.state.ZombieRenderState@5fd1f85a
[14:30:13] [Render thread/INFO] (Minecraft) [STDOUT]: intitialized CarryAnimationMixin.injectCarryAnimation: net.minecraft.client.renderer.entity.state.ZombieRenderState@13b9460c
[14:30:13] [Render thread/INFO] (Minecraft) [STDOUT]: intitialized CarryAnimationMixin.injectCarryAnimation: net.minecraft.client.renderer.entity.state.ZombieRenderState@13b9460c
[14:30:13] [Render thread/INFO] (Minecraft) [STDOUT]: intitialized CarryAnimationMixin.injectCarryAnimation: net.minecraft.client.renderer.entity.state.ZombieRenderState@3a133ab9
[14:30:13] [Render thread/INFO] (Minecraft) [STDOUT]: intitialized CarryAnimationMixin.injectCarryAnimation: net.minecraft.client.renderer.entity.state.ZombieRenderState@3a133ab9
[14:30:13] [Render thread/INFO] (Minecraft) [STDOUT]: intitialized CarryAnimationMixin.injectCarryAnimation: net.minecraft.client.renderer.entity.state.ZombieRenderState@6ad00689
[14:30:13] [Render thread/INFO] (Minecraft) [STDOUT]: intitialized CarryAnimationMixin.injectCarryAnimation: net.minecraft.client.renderer.entity.state.ZombieRenderState@6ad00689
[14:30:13] [Render thread/INFO] (Minecraft) [STDOUT]: intitialized CarryAnimationMixin.injectCarryAnimation: net.minecraft.client.renderer.entity.state.ZombieRenderState@2c56faef
[14:30:13] [Render thread/INFO] (Minecraft) [STDOUT]: intitialized CarryAnimationMixin.injectCarryAnimation: net.minecraft.client.renderer.entity.state.ZombieRenderState@2c56faef
[14:30:13] [Render thread/INFO] (Minecraft) [STDOUT]: intitialized CarryAnimationMixin.injectCarryAnimation: net.minecraft.client.renderer.entity.state.ZombieRenderState@7506404f
[14:30:13] [Render thread/INFO] (Minecraft) [STDOUT]: intitialized CarryAnimationMixin.injectCarryAnimation: net.minecraft.client.renderer.entity.state.ZombieRenderState@7506404f
[14:30:13] [Render thread/INFO] (Minecraft) [STDOUT]: intitialized CarryAnimationMixin.injectCarryAnimation: net.minecraft.client.renderer.entity.state.ZombieRenderState@56637aa4
[14:30:13] [Render thread/INFO] (Minecraft) [STDOUT]: intitialized CarryAnimationMixin.injectCarryAnimation: net.minecraft.client.renderer.entity.state.ZombieRenderState@56637aa4
[14:30:13] [Render thread/INFO] (Minecraft) [STDOUT]: intitialized CarryAnimationMixin.injectCarryAnimation: net.minecraft.client.renderer.entity.state.ZombieRenderState@3cedcaaf
[14:30:13] [Render thread/INFO] (Minecraft) [STDOUT]: intitialized CarryAnimationMixin.injectCarryAnimation: net.minecraft.client.renderer.entity.state.ZombieRenderState@3cedcaaf
[14:30:13] [Render thread/INFO] (Minecraft) [STDOUT]: intitialized CarryAnimationMixin.injectCarryAnimation: net.minecraft.client.renderer.entity.state.ZombieRenderState@2777de5f
[14:30:13] [Render thread/INFO] (Minecraft) [STDOUT]: intitialized CarryAnimationMixin.injectCarryAnimation: net.minecraft.client.renderer.entity.state.ZombieRenderState@2777de5f
[14:30:13] [Render thread/INFO] (Minecraft) [STDOUT]: intitialized CarryAnimationMixin.injectCarryAnimation: net.minecraft.client.renderer.entity.state.ZombieRenderState@6034f6c6
[14:30:13] [Render thread/INFO] (Minecraft) [STDOUT]: intitialized CarryAnimationMixin.injectCarryAnimation: net.minecraft.client.renderer.entity.state.ZombieRenderState@6034f6c6
[14:30:13] [Render thread/INFO] (Minecraft) [STDOUT]: intitialized CarryAnimationMixin.injectCarryAnimation: net.minecraft.client.renderer.entity.state.ZombieRenderState@2d4f063e
[14:30:13] [Render thread/INFO] (Minecraft) [STDOUT]: intitialized CarryAnimationMixin.injectCarryAnimation: net.minecraft.client.renderer.entity.state.ZombieRenderState@2d4f063e
[14:30:13] [Render thread/INFO] (Minecraft) [STDOUT]: intitialized CarryAnimationMixin.injectCarryAnimation: net.minecraft.client.renderer.entity.state.ZombieRenderState@66b9b517
[14:30:13] [Render thread/INFO] (Minecraft) [STDOUT]: intitialized CarryAnimationMixin.injectCarryAnimation: net.minecraft.client.renderer.entity.state.ZombieRenderState@66b9b517
[14:30:13] [Render thread/INFO] (Minecraft) [STDOUT]: intitialized CarryAnimationMixin.injectCarryAnimation: net.minecraft.client.renderer.entity.state.ZombieRenderState@217cedc0
[14:30:13] [Render thread/INFO] (Minecraft) [STDOUT]: intitialized CarryAnimationMixin.injectCarryAnimation: net.minecraft.client.renderer.entity.state.ZombieRenderState@217cedc0
[14:30:13] [Render thread/INFO] (Minecraft) [STDOUT]: intitialized CarryAnimationMixin.injectCarryAnimation: net.minecraft.client.renderer.entity.state.ZombieRenderState@74577127
[14:30:13] [Render thread/INFO] (Minecraft) [STDOUT]: intitialized CarryAnimationMixin.injectCarryAnimation: net.minecraft.client.renderer.entity.state.ZombieRenderState@74577127
[14:30:13] [Render thread/INFO] (Minecraft) [STDOUT]: intitialized CarryAnimationMixin.injectCarryAnimation: net.minecraft.client.renderer.entity.state.ZombieRenderState@23e95f7e
[14:30:13] [Render thread/INFO] (Minecraft) [STDOUT]: intitialized CarryAnimationMixin.injectCarryAnimation: net.minecraft.client.renderer.entity.state.ZombieRenderState@23e95f7e
[14:30:13] [Render thread/INFO] (Minecraft) [STDOUT]: intitialized CarryAnimationMixin.injectCarryAnimation: net.minecraft.client.renderer.entity.state.ZombieRenderState@8d34719
[14:30:13] [Render thread/INFO] (Minecraft) [STDOUT]: intitialized CarryAnimationMixin.injectCarryAnimation: net.minecraft.client.renderer.entity.state.ZombieRenderState@8d34719
[14:30:13] [Render thread/INFO] (Minecraft) [STDOUT]: intitialized CarryAnimationMixin.injectCarryAnimation: net.minecraft.client.renderer.entity.state.ZombieRenderState@1162790
[14:30:13] [Render thread/INFO] (Minecraft) [STDOUT]: intitialized CarryAnimationMixin.injectCarryAnimation: net.minecraft.client.renderer.entity.state.ZombieRenderState@1162790
[14:30:13] [Render thread/INFO] (Minecraft) [STDOUT]: intitialized CarryAnimationMixin.injectCarryAnimation: net.minecraft.client.renderer.entity.state.ZombieRenderState@686d9a63
[14:30:13] [Render thread/INFO] (Minecraft) [STDOUT]: intitialized CarryAnimationMixin.injectCarryAnimation: net.minecraft.client.renderer.entity.state.ZombieRenderState@686d9a63
[14:30:13] [Render thread/INFO] (Minecraft) [STDOUT]: intitialized CarryAnimationMixin.injectCarryAnimation: net.minecraft.client.renderer.entity.state.ZombieRenderState@7a14f3f8
[14:30:13] [Render thread/INFO] (Minecraft) [STDOUT]: intitialized CarryAnimationMixin.injectCarryAnimation: net.minecraft.client.renderer.entity.state.ZombieRenderState@7a14f3f8
[14:30:13] [Render thread/INFO] (Minecraft) [STDOUT]: intitialized CarryAnimationMixin.injectCarryAnimation: net.minecraft.client.renderer.entity.state.ZombieRenderState@9296b5d
[14:30:13] [Render thread/INFO] (Minecraft) [STDOUT]: intitialized CarryAnimationMixin.injectCarryAnimation: net.minecraft.client.renderer.entity.state.ZombieRenderState@9296b5d
[14:30:13] [Render thread/INFO] (Minecraft) [STDOUT]: intitialized CarryAnimationMixin.injectCarryAnimation: net.minecraft.client.renderer.entity.state.ZombieRenderState@39b3f74f
[14:30:13] [Render thread/INFO] (Minecraft) [STDOUT]: intitialized CarryAnimationMixin.injectCarryAnimation: net.minecraft.client.renderer.entity.state.ZombieRenderState@39b3f74f
[14:30:13] [Render thread/INFO] (Minecraft) [STDOUT]: intitialized CarryAnimationMixin.injectCarryAnimation: net.minecraft.client.renderer.entity.state.ZombieRenderState@3d09cc98
[14:30:13] [Render thread/INFO] (Minecraft) [STDOUT]: intitialized CarryAnimationMixin.injectCarryAnimation: net.minecraft.client.renderer.entity.state.ZombieRenderState@3d09cc98
[14:30:13] [Render thread/INFO] (Minecraft) [STDOUT]: intitialized CarryAnimationMixin.injectCarryAnimation: net.minecraft.client.renderer.entity.state.ZombieRenderState@60df73f2
[14:30:13] [Render thread/INFO] (Minecraft) [STDOUT]: intitialized CarryAnimationMixin.injectCarryAnimation: net.minecraft.client.renderer.entity.state.ZombieRenderState@60df73f2
[14:30:13] [Render thread/INFO] (Minecraft) [STDOUT]: intitialized CarryAnimationMixin.injectCarryAnimation: net.minecraft.client.renderer.entity.state.ZombieRenderState@226e8f37
[14:30:13] [Render thread/INFO] (Minecraft) [STDOUT]: intitialized CarryAnimationMixin.injectCarryAnimation: net.minecraft.client.renderer.entity.state.ZombieRenderState@226e8f37
[14:30:13] [Render thread/INFO] (Minecraft) [STDOUT]: intitialized CarryAnimationMixin.injectCarryAnimation: net.minecraft.client.renderer.entity.state.ZombieRenderState@4c11dba
[14:30:13] [Render thread/INFO] (Minecraft) [STDOUT]: intitialized CarryAnimationMixin.injectCarryAnimation: net.minecraft.client.renderer.entity.state.ZombieRenderState@4c11dba
[14:30:13] [Render thread/INFO] (Minecraft) [STDOUT]: intitialized CarryAnimationMixin.injectCarryAnimation: net.minecraft.client.renderer.entity.state.ZombieRenderState@77df7cb6
[14:30:13] [Render thread/INFO] (Minecraft) [STDOUT]: intitialized CarryAnimationMixin.injectCarryAnimation: net.minecraft.client.renderer.entity.state.ZombieRenderState@77df7cb6
[14:30:13] [Render thread/INFO] (Minecraft) [STDOUT]: intitialized CarryAnimationMixin.injectCarryAnimation: net.minecraft.client.renderer.entity.state.ZombieRenderState@36e50af3
[14:30:13] [Render thread/INFO] (Minecraft) [STDOUT]: intitialized CarryAnimationMixin.injectCarryAnimation: net.minecraft.client.renderer.entity.state.ZombieRenderState@36e50af3
[14:30:13] [Render thread/INFO] (Minecraft) [STDOUT]: intitialized CarryAnimationMixin.injectCarryAnimation: net.minecraft.client.renderer.entity.state.ZombieRenderState@3a53fa55
[14:30:13] [Render thread/INFO] (Minecraft) [STDOUT]: intitialized CarryAnimationMixin.injectCarryAnimation: net.minecraft.client.renderer.entity.state.ZombieRenderState@3a53fa55
[14:30:13] [Render thread/INFO] (Minecraft) [STDOUT]: intitialized CarryAnimationMixin.injectCarryAnimation: net.minecraft.client.renderer.entity.state.ZombieRenderState@70175272
[14:30:13] [Render thread/INFO] (Minecraft) [STDOUT]: intitialized CarryAnimationMixin.injectCarryAnimation: net.minecraft.client.renderer.entity.state.ZombieRenderState@70175272
[14:30:13] [Render thread/INFO] (Minecraft) [STDOUT]: intitialized CarryAnimationMixin.injectCarryAnimation: net.minecraft.client.renderer.entity.state.ZombieRenderState@65a1f3a0
[14:30:13] [Render thread/INFO] (Minecraft) [STDOUT]: intitialized CarryAnimationMixin.injectCarryAnimation: net.minecraft.client.renderer.entity.state.ZombieRenderState@65a1f3a0
[14:30:13] [Render thread/INFO] (Minecraft) [STDOUT]: intitialized CarryAnimationMixin.injectCarryAnimation: net.minecraft.client.renderer.entity.state.ZombieRenderState@7b0ddf75
[14:30:13] [Render thread/INFO] (Minecraft) [STDOUT]: intitialized CarryAnimationMixin.injectCarryAnimation: net.minecraft.client.renderer.entity.state.ZombieRenderState@7b0ddf75
[14:30:13] [Render thread/INFO] (Minecraft) [STDOUT]: intitialized CarryAnimationMixin.injectCarryAnimation: net.minecraft.client.renderer.entity.state.ZombieRenderState@5ea90313
[14:30:13] [Render thread/INFO] (Minecraft) [STDOUT]: intitialized CarryAnimationMixin.injectCarryAnimation: net.minecraft.client.renderer.entity.state.ZombieRenderState@5ea90313
[14:30:13] [Render thread/INFO] (Minecraft) [STDOUT]: intitialized CarryAnimationMixin.injectCarryAnimation: net.minecraft.client.renderer.entity.state.ZombieRenderState@14e74e76
[14:30:13] [Render thread/INFO] (Minecraft) [STDOUT]: intitialized CarryAnimationMixin.injectCarryAnimation: net.minecraft.client.renderer.entity.state.ZombieRenderState@14e74e76
[14:30:13] [Render thread/INFO] (Minecraft) [STDOUT]: intitialized CarryAnimationMixin.injectCarryAnimation: net.minecraft.client.renderer.entity.state.ZombieRenderState@7eb193b9
[14:30:13] [Render thread/INFO] (Minecraft) [STDOUT]: intitialized CarryAnimationMixin.injectCarryAnimation: net.minecraft.client.renderer.entity.state.ZombieRenderState@7eb193b9
[14:30:13] [Render thread/INFO] (Minecraft) [STDOUT]: intitialized CarryAnimationMixin.injectCarryAnimation: net.minecraft.client.renderer.entity.state.ZombieRenderState@6b520d6d
[14:30:13] [Render thread/INFO] (Minecraft) [STDOUT]: intitialized CarryAnimationMixin.injectCarryAnimation: net.minecraft.client.renderer.entity.state.ZombieRenderState@6b520d6d
[14:30:13] [Render thread/INFO] (Minecraft) [STDOUT]: intitialized CarryAnimationMixin.injectCarryAnimation: net.minecraft.client.renderer.entity.state.ZombieRenderState@7df53a8f
[14:30:13] [Render thread/INFO] (Minecraft) [STDOUT]: intitialized CarryAnimationMixin.injectCarryAnimation: net.minecraft.client.renderer.entity.state.ZombieRenderState@7df53a8f
[14:30:13] [Render thread/INFO] (Minecraft) [STDOUT]: intitialized CarryAnimationMixin.injectCarryAnimation: net.minecraft.client.renderer.entity.state.ZombieRenderState@21913222
[14:30:13] [Render thread/INFO] (Minecraft) [STDOUT]: intitialized CarryAnimationMixin.injectCarryAnimation: net.minecraft.client.renderer.entity.state.ZombieRenderState@21913222
[14:30:13] [Render thread/INFO] (Minecraft) [STDOUT]: intitialized CarryAnimationMixin.injectCarryAnimation: net.minecraft.client.renderer.entity.state.ZombieRenderState@5ad36a18
[14:30:13] [Render thread/INFO] (Minecraft) [STDOUT]: intitialized CarryAnimationMixin.injectCarryAnimation: net.minecraft.client.renderer.entity.state.ZombieRenderState@5ad36a18
[14:30:13] [Render thread/INFO] (Minecraft) [STDOUT]: intitialized CarryAnimationMixin.injectCarryAnimation: net.minecraft.client.renderer.entity.state.ZombieRenderState@ea6028f
[14:30:13] [Render thread/INFO] (Minecraft) [STDOUT]: intitialized CarryAnimationMixin.injectCarryAnimation: net.minecraft.client.renderer.entity.state.ZombieRenderState@ea6028f
[14:30:13] [Render thread/INFO] (Minecraft) [STDOUT]: intitialized CarryAnimationMixin.injectCarryAnimation: net.minecraft.client.renderer.entity.state.ZombieRenderState@273d3665
[14:30:13] [Render thread/INFO] (Minecraft) [STDOUT]: intitialized CarryAnimationMixin.injectCarryAnimation: net.minecraft.client.renderer.entity.state.ZombieRenderState@273d3665
[14:30:13] [Render thread/INFO] (Minecraft) [STDOUT]: intitialized CarryAnimationMixin.injectCarryAnimation: net.minecraft.client.renderer.entity.state.ZombieRenderState@f951082
[14:30:13] [Render thread/INFO] (Minecraft) [STDOUT]: intitialized CarryAnimationMixin.injectCarryAnimation: net.minecraft.client.renderer.entity.state.ZombieRenderState@f951082
[14:30:13] [Render thread/INFO] (Minecraft) [STDOUT]: intitialized CarryAnimationMixin.injectCarryAnimation: net.minecraft.client.renderer.entity.state.ZombieRenderState@4ed728c2
[14:30:13] [Render thread/INFO] (Minecraft) [STDOUT]: intitialized CarryAnimationMixin.injectCarryAnimation: net.minecraft.client.renderer.entity.state.ZombieRenderState@4ed728c2
[14:30:13] [Render thread/INFO] (Minecraft) [STDOUT]: intitialized CarryAnimationMixin.injectCarryAnimation: net.minecraft.client.renderer.entity.state.ZombieRenderState@705be9ed
[14:30:13] [Render thread/INFO] (Minecraft) [STDOUT]: intitialized CarryAnimationMixin.injectCarryAnimation: net.minecraft.client.renderer.entity.state.ZombieRenderState@705be9ed
[14:30:13] [Render thread/INFO] (Minecraft) [STDOUT]: intitialized CarryAnimationMixin.injectCarryAnimation: net.minecraft.client.renderer.entity.state.ZombieRenderState@3e1b779d
[14:30:13] [Render thread/INFO] (Minecraft) [STDOUT]: intitialized CarryAnimationMixin.injectCarryAnimation: net.minecraft.client.renderer.entity.state.ZombieRenderState@3e1b779d
[14:30:13] [Render thread/INFO] (Minecraft) [STDOUT]: intitialized CarryAnimationMixin.injectCarryAnimation: net.minecraft.client.renderer.entity.state.ZombieRenderState@192d71dc
[14:30:13] [Render thread/INFO] (Minecraft) [STDOUT]: intitialized CarryAnimationMixin.injectCarryAnimation: net.minecraft.client.renderer.entity.state.ZombieRenderState@192d71dc
[14:30:13] [Render thread/INFO] (Minecraft) [STDOUT]: intitialized CarryAnimationMixin.injectCarryAnimation: net.minecraft.client.renderer.entity.state.ZombieRenderState@6e4bcb03
[14:30:13] [Render thread/INFO] (Minecraft) [STDOUT]: intitialized CarryAnimationMixin.injectCarryAnimation: net.minecraft.client.renderer.entity.state.ZombieRenderState@6e4bcb03
[14:30:13] [Render thread/INFO] (Minecraft) [STDOUT]: intitialized CarryAnimationMixin.injectCarryAnimation: net.minecraft.client.renderer.entity.state.ZombieRenderState@2432739a
[14:30:13] [Render thread/INFO] (Minecraft) [STDOUT]: intitialized CarryAnimationMixin.injectCarryAnimation: net.minecraft.client.renderer.entity.state.ZombieRenderState@2432739a
[14:30:13] [Render thread/INFO] (Minecraft) [STDOUT]: intitialized CarryAnimationMixin.injectCarryAnimation: net.minecraft.client.renderer.entity.state.ZombieRenderState@56635551
[14:30:13] [Render thread/INFO] (Minecraft) [STDOUT]: intitialized CarryAnimationMixin.injectCarryAnimation: net.minecraft.client.renderer.entity.state.ZombieRenderState@56635551
[14:30:13] [Render thread/INFO] (Minecraft) [STDOUT]: intitialized CarryAnimationMixin.injectCarryAnimation: net.minecraft.client.renderer.entity.state.ZombieRenderState@66409f4d
[14:30:13] [Render thread/INFO] (Minecraft) [STDOUT]: intitialized CarryAnimationMixin.injectCarryAnimation: net.minecraft.client.renderer.entity.state.ZombieRenderState@66409f4d
[14:30:13] [Render thread/INFO] (Minecraft) [STDOUT]: intitialized CarryAnimationMixin.injectCarryAnimation: net.minecraft.client.renderer.entity.state.ZombieRenderState@256e9d40
[14:30:13] [Render thread/INFO] (Minecraft) [STDOUT]: intitialized CarryAnimationMixin.injectCarryAnimation: net.minecraft.client.renderer.entity.state.ZombieRenderState@256e9d40
[14:30:13] [Render thread/INFO] (Minecraft) [STDOUT]: intitialized CarryAnimationMixin.injectCarryAnimation: net.minecraft.client.renderer.entity.state.ZombieRenderState@12f794d4
[14:30:13] [Render thread/INFO] (Minecraft) [STDOUT]: intitialized CarryAnimationMixin.injectCarryAnimation: net.minecraft.client.renderer.entity.state.ZombieRenderState@12f794d4
[14:30:13] [Render thread/INFO] (Minecraft) [STDOUT]: intitialized CarryAnimationMixin.injectCarryAnimation: net.minecraft.client.renderer.entity.state.ZombieRenderState@5e728206
[14:30:13] [Render thread/INFO] (Minecraft) [STDOUT]: intitialized CarryAnimationMixin.injectCarryAnimation: net.minecraft.client.renderer.entity.state.ZombieRenderState@5e728206
[14:30:13] [Render thread/INFO] (Minecraft) [STDOUT]: intitialized CarryAnimationMixin.injectCarryAnimation: net.minecraft.client.renderer.entity.state.ZombieRenderState@3caac472
[14:30:13] [Render thread/INFO] (Minecraft) [STDOUT]: intitialized CarryAnimationMixin.injectCarryAnimation: net.minecraft.client.renderer.entity.state.ZombieRenderState@3caac472
[14:30:13] [Render thread/INFO] (Minecraft) [STDOUT]: intitialized CarryAnimationMixin.injectCarryAnimation: net.minecraft.client.renderer.entity.state.ZombieRenderState@6d7fda3a
[14:30:13] [Render thread/INFO] (Minecraft) [STDOUT]: intitialized CarryAnimationMixin.injectCarryAnimation: net.minecraft.client.renderer.entity.state.ZombieRenderState@6d7fda3a
[14:30:13] [Render thread/INFO] (Minecraft) [STDOUT]: intitialized CarryAnimationMixin.injectCarryAnimation: net.minecraft.client.renderer.entity.state.ZombieRenderState@4380b275
[14:30:13] [Render thread/INFO] (Minecraft) [STDOUT]: intitialized CarryAnimationMixin.injectCarryAnimation: net.minecraft.client.renderer.entity.state.ZombieRenderState@4380b275
[14:30:13] [Render thread/INFO] (Minecraft) [STDOUT]: intitialized CarryAnimationMixin.injectCarryAnimation: net.minecraft.client.renderer.entity.state.ZombieRenderState@9287ab1
[14:30:13] [Render thread/INFO] (Minecraft) [STDOUT]: intitialized CarryAnimationMixin.injectCarryAnimation: net.minecraft.client.renderer.entity.state.ZombieRenderState@9287ab1
[14:30:13] [Render thread/INFO] (Minecraft) [STDOUT]: intitialized CarryAnimationMixin.injectCarryAnimation: net.minecraft.client.renderer.entity.state.ZombieRenderState@63cba6b2
[14:30:13] [Render thread/INFO] (Minecraft) [STDOUT]: intitialized CarryAnimationMixin.injectCarryAnimation: net.minecraft.client.renderer.entity.state.ZombieRenderState@63cba6b2
[14:30:13] [Render thread/INFO] (Minecraft) [STDOUT]: intitialized CarryAnimationMixin.injectCarryAnimation: net.minecraft.client.renderer.entity.state.ZombieRenderState@70f60efb
[14:30:13] [Render thread/INFO] (Minecraft) [STDOUT]: intitialized CarryAnimationMixin.injectCarryAnimation: net.minecraft.client.renderer.entity.state.ZombieRenderState@70f60efb
[14:30:13] [Render thread/INFO] (Minecraft) [STDOUT]: intitialized CarryAnimationMixin.injectCarryAnimation: net.minecraft.client.renderer.entity.state.ZombieRenderState@3623198a
[14:30:13] [Render thread/INFO] (Minecraft) [STDOUT]: intitialized CarryAnimationMixin.injectCarryAnimation: net.minecraft.client.renderer.entity.state.ZombieRenderState@3623198a
[14:30:13] [Render thread/INFO] (Minecraft) [STDOUT]: intitialized CarryAnimationMixin.injectCarryAnimation: net.minecraft.client.renderer.entity.state.ZombieRenderState@7c94100d
[14:30:13] [Render thread/INFO] (Minecraft) [STDOUT]: intitialized CarryAnimationMixin.injectCarryAnimation: net.minecraft.client.renderer.entity.state.ZombieRenderState@7c94100d
[14:30:13] [Render thread/INFO] (Minecraft) [STDOUT]: intitialized CarryAnimationMixin.injectCarryAnimation: net.minecraft.client.renderer.entity.state.ZombieRenderState@4254d71b
[14:30:13] [Render thread/INFO] (Minecraft) [STDOUT]: intitialized CarryAnimationMixin.injectCarryAnimation: net.minecraft.client.renderer.entity.state.ZombieRenderState@4254d71b
[14:30:13] [Render thread/INFO] (Minecraft) [STDOUT]: intitialized CarryAnimationMixin.injectCarryAnimation: net.minecraft.client.renderer.entity.state.ZombieRenderState@709c4712
[14:30:13] [Render thread/INFO] (Minecraft) [STDOUT]: intitialized CarryAnimationMixin.injectCarryAnimation: net.minecraft.client.renderer.entity.state.ZombieRenderState@709c4712
[14:30:13] [Render thread/INFO] (Minecraft) [STDOUT]: intitialized CarryAnimationMixin.injectCarryAnimation: net.minecraft.client.renderer.entity.state.ZombieRenderState@1494ba15
[14:30:13] [Render thread/INFO] (Minecraft) [STDOUT]: intitialized CarryAnimationMixin.injectCarryAnimation: net.minecraft.client.renderer.entity.state.ZombieRenderState@1494ba15
[14:30:13] [Render thread/INFO] (Minecraft) [STDOUT]: intitialized CarryAnimationMixin.injectCarryAnimation: net.minecraft.client.renderer.entity.state.ZombieRenderState@3aec0693
[14:30:13] [Render thread/INFO] (Minecraft) [STDOUT]: intitialized CarryAnimationMixin.injectCarryAnimation: net.minecraft.client.renderer.entity.state.ZombieRenderState@3aec0693
[14:30:13] [Render thread/INFO] (Minecraft) [STDOUT]: intitialized CarryAnimationMixin.injectCarryAnimation: net.minecraft.client.renderer.entity.state.ZombieRenderState@37427465
[14:30:13] [Render thread/INFO] (Minecraft) [STDOUT]: intitialized CarryAnimationMixin.injectCarryAnimation: net.minecraft.client.renderer.entity.state.ZombieRenderState@37427465
[14:30:13] [Render thread/INFO] (Minecraft) [STDOUT]: intitialized CarryAnimationMixin.injectCarryAnimation: net.minecraft.client.renderer.entity.state.ZombieRenderState@25f40148
[14:30:13] [Render thread/INFO] (Minecraft) [STDOUT]: intitialized CarryAnimationMixin.injectCarryAnimation: net.minecraft.client.renderer.entity.state.ZombieRenderState@25f40148
[14:30:13] [Render thread/INFO] (Minecraft) [STDOUT]: intitialized CarryAnimationMixin.injectCarryAnimation: net.minecraft.client.renderer.entity.state.ZombieRenderState@4e03077c
[14:30:13] [Render thread/INFO] (Minecraft) [STDOUT]: intitialized CarryAnimationMixin.injectCarryAnimation: net.minecraft.client.renderer.entity.state.ZombieRenderState@4e03077c
[14:30:13] [Render thread/INFO] (Minecraft) [STDOUT]: intitialized CarryAnimationMixin.injectCarryAnimation: net.minecraft.client.renderer.entity.state.ZombieRenderState@6ac6b385
[14:30:13] [Render thread/INFO] (Minecraft) [STDOUT]: intitialized CarryAnimationMixin.injectCarryAnimation: net.minecraft.client.renderer.entity.state.ZombieRenderState@6ac6b385
[14:30:13] [Render thread/INFO] (Minecraft) [STDOUT]: intitialized CarryAnimationMixin.injectCarryAnimation: net.minecraft.client.renderer.entity.state.ZombieRenderState@6fbd01d4
[14:30:13] [Render thread/INFO] (Minecraft) [STDOUT]: intitialized CarryAnimationMixin.injectCarryAnimation: net.minecraft.client.renderer.entity.state.ZombieRenderState@6fbd01d4
[14:30:13] [Render thread/INFO] (Minecraft) [STDOUT]: intitialized CarryAnimationMixin.injectCarryAnimation: net.minecraft.client.renderer.entity.state.ZombieRenderState@71bd5909
[14:30:13] [Render thread/INFO] (Minecraft) [STDOUT]: intitialized CarryAnimationMixin.injectCarryAnimation: net.minecraft.client.renderer.entity.state.ZombieRenderState@71bd5909
[14:30:13] [Render thread/INFO] (Minecraft) [STDOUT]: intitialized CarryAnimationMixin.injectCarryAnimation: net.minecraft.client.renderer.entity.state.ZombieRenderState@27d388a5
[14:30:13] [Render thread/INFO] (Minecraft) [STDOUT]: intitialized CarryAnimationMixin.injectCarryAnimation: net.minecraft.client.renderer.entity.state.ZombieRenderState@27d388a5
[14:30:13] [Render thread/INFO] (Minecraft) [STDOUT]: intitialized CarryAnimationMixin.injectCarryAnimation: net.minecraft.client.renderer.entity.state.ZombieRenderState@78d64d41
[14:30:13] [Render thread/INFO] (Minecraft) [STDOUT]: intitialized CarryAnimationMixin.injectCarryAnimation: net.minecraft.client.renderer.entity.state.ZombieRenderState@78d64d41
[14:30:13] [Render thread/INFO] (Minecraft) [STDOUT]: intitialized CarryAnimationMixin.injectCarryAnimation: net.minecraft.client.renderer.entity.state.ZombieRenderState@7f62502e
[14:30:13] [Render thread/INFO] (Minecraft) [STDOUT]: intitialized CarryAnimationMixin.injectCarryAnimation: net.minecraft.client.renderer.entity.state.ZombieRenderState@7f62502e
[14:30:13] [Render thread/INFO] (Minecraft) [STDOUT]: intitialized CarryAnimationMixin.injectCarryAnimation: net.minecraft.client.renderer.entity.state.ZombieRenderState@648c3bda
[14:30:13] [Render thread/INFO] (Minecraft) [STDOUT]: intitialized CarryAnimationMixin.injectCarryAnimation: net.minecraft.client.renderer.entity.state.ZombieRenderState@648c3bda
[14:30:13] [Render thread/INFO] (Minecraft) [STDOUT]: intitialized CarryAnimationMixin.injectCarryAnimation: net.minecraft.client.renderer.entity.state.ZombieRenderState@5fa1114e
[14:30:13] [Render thread/INFO] (Minecraft) [STDOUT]: intitialized CarryAnimationMixin.injectCarryAnimation: net.minecraft.client.renderer.entity.state.ZombieRenderState@5fa1114e
[14:30:13] [Render thread/INFO] (Minecraft) [STDOUT]: intitialized CarryAnimationMixin.injectCarryAnimation: net.minecraft.client.renderer.entity.state.ZombieRenderState@15d7e3be
[14:30:13] [Render thread/INFO] (Minecraft) [STDOUT]: intitialized CarryAnimationMixin.injectCarryAnimation: net.minecraft.client.renderer.entity.state.ZombieRenderState@15d7e3be
[14:30:13] [Render thread/INFO] (Minecraft) [STDOUT]: intitialized CarryAnimationMixin.injectCarryAnimation: net.minecraft.client.renderer.entity.state.ZombieRenderState@120d5d
[14:30:13] [Render thread/INFO] (Minecraft) [STDOUT]: intitialized CarryAnimationMixin.injectCarryAnimation: net.minecraft.client.renderer.entity.state.ZombieRenderState@120d5d
[14:30:13] [Render thread/INFO] (Minecraft) [STDOUT]: intitialized CarryAnimationMixin.injectCarryAnimation: net.minecraft.client.renderer.entity.state.ZombieRenderState@31eaa637
[14:30:13] [Render thread/INFO] (Minecraft) [STDOUT]: intitialized CarryAnimationMixin.injectCarryAnimation: net.minecraft.client.renderer.entity.state.ZombieRenderState@31eaa637
[14:30:13] [Render thread/INFO] (Minecraft) [STDOUT]: intitialized CarryAnimationMixin.injectCarryAnimation: net.minecraft.client.renderer.entity.state.ZombieRenderState@38cc9b2e
[14:30:13] [Render thread/INFO] (Minecraft) [STDOUT]: intitialized CarryAnimationMixin.injectCarryAnimation: net.minecraft.client.renderer.entity.state.ZombieRenderState@38cc9b2e
[14:30:13] [Render thread/INFO] (Minecraft) [STDOUT]: intitialized CarryAnimationMixin.injectCarryAnimation: net.minecraft.client.renderer.entity.state.ZombieRenderState@14e7cf01
[14:30:13] [Render thread/INFO] (Minecraft) [STDOUT]: intitialized CarryAnimationMixin.injectCarryAnimation: net.minecraft.client.renderer.entity.state.ZombieRenderState@14e7cf01
[14:30:13] [Render thread/INFO] (Minecraft) [STDOUT]: intitialized CarryAnimationMixin.injectCarryAnimation: net.minecraft.client.renderer.entity.state.ZombieRenderState@705808b4
[14:30:13] [Render thread/INFO] (Minecraft) [STDOUT]: intitialized CarryAnimationMixin.injectCarryAnimation: net.minecraft.client.renderer.entity.state.ZombieRenderState@705808b4
[14:30:13] [Render thread/INFO] (Minecraft) [STDOUT]: intitialized CarryAnimationMixin.injectCarryAnimation: net.minecraft.client.renderer.entity.state.ZombieRenderState@2c11f87a
[14:30:13] [Render thread/INFO] (Minecraft) [STDOUT]: intitialized CarryAnimationMixin.injectCarryAnimation: net.minecraft.client.renderer.entity.state.ZombieRenderState@2c11f87a
[14:30:13] [Render thread/INFO] (Minecraft) [STDOUT]: intitialized CarryAnimationMixin.injectCarryAnimation: net.minecraft.client.renderer.entity.state.ZombieRenderState@52f16142
[14:30:14] [Render thread/INFO] (Minecraft) [STDOUT]: intitialized CarryAnimationMixin.injectCarryAnimation: net.minecraft.client.renderer.entity.state.ZombieRenderState@52f16142
[14:30:14] [Render thread/INFO] (Minecraft) [STDOUT]: intitialized CarryAnimationMixin.injectCarryAnimation: net.minecraft.client.renderer.entity.state.ZombieRenderState@784423da
[14:30:14] [Render thread/INFO] (Minecraft) [STDOUT]: intitialized CarryAnimationMixin.injectCarryAnimation: net.minecraft.client.renderer.entity.state.ZombieRenderState@784423da
[14:30:14] [Render thread/INFO] (Minecraft) [STDOUT]: intitialized CarryAnimationMixin.injectCarryAnimation: net.minecraft.client.renderer.entity.state.ZombieRenderState@48e989ce
[14:30:14] [Render thread/INFO] (Minecraft) [STDOUT]: intitialized CarryAnimationMixin.injectCarryAnimation: net.minecraft.client.renderer.entity.state.ZombieRenderState@48e989ce
[14:30:14] [Render thread/INFO] (Minecraft) [STDOUT]: intitialized CarryAnimationMixin.injectCarryAnimation: net.minecraft.client.renderer.entity.state.ZombieRenderState@6b987a81
[14:30:14] [Render thread/INFO] (Minecraft) [STDOUT]: intitialized CarryAnimationMixin.injectCarryAnimation: net.minecraft.client.renderer.entity.state.ZombieRenderState@6b987a81
[14:30:14] [Render thread/INFO] (Minecraft) [STDOUT]: intitialized CarryAnimationMixin.injectCarryAnimation: net.minecraft.client.renderer.entity.state.ZombieRenderState@323aedc1
[14:30:14] [Render thread/INFO] (Minecraft) [STDOUT]: intitialized CarryAnimationMixin.injectCarryAnimation: net.minecraft.client.renderer.entity.state.ZombieRenderState@323aedc1
[14:30:14] [Render thread/INFO] (Minecraft) [STDOUT]: intitialized CarryAnimationMixin.injectCarryAnimation: net.minecraft.client.renderer.entity.state.ZombieRenderState@6bb952af
[14:30:14] [Render thread/INFO] (Minecraft) [STDOUT]: intitialized CarryAnimationMixin.injectCarryAnimation: net.minecraft.client.renderer.entity.state.ZombieRenderState@6bb952af
[14:30:14] [Render thread/INFO] (Minecraft) [STDOUT]: intitialized CarryAnimationMixin.injectCarryAnimation: net.minecraft.client.renderer.entity.state.ZombieRenderState@6f1a01ef
[14:30:14] [Render thread/INFO] (Minecraft) [STDOUT]: intitialized CarryAnimationMixin.injectCarryAnimation: net.minecraft.client.renderer.entity.state.ZombieRenderState@6f1a01ef
[14:30:14] [Render thread/INFO] (Minecraft) [STDOUT]: intitialized CarryAnimationMixin.injectCarryAnimation: net.minecraft.client.renderer.entity.state.ZombieRenderState@477e32ff
[14:30:14] [Render thread/INFO] (Minecraft) [STDOUT]: intitialized CarryAnimationMixin.injectCarryAnimation: net.minecraft.client.renderer.entity.state.ZombieRenderState@477e32ff
[14:30:14] [Render thread/INFO] (Minecraft) [STDOUT]: intitialized CarryAnimationMixin.injectCarryAnimation: net.minecraft.client.renderer.entity.state.ZombieRenderState@224f8b34
[14:30:14] [Render thread/INFO] (Minecraft) [STDOUT]: intitialized CarryAnimationMixin.injectCarryAnimation: net.minecraft.client.renderer.entity.state.ZombieRenderState@224f8b34
[14:30:14] [Render thread/INFO] (Minecraft) [STDOUT]: intitialized CarryAnimationMixin.injectCarryAnimation: net.minecraft.client.renderer.entity.state.ZombieRenderState@3c68f516
[14:30:14] [Render thread/INFO] (Minecraft) [STDOUT]: intitialized CarryAnimationMixin.injectCarryAnimation: net.minecraft.client.renderer.entity.state.ZombieRenderState@3c68f516
[14:30:14] [Render thread/INFO] (Minecraft) [STDOUT]: intitialized CarryAnimationMixin.injectCarryAnimation: net.minecraft.client.renderer.entity.state.ZombieRenderState@a37d1ae
[14:30:14] [Render thread/INFO] (Minecraft) [STDOUT]: intitialized CarryAnimationMixin.injectCarryAnimation: net.minecraft.client.renderer.entity.state.ZombieRenderState@a37d1ae
[14:30:14] [Render thread/INFO] (Minecraft) [STDOUT]: intitialized CarryAnimationMixin.injectCarryAnimation: net.minecraft.client.renderer.entity.state.ZombieRenderState@547ffdf7
[14:30:14] [Render thread/INFO] (Minecraft) [STDOUT]: intitialized CarryAnimationMixin.injectCarryAnimation: net.minecraft.client.renderer.entity.state.ZombieRenderState@547ffdf7
[14:30:14] [Render thread/INFO] (Minecraft) [STDOUT]: intitialized CarryAnimationMixin.injectCarryAnimation: net.minecraft.client.renderer.entity.state.ZombieRenderState@436523c9
[14:30:14] [Render thread/INFO] (Minecraft) [STDOUT]: intitialized CarryAnimationMixin.injectCarryAnimation: net.minecraft.client.renderer.entity.state.ZombieRenderState@436523c9
[14:30:14] [Render thread/INFO] (Minecraft) [STDOUT]: intitialized CarryAnimationMixin.injectCarryAnimation: net.minecraft.client.renderer.entity.state.ZombieRenderState@38deaef6
[14:30:14] [Render thread/INFO] (Minecraft) [STDOUT]: intitialized CarryAnimationMixin.injectCarryAnimation: net.minecraft.client.renderer.entity.state.ZombieRenderState@38deaef6
[14:30:14] [Render thread/INFO] (Minecraft) [STDOUT]: intitialized CarryAnimationMixin.injectCarryAnimation: net.minecraft.client.renderer.entity.state.ZombieRenderState@4dfa7285
[14:30:14] [Render thread/INFO] (Minecraft) [STDOUT]: intitialized CarryAnimationMixin.injectCarryAnimation: net.minecraft.client.renderer.entity.state.ZombieRenderState@4dfa7285
[14:30:14] [Render thread/INFO] (Minecraft) [STDOUT]: intitialized CarryAnimationMixin.injectCarryAnimation: net.minecraft.client.renderer.entity.state.ZombieRenderState@9eccd2
[14:30:14] [Render thread/INFO] (Minecraft) [STDOUT]: intitialized CarryAnimationMixin.injectCarryAnimation: net.minecraft.client.renderer.entity.state.ZombieRenderState@9eccd2
[14:30:14] [Render thread/INFO] (Minecraft) [STDOUT]: intitialized CarryAnimationMixin.injectCarryAnimation: net.minecraft.client.renderer.entity.state.ZombieRenderState@9d0b981
[14:30:14] [Render thread/INFO] (Minecraft) [STDOUT]: intitialized CarryAnimationMixin.injectCarryAnimation: net.minecraft.client.renderer.entity.state.ZombieRenderState@9d0b981
[14:30:14] [Render thread/INFO] (Minecraft) [STDOUT]: intitialized CarryAnimationMixin.injectCarryAnimation: net.minecraft.client.renderer.entity.state.ZombieRenderState@7571d3d7
[14:30:14] [Render thread/INFO] (Minecraft) [STDOUT]: intitialized CarryAnimationMixin.injectCarryAnimation: net.minecraft.client.renderer.entity.state.ZombieRenderState@7571d3d7
[14:30:14] [Render thread/INFO] (Minecraft) [STDOUT]: intitialized CarryAnimationMixin.injectCarryAnimation: net.minecraft.client.renderer.entity.state.ZombieRenderState@57927dae
[14:30:14] [Render thread/INFO] (Minecraft) [STDOUT]: intitialized CarryAnimationMixin.injectCarryAnimation: net.minecraft.client.renderer.entity.state.ZombieRenderState@57927dae
[14:30:14] [Render thread/INFO] (Minecraft) [STDOUT]: intitialized CarryAnimationMixin.injectCarryAnimation: net.minecraft.client.renderer.entity.state.ZombieRenderState@231ec099
[14:30:14] [Render thread/INFO] (Minecraft) [STDOUT]: intitialized CarryAnimationMixin.injectCarryAnimation: net.minecraft.client.renderer.entity.state.ZombieRenderState@231ec099
[14:30:14] [Render thread/INFO] (Minecraft) [STDOUT]: intitialized CarryAnimationMixin.injectCarryAnimation: net.minecraft.client.renderer.entity.state.ZombieRenderState@24a9a78c
[14:30:14] [Render thread/INFO] (Minecraft) [STDOUT]: intitialized CarryAnimationMixin.injectCarryAnimation: net.minecraft.client.renderer.entity.state.ZombieRenderState@24a9a78c
[14:30:14] [Render thread/INFO] (Minecraft) [STDOUT]: intitialized CarryAnimationMixin.injectCarryAnimation: net.minecraft.client.renderer.entity.state.ZombieRenderState@5a14446f
[14:30:14] [Render thread/INFO] (Minecraft) [STDOUT]: intitialized CarryAnimationMixin.injectCarryAnimation: net.minecraft.client.renderer.entity.state.ZombieRenderState@5a14446f
[14:30:14] [Render thread/INFO] (Minecraft) [STDOUT]: intitialized CarryAnimationMixin.injectCarryAnimation: net.minecraft.client.renderer.entity.state.ZombieRenderState@1e2f3d8e
[14:30:14] [Render thread/INFO] (Minecraft) [STDOUT]: intitialized CarryAnimationMixin.injectCarryAnimation: net.minecraft.client.renderer.entity.state.ZombieRenderState@1e2f3d8e
[14:30:14] [Render thread/INFO] (Minecraft) [STDOUT]: intitialized CarryAnimationMixin.injectCarryAnimation: net.minecraft.client.renderer.entity.state.ZombieRenderState@4be02cda
[14:30:14] [Render thread/INFO] (Minecraft) [STDOUT]: intitialized CarryAnimationMixin.injectCarryAnimation: net.minecraft.client.renderer.entity.state.ZombieRenderState@4be02cda
[14:30:14] [Render thread/INFO] (Minecraft) [STDOUT]: intitialized CarryAnimationMixin.injectCarryAnimation: net.minecraft.client.renderer.entity.state.ZombieRenderState@229c67ed
[14:30:14] [Render thread/INFO] (Minecraft) [STDOUT]: intitialized CarryAnimationMixin.injectCarryAnimation: net.minecraft.client.renderer.entity.state.ZombieRenderState@229c67ed
[14:30:14] [Render thread/INFO] (Minecraft) [STDOUT]: intitialized CarryAnimationMixin.injectCarryAnimation: net.minecraft.client.renderer.entity.state.ZombieRenderState@5a5368ed
[14:30:14] [Render thread/INFO] (Minecraft) [STDOUT]: intitialized CarryAnimationMixin.injectCarryAnimation: net.minecraft.client.renderer.entity.state.ZombieRenderState@5a5368ed
[14:30:14] [Render thread/INFO] (Minecraft) [STDOUT]: intitialized CarryAnimationMixin.injectCarryAnimation: net.minecraft.client.renderer.entity.state.ZombieRenderState@3df7fd64
[14:30:14] [Render thread/INFO] (Minecraft) [STDOUT]: intitialized CarryAnimationMixin.injectCarryAnimation: net.minecraft.client.renderer.entity.state.ZombieRenderState@3df7fd64
[14:30:14] [Render thread/INFO] (Minecraft) [STDOUT]: intitialized CarryAnimationMixin.injectCarryAnimation: net.minecraft.client.renderer.entity.state.ZombieRenderState@77bb90fc
[14:30:14] [Render thread/INFO] (Minecraft) [STDOUT]: intitialized CarryAnimationMixin.injectCarryAnimation: net.minecraft.client.renderer.entity.state.ZombieRenderState@77bb90fc
[14:30:15] [Render thread/INFO] (Minecraft) [STDOUT]: intitialized CarryAnimationMixin.injectCarryAnimation: net.minecraft.client.renderer.entity.state.ZombieRenderState@36d932e9
[14:30:15] [Render thread/INFO] (Minecraft) [STDOUT]: intitialized CarryAnimationMixin.injectCarryAnimation: net.minecraft.client.renderer.entity.state.ZombieRenderState@36d932e9
[14:30:15] [Render thread/INFO] (Minecraft) [STDOUT]: intitialized CarryAnimationMixin.injectCarryAnimation: net.minecraft.client.renderer.entity.state.ZombieRenderState@778c30df
[14:30:15] [Render thread/INFO] (Minecraft) [STDOUT]: intitialized CarryAnimationMixin.injectCarryAnimation: net.minecraft.client.renderer.entity.state.ZombieRenderState@778c30df
[14:30:15] [Render thread/INFO] (Minecraft) [STDOUT]: intitialized CarryAnimationMixin.injectCarryAnimation: net.minecraft.client.renderer.entity.state.ZombieRenderState@7592ef97
[14:30:15] [Render thread/INFO] (Minecraft) [STDOUT]: intitialized CarryAnimationMixin.injectCarryAnimation: net.minecraft.client.renderer.entity.state.ZombieRenderState@7592ef97
[14:30:15] [Render thread/INFO] (Minecraft) [STDOUT]: intitialized CarryAnimationMixin.injectCarryAnimation: net.minecraft.client.renderer.entity.state.ZombieRenderState@37a844cb
[14:30:15] [Render thread/INFO] (Minecraft) [STDOUT]: intitialized CarryAnimationMixin.injectCarryAnimation: net.minecraft.client.renderer.entity.state.ZombieRenderState@37a844cb
[14:30:15] [Render thread/INFO] (Minecraft) [STDOUT]: intitialized CarryAnimationMixin.injectCarryAnimation: net.minecraft.client.renderer.entity.state.ZombieRenderState@5524ebfe
[14:30:15] [Render thread/INFO] (Minecraft) [STDOUT]: intitialized CarryAnimationMixin.injectCarryAnimation: net.minecraft.client.renderer.entity.state.ZombieRenderState@5524ebfe
[14:30:15] [Render thread/INFO] (Minecraft) [STDOUT]: intitialized CarryAnimationMixin.injectCarryAnimation: net.minecraft.client.renderer.entity.state.ZombieRenderState@26bfec06
[14:30:15] [Render thread/INFO] (Minecraft) [STDOUT]: intitialized CarryAnimationMixin.injectCarryAnimation: net.minecraft.client.renderer.entity.state.ZombieRenderState@26bfec06
[14:30:16] [Render thread/INFO] (Minecraft) [STDOUT]: DEBUG: เจอแล้ว! GLFW บอกว่าพี่ปอกดคลิกขวาอยู่จ้าาา!
[14:30:16] [Render thread/INFO] (Minecraft) [System] [CHAT] พี่ปออุ้ม Librarian เข้ากระเป๋าแล้วจ้า!
[14:30:16] [Render thread/INFO] (Minecraft) [System] [CHAT] GrapAndGo: Received Entity ID 2
[14:30:16] [Render thread/INFO] (Minecraft) [STDOUT]: DEBUG: เจอแล้ว! GLFW บอกว่าพี่ปอกดคลิกขวาอยู่จ้าาา!
[14:30:16] [Render thread/INFO] (Minecraft) [STDOUT]: DEBUG: เจอแล้ว! GLFW บอกว่าพี่ปอกดคลิกขวาอยู่จ้าาา!
[14:30:16] [Render thread/INFO] (Minecraft) [System] [CHAT] พี่ปอวาง Librarian ลงพื้นแล้วค่ะ!
[14:30:16] [Render thread/INFO] (Minecraft) [System] [CHAT] GrapAndGo: Received Entity ID -1
[14:30:16] [Render thread/INFO] (Minecraft) [STDOUT]: DEBUG: เจอแล้ว! GLFW บอกว่าพี่ปอกดคลิกขวาอยู่จ้าาา!
[14:30:20] [Server thread/INFO] (Minecraft) Saving and pausing game...
[14:30:20] [Server thread/INFO] (Minecraft) Saving chunks for level 'ServerLevel[New World]'/minecraft:overworld
[14:30:20] [Server thread/INFO] (Minecraft) Saving chunks for level 'ServerLevel[New World]'/minecraft:the_end
[14:30:20] [Server thread/INFO] (Minecraft) Saving chunks for level 'ServerLevel[New World]'/minecraft:the_nether
[14:30:21] [Server thread/INFO] (Minecraft) Stopping server
[14:30:21] [Server thread/INFO] (Minecraft) Saving players
[14:30:21] [Server thread/INFO] (Minecraft) Player560 lost connection: Disconnected
[14:30:21] [Server thread/INFO] (Minecraft) Player560 left the game
[14:30:21] [Server thread/INFO] (Minecraft) Stopping singleplayer server as player logged out
[14:30:21] [Server thread/INFO] (Minecraft) Saving worlds
[14:30:21] [Server thread/INFO] (Minecraft) Saving chunks for level 'ServerLevel[New World]'/minecraft:overworld
[14:30:21] [Server thread/INFO] (Minecraft) Saving chunks for level 'ServerLevel[New World]'/minecraft:the_end
[14:30:21] [Server thread/INFO] (Minecraft) Saving chunks for level 'ServerLevel[New World]'/minecraft:the_nether
[14:30:21] [Server thread/INFO] (Minecraft) ThreadedAnvilChunkStorage (world): All chunks are saved
[14:30:21] [Server thread/INFO] (Minecraft) ThreadedAnvilChunkStorage (DIM1): All chunks are saved
[14:30:21] [Server thread/INFO] (Minecraft) ThreadedAnvilChunkStorage (DIM-1): All chunks are saved
[14:30:21] [Server thread/INFO] (Minecraft) ThreadedAnvilChunkStorage: All dimensions are saved
[14:30:22] [Render thread/INFO] (Minecraft) Stopping!
